{
"type": "FeatureCollection",
"name": "tula_region_towns",
"crs": { "type": "name", "properties": { "name": "urn:ogc:def:crs:OGC:1.3:CRS84" } },
"features": [
{ "type": "Feature", "properties": { "name": "Большие Плоты", "is_admin_centre_district": false }, "geometry": { "type": "Point", "coordinates": [ 38.1871261, 53.3027095 ] } },
{ "type": "Feature", "properties": { "name": "Буреломы", "is_admin_centre_district": false }, "geometry": { "type": "Point", "coordinates": [ 38.1641198, 53.2474503 ] } },
{ "type": "Feature", "properties": { "name": "Ефремов", "is_admin_centre_district": true }, "geometry": { "type": "Point", "coordinates": [ 38.116188, 53.141834 ] } },
{ "type": "Feature", "properties": { "name": "Иноземка", "is_admin_centre_district": false }, "geometry": { "type": "Point", "coordinates": [ 38.1192815, 53.1119463 ] } },
{ "type": "Feature", "properties": { "name": "Дубики", "is_admin_centre_district": false }, "geometry": { "type": "Point", "coordinates": [ 38.0658999, 53.1005001 ] } },
{ "type": "Feature", "properties": { "name": "Лобаново", "is_admin_centre_district": false }, "geometry": { "type": "Point", "coordinates": [ 38.1960306, 53.0588586 ] } },
{ "type": "Feature", "properties": { "name": "Чернятино", "is_admin_centre_district": false }, "geometry": { "type": "Point", "coordinates": [ 38.1583371, 53.1633958 ] } },
{ "type": "Feature", "properties": { "name": "Покровка", "is_admin_centre_district": false }, "geometry": { "type": "Point", "coordinates": [ 38.1587951, 53.1541401 ] } },
{ "type": "Feature", "properties": { "name": "Пушкари", "is_admin_centre_district": false }, "geometry": { "type": "Point", "coordinates": [ 38.1602215, 53.1170137 ] } },
{ "type": "Feature", "properties": { "name": "Платоновка", "is_admin_centre_district": false }, "geometry": { "type": "Point", "coordinates": [ 38.197948, 53.044521 ] } },
{ "type": "Feature", "properties": { "name": "Кадное", "is_admin_centre_district": false }, "geometry": { "type": "Point", "coordinates": [ 37.9236149, 53.3054214 ] } },
{ "type": "Feature", "properties": { "name": "Большие Медведки", "is_admin_centre_district": false }, "geometry": { "type": "Point", "coordinates": [ 37.971997, 53.2406507 ] } },
{ "type": "Feature", "properties": { "name": "Ереминка", "is_admin_centre_district": false }, "geometry": { "type": "Point", "coordinates": [ 37.9332589, 53.301533 ] } },
{ "type": "Feature", "properties": { "name": "Яблонево", "is_admin_centre_district": false }, "geometry": { "type": "Point", "coordinates": [ 37.9067905, 53.2267225 ] } },
{ "type": "Feature", "properties": { "name": "Вознесенский", "is_admin_centre_district": false }, "geometry": { "type": "Point", "coordinates": [ 37.7760458, 53.1030362 ] } },
{ "type": "Feature", "properties": { "name": "Ясеновая", "is_admin_centre_district": false }, "geometry": { "type": "Point", "coordinates": [ 38.0329663, 53.1541906 ] } },
{ "type": "Feature", "properties": { "name": "Богово", "is_admin_centre_district": false }, "geometry": { "type": "Point", "coordinates": [ 38.10487, 53.124638 ] } },
{ "type": "Feature", "properties": { "name": "Совхозный", "is_admin_centre_district": false }, "geometry": { "type": "Point", "coordinates": [ 38.0899152, 53.1113184 ] } },
{ "type": "Feature", "properties": { "name": "Красивый", "is_admin_centre_district": false }, "geometry": { "type": "Point", "coordinates": [ 38.0375945, 53.0899718 ] } },
{ "type": "Feature", "properties": { "name": "Медовая", "is_admin_centre_district": false }, "geometry": { "type": "Point", "coordinates": [ 38.0143129, 53.1122728 ] } },
{ "type": "Feature", "properties": { "name": "Коммунаров", "is_admin_centre_district": false }, "geometry": { "type": "Point", "coordinates": [ 38.2305327, 53.0646757 ] } },
{ "type": "Feature", "properties": { "name": "Никифоровский", "is_admin_centre_district": false }, "geometry": { "type": "Point", "coordinates": [ 38.3211742, 53.0686373 ] } },
{ "type": "Feature", "properties": { "name": "Луговка", "is_admin_centre_district": false }, "geometry": { "type": "Point", "coordinates": [ 38.2530418, 53.0346128 ] } },
{ "type": "Feature", "properties": { "name": "Сретенка", "is_admin_centre_district": false }, "geometry": { "type": "Point", "coordinates": [ 38.2441319, 53.0444628 ] } },
{ "type": "Feature", "properties": { "name": "Прудки", "is_admin_centre_district": false }, "geometry": { "type": "Point", "coordinates": [ 38.2617343, 53.0258977 ] } },
{ "type": "Feature", "properties": { "name": "Михайловский", "is_admin_centre_district": false }, "geometry": { "type": "Point", "coordinates": [ 38.2225773, 53.0712778 ] } },
{ "type": "Feature", "properties": { "name": "Щербачёвка", "is_admin_centre_district": false }, "geometry": { "type": "Point", "coordinates": [ 38.2390085, 53.0537498 ] } },
{ "type": "Feature", "properties": { "name": "Ярославка", "is_admin_centre_district": false }, "geometry": { "type": "Point", "coordinates": [ 38.3010072, 53.0654191 ] } },
{ "type": "Feature", "properties": { "name": "Успенский", "is_admin_centre_district": false }, "geometry": { "type": "Point", "coordinates": [ 38.2490765, 53.0637976 ] } },
{ "type": "Feature", "properties": { "name": "Николаевка", "is_admin_centre_district": false }, "geometry": { "type": "Point", "coordinates": [ 38.3254378, 52.9916709 ] } },
{ "type": "Feature", "properties": { "name": "Благодать", "is_admin_centre_district": false }, "geometry": { "type": "Point", "coordinates": [ 38.2697477, 53.1643928 ] } },
{ "type": "Feature", "properties": { "name": "Новый Двор", "is_admin_centre_district": false }, "geometry": { "type": "Point", "coordinates": [ 38.3294912, 53.0970029 ] } },
{ "type": "Feature", "properties": { "name": "Двенадцатый Октябрь", "is_admin_centre_district": false }, "geometry": { "type": "Point", "coordinates": [ 38.2612397, 53.1159757 ] } },
{ "type": "Feature", "properties": { "name": "Банное", "is_admin_centre_district": false }, "geometry": { "type": "Point", "coordinates": [ 38.2985149, 53.1148996 ] } },
{ "type": "Feature", "properties": { "name": "Восточный", "is_admin_centre_district": false }, "geometry": { "type": "Point", "coordinates": [ 38.2322835, 53.1243887 ] } },
{ "type": "Feature", "properties": { "name": "Анненка", "is_admin_centre_district": false }, "geometry": { "type": "Point", "coordinates": [ 38.3350767, 53.0406026 ] } },
{ "type": "Feature", "properties": { "name": "Кытино", "is_admin_centre_district": false }, "geometry": { "type": "Point", "coordinates": [ 38.3182442, 53.1656245 ] } },
{ "type": "Feature", "properties": { "name": "Тормасово", "is_admin_centre_district": false }, "geometry": { "type": "Point", "coordinates": [ 38.3196196, 53.2641783 ] } },
{ "type": "Feature", "properties": { "name": "Мирный", "is_admin_centre_district": false }, "geometry": { "type": "Point", "coordinates": [ 38.2407197, 53.2948287 ] } },
{ "type": "Feature", "properties": { "name": "Сторожа", "is_admin_centre_district": false }, "geometry": { "type": "Point", "coordinates": [ 38.3310286, 53.2333261 ] } },
{ "type": "Feature", "properties": { "name": "Овсянниково", "is_admin_centre_district": false }, "geometry": { "type": "Point", "coordinates": [ 38.2523348, 53.2253559 ] } },
{ "type": "Feature", "properties": { "name": "Голубочки", "is_admin_centre_district": false }, "geometry": { "type": "Point", "coordinates": [ 38.2762772, 53.2146705 ] } },
{ "type": "Feature", "properties": { "name": "Новокрасивое", "is_admin_centre_district": false }, "geometry": { "type": "Point", "coordinates": [ 38.2008038, 53.1721973 ] } },
{ "type": "Feature", "properties": { "name": "Поддолгое", "is_admin_centre_district": false }, "geometry": { "type": "Point", "coordinates": [ 38.0658247, 53.2074229 ] } },
{ "type": "Feature", "properties": { "name": "Красная Заря", "is_admin_centre_district": false }, "geometry": { "type": "Point", "coordinates": [ 38.2367179, 53.1630034 ] } },
{ "type": "Feature", "properties": { "name": "Каменский", "is_admin_centre_district": false }, "geometry": { "type": "Point", "coordinates": [ 38.1162073, 53.2109698 ] } },
{ "type": "Feature", "properties": { "name": "Красина", "is_admin_centre_district": false }, "geometry": { "type": "Point", "coordinates": [ 38.1952617, 53.1572242 ] } },
{ "type": "Feature", "properties": { "name": "Павлов Хутор", "is_admin_centre_district": false }, "geometry": { "type": "Point", "coordinates": [ 38.2787213, 53.316585 ] } },
{ "type": "Feature", "properties": { "name": "Сергиевка", "is_admin_centre_district": false }, "geometry": { "type": "Point", "coordinates": [ 38.075158, 53.3270475 ] } },
{ "type": "Feature", "properties": { "name": "Кременный", "is_admin_centre_district": false }, "geometry": { "type": "Point", "coordinates": [ 38.0974096, 53.3175745 ] } },
{ "type": "Feature", "properties": { "name": "Сафоновка", "is_admin_centre_district": false }, "geometry": { "type": "Point", "coordinates": [ 38.1464404, 53.3142813 ] } },
{ "type": "Feature", "properties": { "name": "Земледелец", "is_admin_centre_district": false }, "geometry": { "type": "Point", "coordinates": [ 38.1077523, 53.3055555 ] } },
{ "type": "Feature", "properties": { "name": "Колодези", "is_admin_centre_district": false }, "geometry": { "type": "Point", "coordinates": [ 38.0767673, 53.3074211 ] } },
{ "type": "Feature", "properties": { "name": "Андреевка", "is_admin_centre_district": false }, "geometry": { "type": "Point", "coordinates": [ 38.0881614, 53.2812715 ] } },
{ "type": "Feature", "properties": { "name": "Круглики", "is_admin_centre_district": false }, "geometry": { "type": "Point", "coordinates": [ 38.1468582, 53.0587949 ] } },
{ "type": "Feature", "properties": { "name": "Шкилевка", "is_admin_centre_district": false }, "geometry": { "type": "Point", "coordinates": [ 38.0771818, 53.0603143 ] } },
{ "type": "Feature", "properties": { "name": "Прилепы", "is_admin_centre_district": false }, "geometry": { "type": "Point", "coordinates": [ 38.0671825, 53.0707584 ] } },
{ "type": "Feature", "properties": { "name": "Кислинка", "is_admin_centre_district": false }, "geometry": { "type": "Point", "coordinates": [ 38.0213419, 53.0714945 ] } },
{ "type": "Feature", "properties": { "name": "Никольское", "is_admin_centre_district": false }, "geometry": { "type": "Point", "coordinates": [ 38.0223701, 53.0648076 ] } },
{ "type": "Feature", "properties": { "name": "Ушаково", "is_admin_centre_district": false }, "geometry": { "type": "Point", "coordinates": [ 38.0324123, 53.0651686 ] } },
{ "type": "Feature", "properties": { "name": "Раздолье", "is_admin_centre_district": false }, "geometry": { "type": "Point", "coordinates": [ 38.3097544, 53.1989634 ] } },
{ "type": "Feature", "properties": { "name": "Фёдоровка", "is_admin_centre_district": false }, "geometry": { "type": "Point", "coordinates": [ 38.3404807, 53.1876395 ] } },
{ "type": "Feature", "properties": { "name": "Залесское", "is_admin_centre_district": false }, "geometry": { "type": "Point", "coordinates": [ 38.1656191, 53.262992 ] } },
{ "type": "Feature", "properties": { "name": "Заречье", "is_admin_centre_district": false }, "geometry": { "type": "Point", "coordinates": [ 38.137134, 53.1641469 ] } },
{ "type": "Feature", "properties": { "name": "Новозагаличное", "is_admin_centre_district": false }, "geometry": { "type": "Point", "coordinates": [ 37.8361644, 53.1334728 ] } },
{ "type": "Feature", "properties": { "name": "Стрельцы", "is_admin_centre_district": false }, "geometry": { "type": "Point", "coordinates": [ 38.1507816, 53.1306661 ] } },
{ "type": "Feature", "properties": { "name": "Кукуй", "is_admin_centre_district": false }, "geometry": { "type": "Point", "coordinates": [ 37.9351348, 53.0902253 ] } },
{ "type": "Feature", "properties": { "name": "Кочкино", "is_admin_centre_district": false }, "geometry": { "type": "Point", "coordinates": [ 37.8915719, 53.0563859 ] } },
{ "type": "Feature", "properties": { "name": "Степной", "is_admin_centre_district": false }, "geometry": { "type": "Point", "coordinates": [ 38.0147577, 53.2921165 ] } },
{ "type": "Feature", "properties": { "name": "Пожилино", "is_admin_centre_district": false }, "geometry": { "type": "Point", "coordinates": [ 37.964462, 53.118652 ] } },
{ "type": "Feature", "properties": { "name": "Северная Звезда", "is_admin_centre_district": false }, "geometry": { "type": "Point", "coordinates": [ 38.1507439, 53.2153788 ] } },
{ "type": "Feature", "properties": { "name": "Лёвшино", "is_admin_centre_district": false }, "geometry": { "type": "Point", "coordinates": [ 37.9933212, 53.1702948 ] } },
{ "type": "Feature", "properties": { "name": "Большая Корчажка", "is_admin_centre_district": false }, "geometry": { "type": "Point", "coordinates": [ 37.9287602, 53.1721286 ] } },
{ "type": "Feature", "properties": { "name": "Закопы", "is_admin_centre_district": false }, "geometry": { "type": "Point", "coordinates": [ 37.9234619, 53.201877 ] } },
{ "type": "Feature", "properties": { "name": "Круглое", "is_admin_centre_district": false }, "geometry": { "type": "Point", "coordinates": [ 37.9458085, 53.155504 ] } },
{ "type": "Feature", "properties": { "name": "Болоховское", "is_admin_centre_district": false }, "geometry": { "type": "Point", "coordinates": [ 37.9589686, 53.2473834 ] } },
{ "type": "Feature", "properties": { "name": "Баташовка", "is_admin_centre_district": false }, "geometry": { "type": "Point", "coordinates": [ 37.9290591, 53.3209171 ] } },
{ "type": "Feature", "properties": { "name": "Филоновка", "is_admin_centre_district": false }, "geometry": { "type": "Point", "coordinates": [ 37.9082808, 53.320509 ] } },
{ "type": "Feature", "properties": { "name": "Фроловка", "is_admin_centre_district": false }, "geometry": { "type": "Point", "coordinates": [ 37.9105111, 53.3040288 ] } },
{ "type": "Feature", "properties": { "name": "Малая Хмелевая", "is_admin_centre_district": false }, "geometry": { "type": "Point", "coordinates": [ 38.0077163, 53.2058954 ] } },
{ "type": "Feature", "properties": { "name": "Разнотоповка", "is_admin_centre_district": false }, "geometry": { "type": "Point", "coordinates": [ 38.3247278, 53.2722012 ] } },
{ "type": "Feature", "properties": { "name": "Черкассы", "is_admin_centre_district": false }, "geometry": { "type": "Point", "coordinates": [ 37.8991533, 53.1840149 ] } },
{ "type": "Feature", "properties": { "name": "Галица", "is_admin_centre_district": false }, "geometry": { "type": "Point", "coordinates": [ 37.8526731, 53.1290192 ] } },
{ "type": "Feature", "properties": { "name": "Богословка", "is_admin_centre_district": false }, "geometry": { "type": "Point", "coordinates": [ 37.7801322, 53.261481 ] } },
{ "type": "Feature", "properties": { "name": "Верхний Изрог", "is_admin_centre_district": false }, "geometry": { "type": "Point", "coordinates": [ 37.90227, 53.2649717 ] } },
{ "type": "Feature", "properties": { "name": "Каменское", "is_admin_centre_district": false }, "geometry": { "type": "Point", "coordinates": [ 37.7767378, 53.1793307 ] } },
{ "type": "Feature", "properties": { "name": "Нижний Изрог", "is_admin_centre_district": false }, "geometry": { "type": "Point", "coordinates": [ 37.9037169, 53.250082 ] } },
{ "type": "Feature", "properties": { "name": "Новое Поле", "is_admin_centre_district": false }, "geometry": { "type": "Point", "coordinates": [ 37.8472089, 53.2727296 ] } },
{ "type": "Feature", "properties": { "name": "Новопетровский", "is_admin_centre_district": false }, "geometry": { "type": "Point", "coordinates": [ 37.8077081, 53.2221287 ] } },
{ "type": "Feature", "properties": { "name": "Новосёлки", "is_admin_centre_district": false }, "geometry": { "type": "Point", "coordinates": [ 37.7702528, 53.1485877 ] } },
{ "type": "Feature", "properties": { "name": "Овечьи Воды", "is_admin_centre_district": false }, "geometry": { "type": "Point", "coordinates": [ 37.7525829, 53.2354874 ] } },
{ "type": "Feature", "properties": { "name": "Остриково", "is_admin_centre_district": false }, "geometry": { "type": "Point", "coordinates": [ 37.813623, 53.1933296 ] } },
{ "type": "Feature", "properties": { "name": "Прудцы", "is_admin_centre_district": false }, "geometry": { "type": "Point", "coordinates": [ 37.7884846, 53.2509869 ] } },
{ "type": "Feature", "properties": { "name": "Пушкарское", "is_admin_centre_district": false }, "geometry": { "type": "Point", "coordinates": [ 37.8890835, 53.1669674 ] } },
{ "type": "Feature", "properties": { "name": "Преображенское", "is_admin_centre_district": false }, "geometry": { "type": "Point", "coordinates": [ 37.7820151, 53.1479444 ] } },
{ "type": "Feature", "properties": { "name": "Заречье", "is_admin_centre_district": false }, "geometry": { "type": "Point", "coordinates": [ 37.8477185, 53.1360258 ] } },
{ "type": "Feature", "properties": { "name": "Красные Озерки", "is_admin_centre_district": false }, "geometry": { "type": "Point", "coordinates": [ 37.7786378, 53.2840717 ] } },
{ "type": "Feature", "properties": { "name": "Мостаушка", "is_admin_centre_district": false }, "geometry": { "type": "Point", "coordinates": [ 37.8781181, 53.3036241 ] } },
{ "type": "Feature", "properties": { "name": "Родионовка", "is_admin_centre_district": false }, "geometry": { "type": "Point", "coordinates": [ 37.8962283, 53.2928261 ] } },
{ "type": "Feature", "properties": { "name": "Сапроново", "is_admin_centre_district": false }, "geometry": { "type": "Point", "coordinates": [ 37.8383087, 53.3124386 ] } },
{ "type": "Feature", "properties": { "name": "Титовка", "is_admin_centre_district": false }, "geometry": { "type": "Point", "coordinates": [ 37.9221385, 53.2978888 ] } },
{ "type": "Feature", "properties": { "name": "Непрядва", "is_admin_centre_district": false }, "geometry": { "type": "Point", "coordinates": [ 38.0970581, 53.3201735 ] } },
{ "type": "Feature", "properties": { "name": "Соловьевка", "is_admin_centre_district": false }, "geometry": { "type": "Point", "coordinates": [ 37.8294025, 53.3022392 ] } },
{ "type": "Feature", "properties": { "name": "Луговка", "is_admin_centre_district": false }, "geometry": { "type": "Point", "coordinates": [ 37.851555, 53.3164817 ] } },
{ "type": "Feature", "properties": { "name": "Кухтовка", "is_admin_centre_district": false }, "geometry": { "type": "Point", "coordinates": [ 37.8279945, 53.3050971 ] } },
{ "type": "Feature", "properties": { "name": "Горка", "is_admin_centre_district": false }, "geometry": { "type": "Point", "coordinates": [ 37.8657821, 53.3069497 ] } },
{ "type": "Feature", "properties": { "name": "Воейково", "is_admin_centre_district": false }, "geometry": { "type": "Point", "coordinates": [ 37.9346183, 53.3197437 ] } },
{ "type": "Feature", "properties": { "name": "Ульяновка", "is_admin_centre_district": false }, "geometry": { "type": "Point", "coordinates": [ 37.830661, 53.1401803 ] } },
{ "type": "Feature", "properties": { "name": "Рыбалки", "is_admin_centre_district": false }, "geometry": { "type": "Point", "coordinates": [ 37.889734, 53.2618372 ] } },
{ "type": "Feature", "properties": { "name": "Прекрасный", "is_admin_centre_district": false }, "geometry": { "type": "Point", "coordinates": [ 37.8661305, 53.126618 ] } },
{ "type": "Feature", "properties": { "name": "Емельяновка", "is_admin_centre_district": false }, "geometry": { "type": "Point", "coordinates": [ 37.8400755, 53.1369914 ] } },
{ "type": "Feature", "properties": { "name": "Зареченский", "is_admin_centre_district": false }, "geometry": { "type": "Point", "coordinates": [ 37.90977, 53.2069802 ] } },
{ "type": "Feature", "properties": { "name": "Марковка", "is_admin_centre_district": false }, "geometry": { "type": "Point", "coordinates": [ 37.8474999, 53.1247864 ] } },
{ "type": "Feature", "properties": { "name": "Жохово", "is_admin_centre_district": false }, "geometry": { "type": "Point", "coordinates": [ 37.8407407, 53.128662 ] } },
{ "type": "Feature", "properties": { "name": "Лобаново", "is_admin_centre_district": false }, "geometry": { "type": "Point", "coordinates": [ 38.2392454, 53.0710046 ] } },
{ "type": "Feature", "properties": { "name": "Левшин Лес", "is_admin_centre_district": false }, "geometry": { "type": "Point", "coordinates": [ 38.010056, 53.1550254 ] } },
{ "type": "Feature", "properties": { "name": "Ченское", "is_admin_centre_district": false }, "geometry": { "type": "Point", "coordinates": [ 37.9713464, 53.0842172 ] } },
{ "type": "Feature", "properties": { "name": "Трусово", "is_admin_centre_district": false }, "geometry": { "type": "Point", "coordinates": [ 37.9392671, 53.0954415 ] } },
{ "type": "Feature", "properties": { "name": "Теглево", "is_admin_centre_district": false }, "geometry": { "type": "Point", "coordinates": [ 37.9450822, 53.0845136 ] } },
{ "type": "Feature", "properties": { "name": "Крюково", "is_admin_centre_district": false }, "geometry": { "type": "Point", "coordinates": [ 37.9504037, 53.0852353 ] } },
{ "type": "Feature", "properties": { "name": "Колчи", "is_admin_centre_district": false }, "geometry": { "type": "Point", "coordinates": [ 38.3318386, 53.1572395 ] } },
{ "type": "Feature", "properties": { "name": "Кирилловка", "is_admin_centre_district": false }, "geometry": { "type": "Point", "coordinates": [ 38.0432929, 53.2125062 ] } },
{ "type": "Feature", "properties": { "name": "Каланчиновка", "is_admin_centre_district": false }, "geometry": { "type": "Point", "coordinates": [ 38.169465, 53.1572964 ] } },
{ "type": "Feature", "properties": { "name": "Западная Звезда", "is_admin_centre_district": false }, "geometry": { "type": "Point", "coordinates": [ 38.0308826, 53.1686846 ] } },
{ "type": "Feature", "properties": { "name": "Гремучий", "is_admin_centre_district": false }, "geometry": { "type": "Point", "coordinates": [ 38.1044483, 53.2057241 ] } },
{ "type": "Feature", "properties": { "name": "Кочкинские Выселки", "is_admin_centre_district": false }, "geometry": { "type": "Point", "coordinates": [ 37.8991413, 53.0701666 ] } },
{ "type": "Feature", "properties": { "name": "Новое Глотово", "is_admin_centre_district": false }, "geometry": { "type": "Point", "coordinates": [ 37.8818035, 53.0560211 ] } },
{ "type": "Feature", "properties": { "name": "Домашнево", "is_admin_centre_district": false }, "geometry": { "type": "Point", "coordinates": [ 37.8864812, 53.0456767 ] } },
{ "type": "Feature", "properties": { "name": "Михнево", "is_admin_centre_district": false }, "geometry": { "type": "Point", "coordinates": [ 37.868371, 53.0454187 ] } },
{ "type": "Feature", "properties": { "name": "Горяиново", "is_admin_centre_district": false }, "geometry": { "type": "Point", "coordinates": [ 37.8535867, 53.0483339 ] } },
{ "type": "Feature", "properties": { "name": "Воронское", "is_admin_centre_district": false }, "geometry": { "type": "Point", "coordinates": [ 38.1094694, 53.102927 ] } },
{ "type": "Feature", "properties": { "name": "Вторые Пожилинские Выселки", "is_admin_centre_district": false }, "geometry": { "type": "Point", "coordinates": [ 37.943666, 53.144724 ] } },
{ "type": "Feature", "properties": { "name": "Варламовка", "is_admin_centre_district": false }, "geometry": { "type": "Point", "coordinates": [ 37.9553818, 53.1512487 ] } },
{ "type": "Feature", "properties": { "name": "Береговские Выселки", "is_admin_centre_district": false }, "geometry": { "type": "Point", "coordinates": [ 37.9320359, 53.15839 ] } },
{ "type": "Feature", "properties": { "name": "Белевка", "is_admin_centre_district": false }, "geometry": { "type": "Point", "coordinates": [ 37.9533863, 53.2440058 ] } },
{ "type": "Feature", "properties": { "name": "Мосоловский", "is_admin_centre_district": false }, "geometry": { "type": "Point", "coordinates": [ 38.2216716, 53.2247408 ] } },
{ "type": "Feature", "properties": { "name": "Мичурина", "is_admin_centre_district": false }, "geometry": { "type": "Point", "coordinates": [ 38.0059683, 53.1783086 ] } },
{ "type": "Feature", "properties": { "name": "Машаровка", "is_admin_centre_district": false }, "geometry": { "type": "Point", "coordinates": [ 37.9894352, 53.2077675 ] } },
{ "type": "Feature", "properties": { "name": "Малые Медведки", "is_admin_centre_district": false }, "geometry": { "type": "Point", "coordinates": [ 37.9637933, 53.2372768 ] } },
{ "type": "Feature", "properties": { "name": "Малая Корчажка", "is_admin_centre_district": false }, "geometry": { "type": "Point", "coordinates": [ 37.9772043, 53.1711578 ] } },
{ "type": "Feature", "properties": { "name": "Новое Перевесово", "is_admin_centre_district": false }, "geometry": { "type": "Point", "coordinates": [ 38.0291748, 53.2465481 ] } },
{ "type": "Feature", "properties": { "name": "Хмелевое", "is_admin_centre_district": false }, "geometry": { "type": "Point", "coordinates": [ 38.0128999, 53.194682 ] } },
{ "type": "Feature", "properties": { "name": "Сухая Меча", "is_admin_centre_district": false }, "geometry": { "type": "Point", "coordinates": [ 38.2047954, 53.1673654 ] } },
{ "type": "Feature", "properties": { "name": "Старое Перевесово", "is_admin_centre_district": false }, "geometry": { "type": "Point", "coordinates": [ 37.9937696, 53.2261538 ] } },
{ "type": "Feature", "properties": { "name": "Серп и Молот", "is_admin_centre_district": false }, "geometry": { "type": "Point", "coordinates": [ 38.0657816, 53.1406182 ] } },
{ "type": "Feature", "properties": { "name": "Рогачёвка", "is_admin_centre_district": false }, "geometry": { "type": "Point", "coordinates": [ 38.2013726, 53.0583812 ] } },
{ "type": "Feature", "properties": { "name": "Раздолье", "is_admin_centre_district": false }, "geometry": { "type": "Point", "coordinates": [ 38.0450749, 53.2925023 ] } },
{ "type": "Feature", "properties": { "name": "Первые Пожилинские Выселки", "is_admin_centre_district": false }, "geometry": { "type": "Point", "coordinates": [ 37.9039478, 53.1103597 ] } },
{ "type": "Feature", "properties": { "name": "Кузовка", "is_admin_centre_district": false }, "geometry": { "type": "Point", "coordinates": [ 38.113857, 53.646637 ] } },
{ "type": "Feature", "properties": { "name": "Товарковский", "is_admin_centre_district": false }, "geometry": { "type": "Point", "coordinates": [ 38.218909, 53.6771876 ] } },
{ "type": "Feature", "properties": { "name": "Волово", "is_admin_centre_district": true }, "geometry": { "type": "Point", "coordinates": [ 38.006, 53.5548 ] } },
{ "type": "Feature", "properties": { "name": "Малевка", "is_admin_centre_district": false }, "geometry": { "type": "Point", "coordinates": [ 38.2684, 53.6064 ] } },
{ "type": "Feature", "properties": { "name": "Никитское", "is_admin_centre_district": false }, "geometry": { "type": "Point", "coordinates": [ 38.1566226, 53.5453053 ] } },
{ "type": "Feature", "properties": { "name": "Борятино", "is_admin_centre_district": false }, "geometry": { "type": "Point", "coordinates": [ 38.1582829, 53.4064853 ] } },
{ "type": "Feature", "properties": { "name": "Алексеевка", "is_admin_centre_district": false }, "geometry": { "type": "Point", "coordinates": [ 38.0960479, 53.5919445 ] } },
{ "type": "Feature", "properties": { "name": "Красавка", "is_admin_centre_district": false }, "geometry": { "type": "Point", "coordinates": [ 38.1864798, 53.3583815 ] } },
{ "type": "Feature", "properties": { "name": "Любимовка", "is_admin_centre_district": false }, "geometry": { "type": "Point", "coordinates": [ 38.2498828, 53.4630859 ] } },
{ "type": "Feature", "properties": { "name": "Новгородское", "is_admin_centre_district": false }, "geometry": { "type": "Point", "coordinates": [ 38.2933835, 53.5003596 ] } },
{ "type": "Feature", "properties": { "name": "Кресты", "is_admin_centre_district": false }, "geometry": { "type": "Point", "coordinates": [ 37.8719387, 53.3576788 ] } },
{ "type": "Feature", "properties": { "name": "Малое Красное", "is_admin_centre_district": false }, "geometry": { "type": "Point", "coordinates": [ 37.8579177, 53.3675065 ] } },
{ "type": "Feature", "properties": { "name": "Ивановские Дворики", "is_admin_centre_district": false }, "geometry": { "type": "Point", "coordinates": [ 37.7993999, 53.4279433 ] } },
{ "type": "Feature", "properties": { "name": "Полунинка", "is_admin_centre_district": false }, "geometry": { "type": "Point", "coordinates": [ 37.7713403, 53.4403499 ] } },
{ "type": "Feature", "properties": { "name": "Турдей", "is_admin_centre_district": false }, "geometry": { "type": "Point", "coordinates": [ 37.999561, 53.359905 ] } },
{ "type": "Feature", "properties": { "name": "Ознобищено", "is_admin_centre_district": false }, "geometry": { "type": "Point", "coordinates": [ 37.8032524, 53.3661815 ] } },
{ "type": "Feature", "properties": { "name": "Мосоловка", "is_admin_centre_district": false }, "geometry": { "type": "Point", "coordinates": [ 37.8250293, 53.3348462 ] } },
{ "type": "Feature", "properties": { "name": "Ситово", "is_admin_centre_district": false }, "geometry": { "type": "Point", "coordinates": [ 37.8241757, 53.3392029 ] } },
{ "type": "Feature", "properties": { "name": "Гусиновка", "is_admin_centre_district": false }, "geometry": { "type": "Point", "coordinates": [ 37.8157689, 53.3500257 ] } },
{ "type": "Feature", "properties": { "name": "Становая", "is_admin_centre_district": false }, "geometry": { "type": "Point", "coordinates": [ 37.9775768, 53.5015601 ] } },
{ "type": "Feature", "properties": { "name": "Баскаково", "is_admin_centre_district": false }, "geometry": { "type": "Point", "coordinates": [ 37.9222614, 53.4705271 ] } },
{ "type": "Feature", "properties": { "name": "Крюковка", "is_admin_centre_district": false }, "geometry": { "type": "Point", "coordinates": [ 37.8416589, 53.4784555 ] } },
{ "type": "Feature", "properties": { "name": "Селиверстово", "is_admin_centre_district": false }, "geometry": { "type": "Point", "coordinates": [ 37.7641822, 53.4700229 ] } },
{ "type": "Feature", "properties": { "name": "Дворики", "is_admin_centre_district": false }, "geometry": { "type": "Point", "coordinates": [ 38.2075963, 53.487041 ] } },
{ "type": "Feature", "properties": { "name": "Сухие Плоты", "is_admin_centre_district": false }, "geometry": { "type": "Point", "coordinates": [ 38.1490466, 53.4517461 ] } },
{ "type": "Feature", "properties": { "name": "Павловка", "is_admin_centre_district": false }, "geometry": { "type": "Point", "coordinates": [ 38.2276578, 53.6931153 ] } },
{ "type": "Feature", "properties": { "name": "Моховое", "is_admin_centre_district": false }, "geometry": { "type": "Point", "coordinates": [ 38.2454032, 53.6759215 ] } },
{ "type": "Feature", "properties": { "name": "Товарково", "is_admin_centre_district": false }, "geometry": { "type": "Point", "coordinates": [ 38.1555601, 53.7044215 ] } },
{ "type": "Feature", "properties": { "name": "Ломовка", "is_admin_centre_district": false }, "geometry": { "type": "Point", "coordinates": [ 38.077606, 53.703823 ] } },
{ "type": "Feature", "properties": { "name": "Непрядва", "is_admin_centre_district": false }, "geometry": { "type": "Point", "coordinates": [ 38.2936819, 53.5410443 ] } },
{ "type": "Feature", "properties": { "name": "Пруды", "is_admin_centre_district": false }, "geometry": { "type": "Point", "coordinates": [ 38.2791459, 53.5394255 ] } },
{ "type": "Feature", "properties": { "name": "Заречная", "is_admin_centre_district": false }, "geometry": { "type": "Point", "coordinates": [ 38.1566123, 53.5535964 ] } },
{ "type": "Feature", "properties": { "name": "Турдей", "is_admin_centre_district": false }, "geometry": { "type": "Point", "coordinates": [ 38.2299087, 53.4499961 ] } },
{ "type": "Feature", "properties": { "name": "Красный Холм", "is_admin_centre_district": false }, "geometry": { "type": "Point", "coordinates": [ 38.1277106, 53.5808766 ] } },
{ "type": "Feature", "properties": { "name": "Глинки", "is_admin_centre_district": false }, "geometry": { "type": "Point", "coordinates": [ 38.3015007, 53.3398701 ] } },
{ "type": "Feature", "properties": { "name": "Пронищево", "is_admin_centre_district": false }, "geometry": { "type": "Point", "coordinates": [ 38.3485939, 53.3514772 ] } },
{ "type": "Feature", "properties": { "name": "Моховое", "is_admin_centre_district": false }, "geometry": { "type": "Point", "coordinates": [ 38.2976534, 53.4074084 ] } },
{ "type": "Feature", "properties": { "name": "Казинка", "is_admin_centre_district": false }, "geometry": { "type": "Point", "coordinates": [ 38.34683, 53.4234918 ] } },
{ "type": "Feature", "properties": { "name": "Малая Шишовка", "is_admin_centre_district": false }, "geometry": { "type": "Point", "coordinates": [ 38.1302613, 53.5517225 ] } },
{ "type": "Feature", "properties": { "name": "Большая Шишовка", "is_admin_centre_district": false }, "geometry": { "type": "Point", "coordinates": [ 38.1360447, 53.5587964 ] } },
{ "type": "Feature", "properties": { "name": "Малая Александровка", "is_admin_centre_district": false }, "geometry": { "type": "Point", "coordinates": [ 38.1813241, 53.5005386 ] } },
{ "type": "Feature", "properties": { "name": "Куприн", "is_admin_centre_district": false }, "geometry": { "type": "Point", "coordinates": [ 38.1994387, 53.5103499 ] } },
{ "type": "Feature", "properties": { "name": "Белоглинка", "is_admin_centre_district": false }, "geometry": { "type": "Point", "coordinates": [ 38.1953639, 53.4834533 ] } },
{ "type": "Feature", "properties": { "name": "Малые Плотики", "is_admin_centre_district": false }, "geometry": { "type": "Point", "coordinates": [ 38.2045886, 53.3959137 ] } },
{ "type": "Feature", "properties": { "name": "Лидинка", "is_admin_centre_district": false }, "geometry": { "type": "Point", "coordinates": [ 38.2099959, 53.4074786 ] } },
{ "type": "Feature", "properties": { "name": "Дадановка", "is_admin_centre_district": false }, "geometry": { "type": "Point", "coordinates": [ 38.1480712, 53.3814518 ] } },
{ "type": "Feature", "properties": { "name": "Табаровка", "is_admin_centre_district": false }, "geometry": { "type": "Point", "coordinates": [ 38.0922598, 53.386097 ] } },
{ "type": "Feature", "properties": { "name": "Каменка", "is_admin_centre_district": false }, "geometry": { "type": "Point", "coordinates": [ 38.1042546, 53.3510807 ] } },
{ "type": "Feature", "properties": { "name": "Горный", "is_admin_centre_district": false }, "geometry": { "type": "Point", "coordinates": [ 38.0872537, 53.3930629 ] } },
{ "type": "Feature", "properties": { "name": "Калиновка", "is_admin_centre_district": false }, "geometry": { "type": "Point", "coordinates": [ 38.0745572, 53.3825774 ] } },
{ "type": "Feature", "properties": { "name": "Казачка", "is_admin_centre_district": false }, "geometry": { "type": "Point", "coordinates": [ 38.069279, 53.364273 ] } },
{ "type": "Feature", "properties": { "name": "Письменка", "is_admin_centre_district": false }, "geometry": { "type": "Point", "coordinates": [ 38.09771, 53.3892451 ] } },
{ "type": "Feature", "properties": { "name": "Лутово", "is_admin_centre_district": false }, "geometry": { "type": "Point", "coordinates": [ 38.0909723, 53.3991871 ] } },
{ "type": "Feature", "properties": { "name": "Каменский", "is_admin_centre_district": false }, "geometry": { "type": "Point", "coordinates": [ 38.083548, 53.3439074 ] } },
{ "type": "Feature", "properties": { "name": "Екатериновка", "is_admin_centre_district": false }, "geometry": { "type": "Point", "coordinates": [ 38.1353039, 53.3287378 ] } },
{ "type": "Feature", "properties": { "name": "Сахаровка", "is_admin_centre_district": false }, "geometry": { "type": "Point", "coordinates": [ 38.1137586, 53.4500355 ] } },
{ "type": "Feature", "properties": { "name": "Заповедное", "is_admin_centre_district": false }, "geometry": { "type": "Point", "coordinates": [ 38.156601, 53.4304849 ] } },
{ "type": "Feature", "properties": { "name": "Белоусовка", "is_admin_centre_district": false }, "geometry": { "type": "Point", "coordinates": [ 38.0614491, 53.545203 ] } },
{ "type": "Feature", "properties": { "name": "Ленинка", "is_admin_centre_district": false }, "geometry": { "type": "Point", "coordinates": [ 38.0630799, 53.5389295 ] } },
{ "type": "Feature", "properties": { "name": "Осиново", "is_admin_centre_district": false }, "geometry": { "type": "Point", "coordinates": [ 38.0613204, 53.5231909 ] } },
{ "type": "Feature", "properties": { "name": "Мшищи", "is_admin_centre_district": false }, "geometry": { "type": "Point", "coordinates": [ 37.984881, 53.6797095 ] } },
{ "type": "Feature", "properties": { "name": "Щегловка", "is_admin_centre_district": false }, "geometry": { "type": "Point", "coordinates": [ 37.9507204, 53.6796586 ] } },
{ "type": "Feature", "properties": { "name": "Медведев", "is_admin_centre_district": false }, "geometry": { "type": "Point", "coordinates": [ 38.1223196, 53.4984575 ] } },
{ "type": "Feature", "properties": { "name": "Александровка", "is_admin_centre_district": false }, "geometry": { "type": "Point", "coordinates": [ 38.1088871, 53.4861002 ] } },
{ "type": "Feature", "properties": { "name": "Ольгинка", "is_admin_centre_district": false }, "geometry": { "type": "Point", "coordinates": [ 38.0247686, 53.5999538 ] } },
{ "type": "Feature", "properties": { "name": "Александровка", "is_admin_centre_district": false }, "geometry": { "type": "Point", "coordinates": [ 37.7485976, 53.6053461 ] } },
{ "type": "Feature", "properties": { "name": "Ломовский", "is_admin_centre_district": false }, "geometry": { "type": "Point", "coordinates": [ 37.743244, 53.6226641 ] } },
{ "type": "Feature", "properties": { "name": "Щелкуновка", "is_admin_centre_district": false }, "geometry": { "type": "Point", "coordinates": [ 37.8779981, 53.6112596 ] } },
{ "type": "Feature", "properties": { "name": "Рогачи", "is_admin_centre_district": false }, "geometry": { "type": "Point", "coordinates": [ 38.0117224, 53.627958 ] } },
{ "type": "Feature", "properties": { "name": "Малая Огарёвка", "is_admin_centre_district": false }, "geometry": { "type": "Point", "coordinates": [ 37.8336076, 53.6309165 ] } },
{ "type": "Feature", "properties": { "name": "Верхоупье", "is_admin_centre_district": false }, "geometry": { "type": "Point", "coordinates": [ 37.915, 53.607 ] } },
{ "type": "Feature", "properties": { "name": "Красная Комиссаровка", "is_admin_centre_district": false }, "geometry": { "type": "Point", "coordinates": [ 37.9496247, 53.5604579 ] } },
{ "type": "Feature", "properties": { "name": "Победа", "is_admin_centre_district": false }, "geometry": { "type": "Point", "coordinates": [ 37.9050154, 53.564828 ] } },
{ "type": "Feature", "properties": { "name": "Успенское", "is_admin_centre_district": false }, "geometry": { "type": "Point", "coordinates": [ 37.7676628, 53.6662173 ] } },
{ "type": "Feature", "properties": { "name": "Плесы", "is_admin_centre_district": false }, "geometry": { "type": "Point", "coordinates": [ 37.8191183, 53.6648951 ] } },
{ "type": "Feature", "properties": { "name": "Саратовка", "is_admin_centre_district": false }, "geometry": { "type": "Point", "coordinates": [ 38.0351356, 53.5700218 ] } },
{ "type": "Feature", "properties": { "name": "Озерки 1-е", "is_admin_centre_district": false }, "geometry": { "type": "Point", "coordinates": [ 38.0565933, 53.4763379 ] } },
{ "type": "Feature", "properties": { "name": "Садовый", "is_admin_centre_district": false }, "geometry": { "type": "Point", "coordinates": [ 37.991362, 53.5391229 ] } },
{ "type": "Feature", "properties": { "name": "Мельничная", "is_admin_centre_district": false }, "geometry": { "type": "Point", "coordinates": [ 38.1898025, 53.5428462 ] } },
{ "type": "Feature", "properties": { "name": "Красная Слобода", "is_admin_centre_district": false }, "geometry": { "type": "Point", "coordinates": [ 37.8988365, 53.6350091 ] } },
{ "type": "Feature", "properties": { "name": "Ялта", "is_admin_centre_district": false }, "geometry": { "type": "Point", "coordinates": [ 38.0320458, 53.4784578 ] } },
{ "type": "Feature", "properties": { "name": "Красавка", "is_admin_centre_district": false }, "geometry": { "type": "Point", "coordinates": [ 38.0141708, 53.3581644 ] } },
{ "type": "Feature", "properties": { "name": "Кручь", "is_admin_centre_district": false }, "geometry": { "type": "Point", "coordinates": [ 38.015968, 53.363665 ] } },
{ "type": "Feature", "properties": { "name": "Костомаровка", "is_admin_centre_district": false }, "geometry": { "type": "Point", "coordinates": [ 37.9742258, 53.3471815 ] } },
{ "type": "Feature", "properties": { "name": "Юдинка", "is_admin_centre_district": false }, "geometry": { "type": "Point", "coordinates": [ 37.9857912, 53.3650375 ] } },
{ "type": "Feature", "properties": { "name": "Красная Дубровка", "is_admin_centre_district": false }, "geometry": { "type": "Point", "coordinates": [ 37.8930664, 53.3922016 ] } },
{ "type": "Feature", "properties": { "name": "Жидкое", "is_admin_centre_district": false }, "geometry": { "type": "Point", "coordinates": [ 37.9672333, 53.3379787 ] } },
{ "type": "Feature", "properties": { "name": "Игнатьевка", "is_admin_centre_district": false }, "geometry": { "type": "Point", "coordinates": [ 37.9564493, 53.3301165 ] } },
{ "type": "Feature", "properties": { "name": "Теряевка", "is_admin_centre_district": false }, "geometry": { "type": "Point", "coordinates": [ 37.9550017, 53.3356344 ] } },
{ "type": "Feature", "properties": { "name": "Солодилово", "is_admin_centre_district": false }, "geometry": { "type": "Point", "coordinates": [ 38.0034638, 53.4108597 ] } },
{ "type": "Feature", "properties": { "name": "Ниженка", "is_admin_centre_district": false }, "geometry": { "type": "Point", "coordinates": [ 37.9986873, 53.4018353 ] } },
{ "type": "Feature", "properties": { "name": "Рождествено", "is_admin_centre_district": false }, "geometry": { "type": "Point", "coordinates": [ 37.9810547, 53.3892422 ] } },
{ "type": "Feature", "properties": { "name": "Луневка", "is_admin_centre_district": false }, "geometry": { "type": "Point", "coordinates": [ 38.0162373, 53.5099461 ] } },
{ "type": "Feature", "properties": { "name": "Осиновые Выселки", "is_admin_centre_district": false }, "geometry": { "type": "Point", "coordinates": [ 37.9980126, 53.5228263 ] } },
{ "type": "Feature", "properties": { "name": "Истленьево", "is_admin_centre_district": false }, "geometry": { "type": "Point", "coordinates": [ 37.854549, 53.5329095 ] } },
{ "type": "Feature", "properties": { "name": "Лебяжье", "is_admin_centre_district": false }, "geometry": { "type": "Point", "coordinates": [ 37.8702436, 53.4834948 ] } },
{ "type": "Feature", "properties": { "name": "Бутырки", "is_admin_centre_district": false }, "geometry": { "type": "Point", "coordinates": [ 37.8209338, 53.4702273 ] } },
{ "type": "Feature", "properties": { "name": "Белый Колодезь", "is_admin_centre_district": false }, "geometry": { "type": "Point", "coordinates": [ 38.2191721, 53.4922509 ] } },
{ "type": "Feature", "properties": { "name": "Фетисово", "is_admin_centre_district": false }, "geometry": { "type": "Point", "coordinates": [ 37.8015045, 53.4693263 ] } },
{ "type": "Feature", "properties": { "name": "Толбузино", "is_admin_centre_district": false }, "geometry": { "type": "Point", "coordinates": [ 37.9412905, 53.4537726 ] } },
{ "type": "Feature", "properties": { "name": "Сазаново", "is_admin_centre_district": false }, "geometry": { "type": "Point", "coordinates": [ 37.7817312, 53.4696009 ] } },
{ "type": "Feature", "properties": { "name": "Пургасово", "is_admin_centre_district": false }, "geometry": { "type": "Point", "coordinates": [ 37.7580634, 53.4685152 ] } },
{ "type": "Feature", "properties": { "name": "Прудовая", "is_admin_centre_district": false }, "geometry": { "type": "Point", "coordinates": [ 38.0411545, 53.4559703 ] } },
{ "type": "Feature", "properties": { "name": "Покровское", "is_admin_centre_district": false }, "geometry": { "type": "Point", "coordinates": [ 37.9010681, 53.4832846 ] } },
{ "type": "Feature", "properties": { "name": "Панарино", "is_admin_centre_district": false }, "geometry": { "type": "Point", "coordinates": [ 37.8359548, 53.4810309 ] } },
{ "type": "Feature", "properties": { "name": "Озерки 2-е", "is_admin_centre_district": false }, "geometry": { "type": "Point", "coordinates": [ 37.9209701, 53.5176372 ] } },
{ "type": "Feature", "properties": { "name": "Нижнее Сазоново", "is_admin_centre_district": false }, "geometry": { "type": "Point", "coordinates": [ 37.8899261, 53.4851493 ] } },
{ "type": "Feature", "properties": { "name": "Луговка", "is_admin_centre_district": false }, "geometry": { "type": "Point", "coordinates": [ 37.8995928, 53.4792692 ] } },
{ "type": "Feature", "properties": { "name": "Крестищи", "is_admin_centre_district": false }, "geometry": { "type": "Point", "coordinates": [ 38.0235913, 53.4628026 ] } },
{ "type": "Feature", "properties": { "name": "Каратеевка", "is_admin_centre_district": false }, "geometry": { "type": "Point", "coordinates": [ 37.8337982, 53.4727146 ] } },
{ "type": "Feature", "properties": { "name": "Караси", "is_admin_centre_district": false }, "geometry": { "type": "Point", "coordinates": [ 38.0389336, 53.4772611 ] } },
{ "type": "Feature", "properties": { "name": "Караси", "is_admin_centre_district": false }, "geometry": { "type": "Point", "coordinates": [ 37.9979924, 53.4815262 ] } },
{ "type": "Feature", "properties": { "name": "Иевлевка", "is_admin_centre_district": false }, "geometry": { "type": "Point", "coordinates": [ 37.9278472, 53.4563573 ] } },
{ "type": "Feature", "properties": { "name": "Дворики", "is_admin_centre_district": false }, "geometry": { "type": "Point", "coordinates": [ 38.2029668, 53.4883827 ] } },
{ "type": "Feature", "properties": { "name": "Волово", "is_admin_centre_district": false }, "geometry": { "type": "Point", "coordinates": [ 38.03, 53.5568 ] } },
{ "type": "Feature", "properties": { "name": "Тетерки", "is_admin_centre_district": false }, "geometry": { "type": "Point", "coordinates": [ 37.8638563, 53.4223621 ] } },
{ "type": "Feature", "properties": { "name": "Сысоевка", "is_admin_centre_district": false }, "geometry": { "type": "Point", "coordinates": [ 38.151786, 53.3976315 ] } },
{ "type": "Feature", "properties": { "name": "Соболевка", "is_admin_centre_district": false }, "geometry": { "type": "Point", "coordinates": [ 38.1124005, 53.4318489 ] } },
{ "type": "Feature", "properties": { "name": "Михайловский", "is_admin_centre_district": false }, "geometry": { "type": "Point", "coordinates": [ 37.8234032, 53.4221064 ] } },
{ "type": "Feature", "properties": { "name": "Малая Каратеевка", "is_admin_centre_district": false }, "geometry": { "type": "Point", "coordinates": [ 37.860888, 53.3985192 ] } },
{ "type": "Feature", "properties": { "name": "Лядовка", "is_admin_centre_district": false }, "geometry": { "type": "Point", "coordinates": [ 38.1458592, 53.3988372 ] } },
{ "type": "Feature", "properties": { "name": "Лупань", "is_admin_centre_district": false }, "geometry": { "type": "Point", "coordinates": [ 37.8819969, 53.4422521 ] } },
{ "type": "Feature", "properties": { "name": "Красная Слобода", "is_admin_centre_district": false }, "geometry": { "type": "Point", "coordinates": [ 37.9809919, 53.3822738 ] } },
{ "type": "Feature", "properties": { "name": "Заречье", "is_admin_centre_district": false }, "geometry": { "type": "Point", "coordinates": [ 38.1631351, 53.3987234 ] } },
{ "type": "Feature", "properties": { "name": "Заречная Слобода", "is_admin_centre_district": false }, "geometry": { "type": "Point", "coordinates": [ 38.0035544, 53.3979941 ] } },
{ "type": "Feature", "properties": { "name": "Зайчевка", "is_admin_centre_district": false }, "geometry": { "type": "Point", "coordinates": [ 38.0092836, 53.4030603 ] } },
{ "type": "Feature", "properties": { "name": "Дубровка", "is_admin_centre_district": false }, "geometry": { "type": "Point", "coordinates": [ 38.1658763, 53.4115442 ] } },
{ "type": "Feature", "properties": { "name": "Варваровка", "is_admin_centre_district": false }, "geometry": { "type": "Point", "coordinates": [ 37.8198498, 53.4125162 ] } },
{ "type": "Feature", "properties": { "name": "Булычевка", "is_admin_centre_district": false }, "geometry": { "type": "Point", "coordinates": [ 38.0684007, 53.3852467 ] } },
{ "type": "Feature", "properties": { "name": "Битюг", "is_admin_centre_district": false }, "geometry": { "type": "Point", "coordinates": [ 37.9740138, 53.3794392 ] } },
{ "type": "Feature", "properties": { "name": "Петровская Слобода", "is_admin_centre_district": false }, "geometry": { "type": "Point", "coordinates": [ 37.7922485, 53.3694908 ] } },
{ "type": "Feature", "properties": { "name": "Зареченский", "is_admin_centre_district": false }, "geometry": { "type": "Point", "coordinates": [ 37.8003072, 53.3608704 ] } },
{ "type": "Feature", "properties": { "name": "Барановка", "is_admin_centre_district": false }, "geometry": { "type": "Point", "coordinates": [ 37.8271583, 53.3290676 ] } },
{ "type": "Feature", "properties": { "name": "Татищево", "is_admin_centre_district": false }, "geometry": { "type": "Point", "coordinates": [ 37.7544503, 53.4724313 ] } },
{ "type": "Feature", "properties": { "name": "Ивановское", "is_admin_centre_district": false }, "geometry": { "type": "Point", "coordinates": [ 37.7691507, 53.3858624 ] } },
{ "type": "Feature", "properties": { "name": "Ивановские Выселки", "is_admin_centre_district": false }, "geometry": { "type": "Point", "coordinates": [ 37.7850079, 53.376199 ] } },
{ "type": "Feature", "properties": { "name": "Бродиловка", "is_admin_centre_district": false }, "geometry": { "type": "Point", "coordinates": [ 37.757821, 53.4006286 ] } },
{ "type": "Feature", "properties": { "name": "Бирюлевка", "is_admin_centre_district": false }, "geometry": { "type": "Point", "coordinates": [ 37.7566623, 53.3903926 ] } },
{ "type": "Feature", "properties": { "name": "Новый Мир", "is_admin_centre_district": false }, "geometry": { "type": "Point", "coordinates": [ 38.0564797, 53.3334422 ] } },
{ "type": "Feature", "properties": { "name": "Свистовка", "is_admin_centre_district": false }, "geometry": { "type": "Point", "coordinates": [ 38.1710529, 53.4060782 ] } },
{ "type": "Feature", "properties": { "name": "Бородинский", "is_admin_centre_district": false }, "geometry": { "type": "Point", "coordinates": [ 37.813419, 53.995277 ] } },
{ "type": "Feature", "properties": { "name": "Богородицк", "is_admin_centre_district": true }, "geometry": { "type": "Point", "coordinates": [ 38.126965, 53.773571 ] } },
{ "type": "Feature", "properties": { "name": "Болохово", "is_admin_centre_district": false }, "geometry": { "type": "Point", "coordinates": [ 37.829109, 54.085094 ] } },
{ "type": "Feature", "properties": { "name": "Новомосковск", "is_admin_centre_district": true }, "geometry": { "type": "Point", "coordinates": [ 38.290943, 54.011013 ] } },
{ "type": "Feature", "properties": { "name": "Новоселебное", "is_admin_centre_district": false }, "geometry": { "type": "Point", "coordinates": [ 37.9776121, 54.0746238 ] } },
{ "type": "Feature", "properties": { "name": "Иевлево", "is_admin_centre_district": false }, "geometry": { "type": "Point", "coordinates": [ 37.991413, 53.760582 ] } },
{ "type": "Feature", "properties": { "name": "Киреевск", "is_admin_centre_district": true }, "geometry": { "type": "Point", "coordinates": [ 37.929916, 53.926712 ] } },
{ "type": "Feature", "properties": { "name": "Медвенка", "is_admin_centre_district": false }, "geometry": { "type": "Point", "coordinates": [ 38.0066255, 54.010516 ] } },
{ "type": "Feature", "properties": { "name": "Троицкий", "is_admin_centre_district": false }, "geometry": { "type": "Point", "coordinates": [ 38.0102485, 53.961716 ] } },
{ "type": "Feature", "properties": { "name": "Черемуховка", "is_admin_centre_district": false }, "geometry": { "type": "Point", "coordinates": [ 38.0550753, 53.9203057 ] } },
{ "type": "Feature", "properties": { "name": "Крутой Верх", "is_admin_centre_district": false }, "geometry": { "type": "Point", "coordinates": [ 38.0683157, 53.8646728 ] } },
{ "type": "Feature", "properties": { "name": "Васильевка", "is_admin_centre_district": false }, "geometry": { "type": "Point", "coordinates": [ 38.1041642, 53.72799 ] } },
{ "type": "Feature", "properties": { "name": "Красный Посад", "is_admin_centre_district": false }, "geometry": { "type": "Point", "coordinates": [ 38.0942722, 53.7240671 ] } },
{ "type": "Feature", "properties": { "name": "Ильинка", "is_admin_centre_district": false }, "geometry": { "type": "Point", "coordinates": [ 38.0275483, 53.9469616 ] } },
{ "type": "Feature", "properties": { "name": "Карцево", "is_admin_centre_district": false }, "geometry": { "type": "Point", "coordinates": [ 37.7363628, 53.8923753 ] } },
{ "type": "Feature", "properties": { "name": "Алексеевка", "is_admin_centre_district": false }, "geometry": { "type": "Point", "coordinates": [ 37.807865, 53.789375 ] } },
{ "type": "Feature", "properties": { "name": "Подлесное", "is_admin_centre_district": false }, "geometry": { "type": "Point", "coordinates": [ 37.8452586, 53.7811617 ] } },
{ "type": "Feature", "properties": { "name": "Октябрьский", "is_admin_centre_district": false }, "geometry": { "type": "Point", "coordinates": [ 37.9859381, 53.963317 ] } },
{ "type": "Feature", "properties": { "name": "Донской", "is_admin_centre_district": true }, "geometry": { "type": "Point", "coordinates": [ 38.3183367, 53.965651 ] } },
{ "type": "Feature", "properties": { "name": "Майское", "is_admin_centre_district": false }, "geometry": { "type": "Point", "coordinates": [ 37.8018424, 53.8585402 ] } },
{ "type": "Feature", "properties": { "name": "Сеченский", "is_admin_centre_district": false }, "geometry": { "type": "Point", "coordinates": [ 37.8060667, 53.8886756 ] } },
{ "type": "Feature", "properties": { "name": "Новопокровское", "is_admin_centre_district": false }, "geometry": { "type": "Point", "coordinates": [ 38.0501705, 53.7953034 ] } },
{ "type": "Feature", "properties": { "name": "Кобылинка", "is_admin_centre_district": false }, "geometry": { "type": "Point", "coordinates": [ 38.019337, 53.791283 ] } },
{ "type": "Feature", "properties": { "name": "Долгое", "is_admin_centre_district": false }, "geometry": { "type": "Point", "coordinates": [ 37.7702621, 53.9785957 ] } },
{ "type": "Feature", "properties": { "name": "Стахановский", "is_admin_centre_district": false }, "geometry": { "type": "Point", "coordinates": [ 37.7957906, 54.0673033 ] } },
{ "type": "Feature", "properties": { "name": "Болотовка", "is_admin_centre_district": false }, "geometry": { "type": "Point", "coordinates": [ 38.1573624, 53.8171286 ] } },
{ "type": "Feature", "properties": { "name": "Шахтёрский", "is_admin_centre_district": false }, "geometry": { "type": "Point", "coordinates": [ 38.167142, 53.7743633 ] } },
{ "type": "Feature", "properties": { "name": "Бегичевский", "is_admin_centre_district": false }, "geometry": { "type": "Point", "coordinates": [ 38.256512, 53.79681 ] } },
{ "type": "Feature", "properties": { "name": "Соколовский", "is_admin_centre_district": false }, "geometry": { "type": "Point", "coordinates": [ 38.2005353, 53.7891232 ] } },
{ "type": "Feature", "properties": { "name": "Юлинка", "is_admin_centre_district": false }, "geometry": { "type": "Point", "coordinates": [ 38.1085247, 53.8336188 ] } },
{ "type": "Feature", "properties": { "name": "Упёртовка", "is_admin_centre_district": false }, "geometry": { "type": "Point", "coordinates": [ 38.1462637, 53.7942147 ] } },
{ "type": "Feature", "properties": { "name": "Балахна", "is_admin_centre_district": false }, "geometry": { "type": "Point", "coordinates": [ 38.2431235, 53.7869732 ] } },
{ "type": "Feature", "properties": { "name": "Колодези", "is_admin_centre_district": false }, "geometry": { "type": "Point", "coordinates": [ 38.2723626, 53.820197 ] } },
{ "type": "Feature", "properties": { "name": "Романцевский", "is_admin_centre_district": false }, "geometry": { "type": "Point", "coordinates": [ 38.3254417, 53.8341139 ] } },
{ "type": "Feature", "properties": { "name": "Бегичевские Выселки", "is_admin_centre_district": false }, "geometry": { "type": "Point", "coordinates": [ 38.2992, 53.8169 ] } },
{ "type": "Feature", "properties": { "name": "Прилесье", "is_admin_centre_district": false }, "geometry": { "type": "Point", "coordinates": [ 38.1415481, 53.8444801 ] } },
{ "type": "Feature", "properties": { "name": "Бегичево", "is_admin_centre_district": false }, "geometry": { "type": "Point", "coordinates": [ 38.2915534, 53.786238 ] } },
{ "type": "Feature", "properties": { "name": "Корсаково", "is_admin_centre_district": false }, "geometry": { "type": "Point", "coordinates": [ 38.3294155, 53.7625502 ] } },
{ "type": "Feature", "properties": { "name": "Александринский", "is_admin_centre_district": false }, "geometry": { "type": "Point", "coordinates": [ 38.0736305, 53.849682 ] } },
{ "type": "Feature", "properties": { "name": "Берёзовка", "is_admin_centre_district": false }, "geometry": { "type": "Point", "coordinates": [ 38.0536866, 53.82535 ] } },
{ "type": "Feature", "properties": { "name": "Сухановка", "is_admin_centre_district": false }, "geometry": { "type": "Point", "coordinates": [ 38.081951, 53.8958842 ] } },
{ "type": "Feature", "properties": { "name": "Фёдоровка", "is_admin_centre_district": false }, "geometry": { "type": "Point", "coordinates": [ 38.1002566, 53.8852935 ] } },
{ "type": "Feature", "properties": { "name": "Дубовка", "is_admin_centre_district": false }, "geometry": { "type": "Point", "coordinates": [ 38.1032853, 53.9247814 ] } },
{ "type": "Feature", "properties": { "name": "Гудаловка", "is_admin_centre_district": false }, "geometry": { "type": "Point", "coordinates": [ 38.0722179, 53.9162993 ] } },
{ "type": "Feature", "properties": { "name": "Кобловский", "is_admin_centre_district": false }, "geometry": { "type": "Point", "coordinates": [ 38.1976594, 53.8162725 ] } },
{ "type": "Feature", "properties": { "name": "Каменка", "is_admin_centre_district": false }, "geometry": { "type": "Point", "coordinates": [ 38.3387283, 53.7376905 ] } },
{ "type": "Feature", "properties": { "name": "Кондрово", "is_admin_centre_district": false }, "geometry": { "type": "Point", "coordinates": [ 38.1416559, 53.9331759 ] } },
{ "type": "Feature", "properties": { "name": "Смородино", "is_admin_centre_district": false }, "geometry": { "type": "Point", "coordinates": [ 38.3126114, 53.9307895 ] } },
{ "type": "Feature", "properties": { "name": "Марьинка", "is_admin_centre_district": false }, "geometry": { "type": "Point", "coordinates": [ 38.2307031, 53.8914088 ] } },
{ "type": "Feature", "properties": { "name": "Высоцкое", "is_admin_centre_district": false }, "geometry": { "type": "Point", "coordinates": [ 38.1404554, 53.9082039 ] } },
{ "type": "Feature", "properties": { "name": "Емановка", "is_admin_centre_district": false }, "geometry": { "type": "Point", "coordinates": [ 38.3368424, 53.9002406 ] } },
{ "type": "Feature", "properties": { "name": "Малая Полунинка", "is_admin_centre_district": false }, "geometry": { "type": "Point", "coordinates": [ 38.1208195, 53.8627597 ] } },
{ "type": "Feature", "properties": { "name": "Ореховка", "is_admin_centre_district": false }, "geometry": { "type": "Point", "coordinates": [ 38.1493528, 53.8629685 ] } },
{ "type": "Feature", "properties": { "name": "Торбеевка", "is_admin_centre_district": false }, "geometry": { "type": "Point", "coordinates": [ 38.122093, 53.9525689 ] } },
{ "type": "Feature", "properties": { "name": "Партизан", "is_admin_centre_district": false }, "geometry": { "type": "Point", "coordinates": [ 38.0969357, 53.9494305 ] } },
{ "type": "Feature", "properties": { "name": "Большая Полунинка", "is_admin_centre_district": false }, "geometry": { "type": "Point", "coordinates": [ 38.1811724, 53.8907234 ] } },
{ "type": "Feature", "properties": { "name": "Верховье-Люторичи", "is_admin_centre_district": false }, "geometry": { "type": "Point", "coordinates": [ 38.1828321, 53.8601061 ] } },
{ "type": "Feature", "properties": { "name": "Бибиково", "is_admin_centre_district": false }, "geometry": { "type": "Point", "coordinates": [ 38.151143, 53.9564226 ] } },
{ "type": "Feature", "properties": { "name": "Ламки", "is_admin_centre_district": false }, "geometry": { "type": "Point", "coordinates": [ 38.1234999, 53.9047776 ] } },
{ "type": "Feature", "properties": { "name": "Полунино", "is_admin_centre_district": false }, "geometry": { "type": "Point", "coordinates": [ 38.1582593, 53.8799733 ] } },
{ "type": "Feature", "properties": { "name": "Поддубный", "is_admin_centre_district": false }, "geometry": { "type": "Point", "coordinates": [ 38.085869, 53.939461 ] } },
{ "type": "Feature", "properties": { "name": "Ивановка", "is_admin_centre_district": false }, "geometry": { "type": "Point", "coordinates": [ 38.2419062, 53.867611 ] } },
{ "type": "Feature", "properties": { "name": "Пестово", "is_admin_centre_district": false }, "geometry": { "type": "Point", "coordinates": [ 38.3348236, 53.8727622 ] } },
{ "type": "Feature", "properties": { "name": "Бабинка", "is_admin_centre_district": false }, "geometry": { "type": "Point", "coordinates": [ 38.337876, 53.8789468 ] } },
{ "type": "Feature", "properties": { "name": "Майский", "is_admin_centre_district": false }, "geometry": { "type": "Point", "coordinates": [ 38.211945, 53.963173 ] } },
{ "type": "Feature", "properties": { "name": "Вельмино", "is_admin_centre_district": false }, "geometry": { "type": "Point", "coordinates": [ 38.2164669, 53.9208834 ] } },
{ "type": "Feature", "properties": { "name": "Шипулино", "is_admin_centre_district": false }, "geometry": { "type": "Point", "coordinates": [ 38.2722472, 53.8368454 ] } },
{ "type": "Feature", "properties": { "name": "Дубовка", "is_admin_centre_district": false }, "geometry": { "type": "Point", "coordinates": [ 38.0658627, 53.9508707 ] } },
{ "type": "Feature", "properties": { "name": "Жданка", "is_admin_centre_district": false }, "geometry": { "type": "Point", "coordinates": [ 38.187978, 53.7441872 ] } },
{ "type": "Feature", "properties": { "name": "Дедилово", "is_admin_centre_district": false }, "geometry": { "type": "Point", "coordinates": [ 37.92992, 53.97747 ] } },
{ "type": "Feature", "properties": { "name": "Лесной", "is_admin_centre_district": false }, "geometry": { "type": "Point", "coordinates": [ 38.2545119, 53.9548549 ] } },
{ "type": "Feature", "properties": { "name": "Роткинский", "is_admin_centre_district": false }, "geometry": { "type": "Point", "coordinates": [ 38.20916, 53.9477552 ] } },
{ "type": "Feature", "properties": { "name": "8 Марта", "is_admin_centre_district": false }, "geometry": { "type": "Point", "coordinates": [ 38.1963487, 53.9590718 ] } },
{ "type": "Feature", "properties": { "name": "Большое Колодезное", "is_admin_centre_district": false }, "geometry": { "type": "Point", "coordinates": [ 38.3206134, 54.0477369 ] } },
{ "type": "Feature", "properties": { "name": "2 БИС Каменецкая", "is_admin_centre_district": false }, "geometry": { "type": "Point", "coordinates": [ 38.2224229, 54.000819 ] } },
{ "type": "Feature", "properties": { "name": "Каменецкий", "is_admin_centre_district": false }, "geometry": { "type": "Point", "coordinates": [ 38.2201266, 54.0120433 ] } },
{ "type": "Feature", "properties": { "name": "Иван-Озеро", "is_admin_centre_district": false }, "geometry": { "type": "Point", "coordinates": [ 38.3309532, 54.0482218 ] } },
{ "type": "Feature", "properties": { "name": "Малое Колодезное", "is_admin_centre_district": false }, "geometry": { "type": "Point", "coordinates": [ 38.3277796, 54.0365983 ] } },
{ "type": "Feature", "properties": { "name": "Княгинино", "is_admin_centre_district": false }, "geometry": { "type": "Point", "coordinates": [ 38.2766478, 54.0722638 ] } },
{ "type": "Feature", "properties": { "name": "Красное Гремячево", "is_admin_centre_district": false }, "geometry": { "type": "Point", "coordinates": [ 38.2276282, 54.0315425 ] } },
{ "type": "Feature", "properties": { "name": "Рига-Васильевка", "is_admin_centre_district": false }, "geometry": { "type": "Point", "coordinates": [ 38.1647683, 54.0540657 ] } },
{ "type": "Feature", "properties": { "name": "Любовка", "is_admin_centre_district": false }, "geometry": { "type": "Point", "coordinates": [ 38.1927118, 54.0375509 ] } },
{ "type": "Feature", "properties": { "name": "Кресты", "is_admin_centre_district": false }, "geometry": { "type": "Point", "coordinates": [ 38.2411396, 54.009748 ] } },
{ "type": "Feature", "properties": { "name": "Гремячево", "is_admin_centre_district": false }, "geometry": { "type": "Point", "coordinates": [ 38.2140688, 54.0212496 ] } },
{ "type": "Feature", "properties": { "name": "Маклец", "is_admin_centre_district": false }, "geometry": { "type": "Point", "coordinates": [ 38.140485, 54.0519505 ] } },
{ "type": "Feature", "properties": { "name": "Брусянка", "is_admin_centre_district": false }, "geometry": { "type": "Point", "coordinates": [ 38.0684983, 53.9796586 ] } },
{ "type": "Feature", "properties": { "name": "Малая Рассошка", "is_admin_centre_district": false }, "geometry": { "type": "Point", "coordinates": [ 38.0909564, 53.9719599 ] } },
{ "type": "Feature", "properties": { "name": "село Супонь", "is_admin_centre_district": false }, "geometry": { "type": "Point", "coordinates": [ 38.1313017, 53.9773859 ] } },
{ "type": "Feature", "properties": { "name": "Хитрово", "is_admin_centre_district": false }, "geometry": { "type": "Point", "coordinates": [ 38.1133135, 53.9774769 ] } },
{ "type": "Feature", "properties": { "name": "Чёрная Грязь", "is_admin_centre_district": false }, "geometry": { "type": "Point", "coordinates": [ 38.0350687, 53.9003518 ] } },
{ "type": "Feature", "properties": { "name": "Орловка", "is_admin_centre_district": false }, "geometry": { "type": "Point", "coordinates": [ 37.9823815, 53.8919512 ] } },
{ "type": "Feature", "properties": { "name": "Олень", "is_admin_centre_district": false }, "geometry": { "type": "Point", "coordinates": [ 38.019913, 53.880974 ] } },
{ "type": "Feature", "properties": { "name": "Черняевка", "is_admin_centre_district": false }, "geometry": { "type": "Point", "coordinates": [ 37.9148432, 53.7175663 ] } },
{ "type": "Feature", "properties": { "name": "Городок", "is_admin_centre_district": false }, "geometry": { "type": "Point", "coordinates": [ 38.082389, 53.758757 ] } },
{ "type": "Feature", "properties": { "name": "Новый Мир", "is_admin_centre_district": false }, "geometry": { "type": "Point", "coordinates": [ 37.9602239, 53.7839314 ] } },
{ "type": "Feature", "properties": { "name": "Стёпановка", "is_admin_centre_district": false }, "geometry": { "type": "Point", "coordinates": [ 37.9792784, 53.809989 ] } },
{ "type": "Feature", "properties": { "name": "Горки", "is_admin_centre_district": false }, "geometry": { "type": "Point", "coordinates": [ 37.9027174, 53.7789613 ] } },
{ "type": "Feature", "properties": { "name": "Мостовая", "is_admin_centre_district": false }, "geometry": { "type": "Point", "coordinates": [ 37.9085428, 53.838506 ] } },
{ "type": "Feature", "properties": { "name": "Новоспасское", "is_admin_centre_district": false }, "geometry": { "type": "Point", "coordinates": [ 37.926235, 53.8111039 ] } },
{ "type": "Feature", "properties": { "name": "Кузнецово", "is_admin_centre_district": false }, "geometry": { "type": "Point", "coordinates": [ 37.8779981, 53.8303574 ] } },
{ "type": "Feature", "properties": { "name": "Озерки", "is_admin_centre_district": false }, "geometry": { "type": "Point", "coordinates": [ 37.8464125, 53.7271976 ] } },
{ "type": "Feature", "properties": { "name": "Слободка", "is_admin_centre_district": false }, "geometry": { "type": "Point", "coordinates": [ 37.8628919, 53.7945794 ] } },
{ "type": "Feature", "properties": { "name": "Воротыновка", "is_admin_centre_district": false }, "geometry": { "type": "Point", "coordinates": [ 37.8762815, 53.8226571 ] } },
{ "type": "Feature", "properties": { "name": "Северный", "is_admin_centre_district": false }, "geometry": { "type": "Point", "coordinates": [ 37.7528502, 53.7211933 ] } },
{ "type": "Feature", "properties": { "name": "Цыгановка", "is_admin_centre_district": false }, "geometry": { "type": "Point", "coordinates": [ 37.7706221, 53.738413 ] } },
{ "type": "Feature", "properties": { "name": "Лидинка", "is_admin_centre_district": false }, "geometry": { "type": "Point", "coordinates": [ 37.8335379, 53.7485198 ] } },
{ "type": "Feature", "properties": { "name": "Рублёвка", "is_admin_centre_district": false }, "geometry": { "type": "Point", "coordinates": [ 37.8452108, 53.975991 ] } },
{ "type": "Feature", "properties": { "name": "Криволучье", "is_admin_centre_district": false }, "geometry": { "type": "Point", "coordinates": [ 37.9240676, 54.0142119 ] } },
{ "type": "Feature", "properties": { "name": "Брусяновка", "is_admin_centre_district": false }, "geometry": { "type": "Point", "coordinates": [ 37.915592, 53.9082941 ] } },
{ "type": "Feature", "properties": { "name": "Новая Киреевка", "is_admin_centre_district": false }, "geometry": { "type": "Point", "coordinates": [ 37.9733775, 53.9043375 ] } },
{ "type": "Feature", "properties": { "name": "Хрущёвка", "is_admin_centre_district": false }, "geometry": { "type": "Point", "coordinates": [ 37.8702734, 53.9749814 ] } },
{ "type": "Feature", "properties": { "name": "Жиловские Выселки", "is_admin_centre_district": false }, "geometry": { "type": "Point", "coordinates": [ 37.9070089, 53.9741737 ] } },
{ "type": "Feature", "properties": { "name": "Ослоново", "is_admin_centre_district": false }, "geometry": { "type": "Point", "coordinates": [ 37.8261564, 53.9496326 ] } },
{ "type": "Feature", "properties": { "name": "Васильевский", "is_admin_centre_district": false }, "geometry": { "type": "Point", "coordinates": [ 37.8056214, 53.9492158 ] } },
{ "type": "Feature", "properties": { "name": "Панино", "is_admin_centre_district": false }, "geometry": { "type": "Point", "coordinates": [ 37.8308771, 53.968166 ] } },
{ "type": "Feature", "properties": { "name": "Владимировка", "is_admin_centre_district": false }, "geometry": { "type": "Point", "coordinates": [ 37.8870533, 53.892769 ] } },
{ "type": "Feature", "properties": { "name": "Головлинский", "is_admin_centre_district": false }, "geometry": { "type": "Point", "coordinates": [ 37.7681334, 53.9409424 ] } },
{ "type": "Feature", "properties": { "name": "Любогощи", "is_admin_centre_district": false }, "geometry": { "type": "Point", "coordinates": [ 37.7648733, 53.9148665 ] } },
{ "type": "Feature", "properties": { "name": "Жилая", "is_admin_centre_district": false }, "geometry": { "type": "Point", "coordinates": [ 37.919111, 53.9901732 ] } },
{ "type": "Feature", "properties": { "name": "Гвардейский", "is_admin_centre_district": false }, "geometry": { "type": "Point", "coordinates": [ 37.7541947, 53.9684524 ] } },
{ "type": "Feature", "properties": { "name": "Красницы", "is_admin_centre_district": false }, "geometry": { "type": "Point", "coordinates": [ 38.3094385, 53.78314 ] } },
{ "type": "Feature", "properties": { "name": "Сухотино", "is_admin_centre_district": false }, "geometry": { "type": "Point", "coordinates": [ 38.2795694, 53.7360524 ] } },
{ "type": "Feature", "properties": { "name": "Котовка", "is_admin_centre_district": false }, "geometry": { "type": "Point", "coordinates": [ 38.2193163, 53.77046 ] } },
{ "type": "Feature", "properties": { "name": "Новый Путь", "is_admin_centre_district": false }, "geometry": { "type": "Point", "coordinates": [ 38.2679823, 53.7638141 ] } },
{ "type": "Feature", "properties": { "name": "Тургеневский", "is_admin_centre_district": false }, "geometry": { "type": "Point", "coordinates": [ 38.2540632, 53.880699 ] } },
{ "type": "Feature", "properties": { "name": "Полунинский", "is_admin_centre_district": false }, "geometry": { "type": "Point", "coordinates": [ 38.1950976, 53.8780427 ] } },
{ "type": "Feature", "properties": { "name": "Новогеоргиевский", "is_admin_centre_district": false }, "geometry": { "type": "Point", "coordinates": [ 38.2842327, 53.9113733 ] } },
{ "type": "Feature", "properties": { "name": "Красные Горки", "is_admin_centre_district": false }, "geometry": { "type": "Point", "coordinates": [ 38.0679595, 53.7350899 ] } },
{ "type": "Feature", "properties": { "name": "Бродовка", "is_admin_centre_district": false }, "geometry": { "type": "Point", "coordinates": [ 37.9291283, 53.7962999 ] } },
{ "type": "Feature", "properties": { "name": "Васильевка", "is_admin_centre_district": false }, "geometry": { "type": "Point", "coordinates": [ 38.2675176, 53.9665883 ] } },
{ "type": "Feature", "properties": { "name": "Каменка", "is_admin_centre_district": false }, "geometry": { "type": "Point", "coordinates": [ 38.2374354, 53.9774137 ] } },
{ "type": "Feature", "properties": { "name": "Кулижки", "is_admin_centre_district": false }, "geometry": { "type": "Point", "coordinates": [ 38.2951232, 53.8769796 ] } },
{ "type": "Feature", "properties": { "name": "Вольная Емановка", "is_admin_centre_district": false }, "geometry": { "type": "Point", "coordinates": [ 38.306367, 53.8823934 ] } },
{ "type": "Feature", "properties": { "name": "Орловка", "is_admin_centre_district": false }, "geometry": { "type": "Point", "coordinates": [ 38.3125468, 53.8788518 ] } },
{ "type": "Feature", "properties": { "name": "Заварзино", "is_admin_centre_district": false }, "geometry": { "type": "Point", "coordinates": [ 38.1160875, 53.9592879 ] } },
{ "type": "Feature", "properties": { "name": "Узловая", "is_admin_centre_district": true }, "geometry": { "type": "Point", "coordinates": [ 38.160255, 53.978512 ] } },
{ "type": "Feature", "properties": { "name": "Брусянский", "is_admin_centre_district": false }, "geometry": { "type": "Point", "coordinates": [ 38.093746, 53.992294 ] } },
{ "type": "Feature", "properties": { "name": "Крутой Верх", "is_admin_centre_district": false }, "geometry": { "type": "Point", "coordinates": [ 38.2550969, 53.9096948 ] } },
{ "type": "Feature", "properties": { "name": "Федоровский", "is_admin_centre_district": false }, "geometry": { "type": "Point", "coordinates": [ 38.2764044, 53.8985134 ] } },
{ "type": "Feature", "properties": { "name": "Пашково", "is_admin_centre_district": false }, "geometry": { "type": "Point", "coordinates": [ 38.1553774, 54.0160075 ] } },
{ "type": "Feature", "properties": { "name": "Шаховское", "is_admin_centre_district": false }, "geometry": { "type": "Point", "coordinates": [ 38.0721716, 54.0315667 ] } },
{ "type": "Feature", "properties": { "name": "Дубки", "is_admin_centre_district": false }, "geometry": { "type": "Point", "coordinates": [ 38.185101, 54.0035731 ] } },
{ "type": "Feature", "properties": { "name": "Горьковский", "is_admin_centre_district": false }, "geometry": { "type": "Point", "coordinates": [ 38.1090014, 54.055618 ] } },
{ "type": "Feature", "properties": { "name": "Засецкое", "is_admin_centre_district": false }, "geometry": { "type": "Point", "coordinates": [ 38.1943241, 53.9983946 ] } },
{ "type": "Feature", "properties": { "name": "Большие Калмыки", "is_admin_centre_district": false }, "geometry": { "type": "Point", "coordinates": [ 37.824753, 54.048462 ] } },
{ "type": "Feature", "properties": { "name": "Морковщино", "is_admin_centre_district": false }, "geometry": { "type": "Point", "coordinates": [ 37.830044, 54.011322 ] } },
{ "type": "Feature", "properties": { "name": "Подосинки", "is_admin_centre_district": false }, "geometry": { "type": "Point", "coordinates": [ 37.7532756, 54.0428869 ] } },
{ "type": "Feature", "properties": { "name": "Приупский", "is_admin_centre_district": false }, "geometry": { "type": "Point", "coordinates": [ 37.736443, 53.908497 ] } },
{ "type": "Feature", "properties": { "name": "Пятницкое", "is_admin_centre_district": false }, "geometry": { "type": "Point", "coordinates": [ 37.8673377, 54.0539957 ] } },
{ "type": "Feature", "properties": { "name": "Круглянский", "is_admin_centre_district": false }, "geometry": { "type": "Point", "coordinates": [ 37.7584415, 54.0041937 ] } },
{ "type": "Feature", "properties": { "name": "Анненки", "is_admin_centre_district": false }, "geometry": { "type": "Point", "coordinates": [ 37.786624, 54.0162911 ] } },
{ "type": "Feature", "properties": { "name": "Бородино", "is_admin_centre_district": false }, "geometry": { "type": "Point", "coordinates": [ 37.8261806, 53.9906218 ] } },
{ "type": "Feature", "properties": { "name": "Епишево", "is_admin_centre_district": false }, "geometry": { "type": "Point", "coordinates": [ 37.8450208, 54.0027056 ] } },
{ "type": "Feature", "properties": { "name": "Смирновка", "is_admin_centre_district": false }, "geometry": { "type": "Point", "coordinates": [ 37.7879512, 53.9429039 ] } },
{ "type": "Feature", "properties": { "name": "Строительный", "is_admin_centre_district": false }, "geometry": { "type": "Point", "coordinates": [ 37.8094947, 54.0440304 ] } },
{ "type": "Feature", "properties": { "name": "Малые Калмыки", "is_admin_centre_district": false }, "geometry": { "type": "Point", "coordinates": [ 37.8000533, 54.0523828 ] } },
{ "type": "Feature", "properties": { "name": "Хомяковка", "is_admin_centre_district": false }, "geometry": { "type": "Point", "coordinates": [ 37.8041242, 54.008476 ] } },
{ "type": "Feature", "properties": { "name": "Краснолесский", "is_admin_centre_district": false }, "geometry": { "type": "Point", "coordinates": [ 38.078678, 54.0359369 ] } },
{ "type": "Feature", "properties": { "name": "Огарёвка", "is_admin_centre_district": false }, "geometry": { "type": "Point", "coordinates": [ 38.0411408, 54.0630833 ] } },
{ "type": "Feature", "properties": { "name": "Михайловка", "is_admin_centre_district": false }, "geometry": { "type": "Point", "coordinates": [ 38.0195815, 54.0819645 ] } },
{ "type": "Feature", "properties": { "name": "Моховое", "is_admin_centre_district": false }, "geometry": { "type": "Point", "coordinates": [ 38.0117495, 54.0874637 ] } },
{ "type": "Feature", "properties": { "name": "Советский", "is_admin_centre_district": false }, "geometry": { "type": "Point", "coordinates": [ 37.8749996, 54.0818136 ] } },
{ "type": "Feature", "properties": { "name": "Марьино", "is_admin_centre_district": false }, "geometry": { "type": "Point", "coordinates": [ 37.9034855, 54.0739396 ] } },
{ "type": "Feature", "properties": { "name": "Богдановка", "is_admin_centre_district": false }, "geometry": { "type": "Point", "coordinates": [ 37.9186776, 54.0845139 ] } },
{ "type": "Feature", "properties": { "name": "Савинка", "is_admin_centre_district": false }, "geometry": { "type": "Point", "coordinates": [ 37.9673854, 54.0822117 ] } },
{ "type": "Feature", "properties": { "name": "Рассошки", "is_admin_centre_district": false }, "geometry": { "type": "Point", "coordinates": [ 37.9521432, 54.0882574 ] } },
{ "type": "Feature", "properties": { "name": "Шварцевский", "is_admin_centre_district": false }, "geometry": { "type": "Point", "coordinates": [ 37.995975, 54.087971 ] } },
{ "type": "Feature", "properties": { "name": "Плехановские Выселки", "is_admin_centre_district": false }, "geometry": { "type": "Point", "coordinates": [ 37.7363614, 54.0140612 ] } },
{ "type": "Feature", "properties": { "name": "Пушкари", "is_admin_centre_district": false }, "geometry": { "type": "Point", "coordinates": [ 37.9011119, 53.9826421 ] } },
{ "type": "Feature", "properties": { "name": "Богучаровский", "is_admin_centre_district": false }, "geometry": { "type": "Point", "coordinates": [ 37.8331276, 53.9340178 ] } },
{ "type": "Feature", "properties": { "name": "Богучарово", "is_admin_centre_district": false }, "geometry": { "type": "Point", "coordinates": [ 37.8271533, 53.9215557 ] } },
{ "type": "Feature", "properties": { "name": "Стойлово", "is_admin_centre_district": false }, "geometry": { "type": "Point", "coordinates": [ 37.8508124, 53.9245092 ] } },
{ "type": "Feature", "properties": { "name": "Труновка", "is_admin_centre_district": false }, "geometry": { "type": "Point", "coordinates": [ 37.8553779, 53.929379 ] } },
{ "type": "Feature", "properties": { "name": "Березовка", "is_admin_centre_district": false }, "geometry": { "type": "Point", "coordinates": [ 37.7416123, 54.0710645 ] } },
{ "type": "Feature", "properties": { "name": "Ильинка 1-я", "is_admin_centre_district": false }, "geometry": { "type": "Point", "coordinates": [ 38.1924924, 54.0622314 ] } },
{ "type": "Feature", "properties": { "name": "Ильинка 2-я", "is_admin_centre_district": false }, "geometry": { "type": "Point", "coordinates": [ 38.1988216, 54.057197 ] } },
{ "type": "Feature", "properties": { "name": "Данилово", "is_admin_centre_district": false }, "geometry": { "type": "Point", "coordinates": [ 38.1357492, 54.0050723 ] } },
{ "type": "Feature", "properties": { "name": "Хрущёвка", "is_admin_centre_district": false }, "geometry": { "type": "Point", "coordinates": [ 38.114267, 53.9983748 ] } },
{ "type": "Feature", "properties": { "name": "Петровское", "is_admin_centre_district": false }, "geometry": { "type": "Point", "coordinates": [ 38.0650643, 54.0118709 ] } },
{ "type": "Feature", "properties": { "name": "Большая Рассошка", "is_admin_centre_district": false }, "geometry": { "type": "Point", "coordinates": [ 38.0376462, 53.9848247 ] } },
{ "type": "Feature", "properties": { "name": "Александровка", "is_admin_centre_district": false }, "geometry": { "type": "Point", "coordinates": [ 38.0105623, 54.0425628 ] } },
{ "type": "Feature", "properties": { "name": "Хованка", "is_admin_centre_district": false }, "geometry": { "type": "Point", "coordinates": [ 38.127374, 53.9531262 ] } },
{ "type": "Feature", "properties": { "name": "Домнино", "is_admin_centre_district": false }, "geometry": { "type": "Point", "coordinates": [ 38.0515737, 54.043672 ] } },
{ "type": "Feature", "properties": { "name": "Красная Каменка", "is_admin_centre_district": false }, "geometry": { "type": "Point", "coordinates": [ 38.1969054, 54.0110984 ] } },
{ "type": "Feature", "properties": { "name": "Крюково", "is_admin_centre_district": false }, "geometry": { "type": "Point", "coordinates": [ 38.1738308, 54.0205306 ] } },
{ "type": "Feature", "properties": { "name": "Кузмищево", "is_admin_centre_district": false }, "geometry": { "type": "Point", "coordinates": [ 38.088159, 54.06319 ] } },
{ "type": "Feature", "properties": { "name": "Руднево", "is_admin_centre_district": false }, "geometry": { "type": "Point", "coordinates": [ 38.2233137, 53.9651271 ] } },
{ "type": "Feature", "properties": { "name": "2 Каменецкая", "is_admin_centre_district": false }, "geometry": { "type": "Point", "coordinates": [ 38.2197103, 53.9871424 ] } },
{ "type": "Feature", "properties": { "name": "1 Каменецкая", "is_admin_centre_district": false }, "geometry": { "type": "Point", "coordinates": [ 38.2459961, 53.9919059 ] } },
{ "type": "Feature", "properties": { "name": "1 Россошинская", "is_admin_centre_district": false }, "geometry": { "type": "Point", "coordinates": [ 38.0581437, 53.9639944 ] } },
{ "type": "Feature", "properties": { "name": "2 Россошинская", "is_admin_centre_district": false }, "geometry": { "type": "Point", "coordinates": [ 38.0380968, 53.9612676 ] } },
{ "type": "Feature", "properties": { "name": "Комсомольский", "is_admin_centre_district": false }, "geometry": { "type": "Point", "coordinates": [ 38.1055114, 53.9426364 ] } },
{ "type": "Feature", "properties": { "name": "Сычёвка", "is_admin_centre_district": false }, "geometry": { "type": "Point", "coordinates": [ 38.1149796, 53.9186012 ] } },
{ "type": "Feature", "properties": { "name": "Быковка", "is_admin_centre_district": false }, "geometry": { "type": "Point", "coordinates": [ 37.8965768, 54.0231615 ] } },
{ "type": "Feature", "properties": { "name": "Пигасово", "is_admin_centre_district": false }, "geometry": { "type": "Point", "coordinates": [ 37.8767836, 54.0679053 ] } },
{ "type": "Feature", "properties": { "name": "Берёзовка", "is_admin_centre_district": false }, "geometry": { "type": "Point", "coordinates": [ 38.0646717, 54.0857198 ] } },
{ "type": "Feature", "properties": { "name": "Бурильщиков", "is_admin_centre_district": false }, "geometry": { "type": "Point", "coordinates": [ 37.9876071, 54.0735004 ] } },
{ "type": "Feature", "properties": { "name": "Горки-Дубрава", "is_admin_centre_district": false }, "geometry": { "type": "Point", "coordinates": [ 37.8706467, 54.0846995 ] } },
{ "type": "Feature", "properties": { "name": "Дубовка", "is_admin_centre_district": false }, "geometry": { "type": "Point", "coordinates": [ 38.0972297, 54.0832182 ] } },
{ "type": "Feature", "properties": { "name": "Красная Звезда", "is_admin_centre_district": false }, "geometry": { "type": "Point", "coordinates": [ 37.8591132, 54.0879342 ] } },
{ "type": "Feature", "properties": { "name": "Оболенское", "is_admin_centre_district": false }, "geometry": { "type": "Point", "coordinates": [ 37.9849732, 54.0702914 ] } },
{ "type": "Feature", "properties": { "name": "Никольское", "is_admin_centre_district": false }, "geometry": { "type": "Point", "coordinates": [ 37.8258784, 54.0700232 ] } },
{ "type": "Feature", "properties": { "name": "Улановка", "is_admin_centre_district": false }, "geometry": { "type": "Point", "coordinates": [ 37.8388979, 54.0615484 ] } },
{ "type": "Feature", "properties": { "name": "Лопатки", "is_admin_centre_district": false }, "geometry": { "type": "Point", "coordinates": [ 37.9111721, 53.9944636 ] } },
{ "type": "Feature", "properties": { "name": "Пушкарские Выселки", "is_admin_centre_district": false }, "geometry": { "type": "Point", "coordinates": [ 37.8893214, 53.9816646 ] } },
{ "type": "Feature", "properties": { "name": "Красные Озера", "is_admin_centre_district": false }, "geometry": { "type": "Point", "coordinates": [ 38.0168757, 54.0185121 ] } },
{ "type": "Feature", "properties": { "name": "Дедилово", "is_admin_centre_district": false }, "geometry": { "type": "Point", "coordinates": [ 38.0388966, 54.0217252 ] } },
{ "type": "Feature", "properties": { "name": "Зареченский", "is_admin_centre_district": false }, "geometry": { "type": "Point", "coordinates": [ 38.0045725, 53.9709634 ] } },
{ "type": "Feature", "properties": { "name": "Большое Зуево", "is_admin_centre_district": false }, "geometry": { "type": "Point", "coordinates": [ 37.7599976, 54.0488948 ] } },
{ "type": "Feature", "properties": { "name": "Демидовка", "is_admin_centre_district": false }, "geometry": { "type": "Point", "coordinates": [ 37.7524231, 54.0649537 ] } },
{ "type": "Feature", "properties": { "name": "Дубовка", "is_admin_centre_district": false }, "geometry": { "type": "Point", "coordinates": [ 37.7546976, 54.073837 ] } },
{ "type": "Feature", "properties": { "name": "Замятино", "is_admin_centre_district": false }, "geometry": { "type": "Point", "coordinates": [ 37.7769921, 54.0407811 ] } },
{ "type": "Feature", "properties": { "name": "Каменка", "is_admin_centre_district": false }, "geometry": { "type": "Point", "coordinates": [ 37.7607845, 54.0837579 ] } },
{ "type": "Feature", "properties": { "name": "Мясновка", "is_admin_centre_district": false }, "geometry": { "type": "Point", "coordinates": [ 37.7594605, 54.041126 ] } },
{ "type": "Feature", "properties": { "name": "Фатеево", "is_admin_centre_district": false }, "geometry": { "type": "Point", "coordinates": [ 37.7603195, 54.0792252 ] } },
{ "type": "Feature", "properties": { "name": "Голубовка", "is_admin_centre_district": false }, "geometry": { "type": "Point", "coordinates": [ 37.8364929, 53.9648369 ] } },
{ "type": "Feature", "properties": { "name": "Казаринка", "is_admin_centre_district": false }, "geometry": { "type": "Point", "coordinates": [ 37.7498568, 53.9615896 ] } },
{ "type": "Feature", "properties": { "name": "Красногвардейский", "is_admin_centre_district": false }, "geometry": { "type": "Point", "coordinates": [ 37.7725309, 54.0765737 ] } },
{ "type": "Feature", "properties": { "name": "Круглое", "is_admin_centre_district": false }, "geometry": { "type": "Point", "coordinates": [ 37.7584077, 54.000613 ] } },
{ "type": "Feature", "properties": { "name": "Мокрышевка", "is_admin_centre_district": false }, "geometry": { "type": "Point", "coordinates": [ 37.8384978, 54.0558528 ] } },
{ "type": "Feature", "properties": { "name": "Новая Вьевка", "is_admin_centre_district": false }, "geometry": { "type": "Point", "coordinates": [ 37.7916068, 54.0802055 ] } },
{ "type": "Feature", "properties": { "name": "Солосовка", "is_admin_centre_district": false }, "geometry": { "type": "Point", "coordinates": [ 37.7785216, 54.0692808 ] } },
{ "type": "Feature", "properties": { "name": "Трудовой", "is_admin_centre_district": false }, "geometry": { "type": "Point", "coordinates": [ 37.7786973, 54.0799223 ] } },
{ "type": "Feature", "properties": { "name": "Бахметьево", "is_admin_centre_district": false }, "geometry": { "type": "Point", "coordinates": [ 37.8100054, 54.0487327 ] } },
{ "type": "Feature", "properties": { "name": "Интернациональный", "is_admin_centre_district": false }, "geometry": { "type": "Point", "coordinates": [ 37.8152303, 54.0579532 ] } },
{ "type": "Feature", "properties": { "name": "Березовский", "is_admin_centre_district": false }, "geometry": { "type": "Point", "coordinates": [ 37.7292079, 53.9412692 ] } },
{ "type": "Feature", "properties": { "name": "Воронки", "is_admin_centre_district": false }, "geometry": { "type": "Point", "coordinates": [ 37.7353877, 53.9336145 ] } },
{ "type": "Feature", "properties": { "name": "Зубаревка", "is_admin_centre_district": false }, "geometry": { "type": "Point", "coordinates": [ 37.7615419, 53.9315143 ] } },
{ "type": "Feature", "properties": { "name": "Ключевка", "is_admin_centre_district": false }, "geometry": { "type": "Point", "coordinates": [ 37.747868, 53.900248 ] } },
{ "type": "Feature", "properties": { "name": "Подлесное", "is_admin_centre_district": false }, "geometry": { "type": "Point", "coordinates": [ 37.8138074, 53.9131542 ] } },
{ "type": "Feature", "properties": { "name": "Головлино", "is_admin_centre_district": false }, "geometry": { "type": "Point", "coordinates": [ 37.7355057, 53.9544468 ] } },
{ "type": "Feature", "properties": { "name": "Костриченка", "is_admin_centre_district": false }, "geometry": { "type": "Point", "coordinates": [ 37.9160317, 53.8100659 ] } },
{ "type": "Feature", "properties": { "name": "Прогресс", "is_admin_centre_district": false }, "geometry": { "type": "Point", "coordinates": [ 37.8589344, 53.883649 ] } },
{ "type": "Feature", "properties": { "name": "Качан", "is_admin_centre_district": false }, "geometry": { "type": "Point", "coordinates": [ 37.8322967, 53.8295017 ] } },
{ "type": "Feature", "properties": { "name": "Братцево", "is_admin_centre_district": false }, "geometry": { "type": "Point", "coordinates": [ 37.7651731, 53.857423 ] } },
{ "type": "Feature", "properties": { "name": "Луневка", "is_admin_centre_district": false }, "geometry": { "type": "Point", "coordinates": [ 37.78868, 53.8514365 ] } },
{ "type": "Feature", "properties": { "name": "Дмитриевка", "is_admin_centre_district": false }, "geometry": { "type": "Point", "coordinates": [ 37.9952847, 53.8945011 ] } },
{ "type": "Feature", "properties": { "name": "Шиворонь", "is_admin_centre_district": false }, "geometry": { "type": "Point", "coordinates": [ 37.9891858, 53.9717449 ] } },
{ "type": "Feature", "properties": { "name": "Романцево", "is_admin_centre_district": false }, "geometry": { "type": "Point", "coordinates": [ 38.3270496, 53.8382741 ] } },
{ "type": "Feature", "properties": { "name": "Большой Суходол", "is_admin_centre_district": false }, "geometry": { "type": "Point", "coordinates": [ 38.2690499, 53.7291589 ] } },
{ "type": "Feature", "properties": { "name": "3 Каменецкая", "is_admin_centre_district": false }, "geometry": { "type": "Point", "coordinates": [ 38.2520365, 53.9664791 ] } },
{ "type": "Feature", "properties": { "name": "Сечено", "is_admin_centre_district": false }, "geometry": { "type": "Point", "coordinates": [ 37.7852796, 53.8827546 ] } },
{ "type": "Feature", "properties": { "name": "Ивакино", "is_admin_centre_district": false }, "geometry": { "type": "Point", "coordinates": [ 37.8027613, 53.8733513 ] } },
{ "type": "Feature", "properties": { "name": "Ключёвка", "is_admin_centre_district": false }, "geometry": { "type": "Point", "coordinates": [ 38.2358988, 54.0617917 ] } },
{ "type": "Feature", "properties": { "name": "Южный", "is_admin_centre_district": false }, "geometry": { "type": "Point", "coordinates": [ 38.1287169, 53.9151073 ] } },
{ "type": "Feature", "properties": { "name": "Синяевка", "is_admin_centre_district": false }, "geometry": { "type": "Point", "coordinates": [ 38.0991053, 53.9646702 ] } },
{ "type": "Feature", "properties": { "name": "Улановский", "is_admin_centre_district": false }, "geometry": { "type": "Point", "coordinates": [ 37.8513559, 54.0617068 ] } },
{ "type": "Feature", "properties": { "name": "Тула", "is_admin_centre_district": true }, "geometry": { "type": "Point", "coordinates": [ 37.61754, 54.1930321 ] } },
{ "type": "Feature", "properties": { "name": "Анишино", "is_admin_centre_district": false }, "geometry": { "type": "Point", "coordinates": [ 37.9553935, 54.317799 ] } },
{ "type": "Feature", "properties": { "name": "Гати", "is_admin_centre_district": false }, "geometry": { "type": "Point", "coordinates": [ 38.3029347, 54.2875965 ] } },
{ "type": "Feature", "properties": { "name": "Венёв", "is_admin_centre_district": true }, "geometry": { "type": "Point", "coordinates": [ 38.2656, 54.3504 ] } },
{ "type": "Feature", "properties": { "name": "Шатск", "is_admin_centre_district": false }, "geometry": { "type": "Point", "coordinates": [ 37.8392095, 54.1336723 ] } },
{ "type": "Feature", "properties": { "name": "Присады", "is_admin_centre_district": false }, "geometry": { "type": "Point", "coordinates": [ 37.8149189, 54.1200958 ] } },
{ "type": "Feature", "properties": { "name": "Теребуш", "is_admin_centre_district": false }, "geometry": { "type": "Point", "coordinates": [ 38.1588665, 54.2768588 ] } },
{ "type": "Feature", "properties": { "name": "Борщевое", "is_admin_centre_district": false }, "geometry": { "type": "Point", "coordinates": [ 38.1430443, 54.2483943 ] } },
{ "type": "Feature", "properties": { "name": "Карники", "is_admin_centre_district": false }, "geometry": { "type": "Point", "coordinates": [ 38.0974272, 54.1987602 ] } },
{ "type": "Feature", "properties": { "name": "Сергиево", "is_admin_centre_district": false }, "geometry": { "type": "Point", "coordinates": [ 38.0432858, 54.1144722 ] } },
{ "type": "Feature", "properties": { "name": "Арсеньево", "is_admin_centre_district": false }, "geometry": { "type": "Point", "coordinates": [ 38.0725739, 54.1491998 ] } },
{ "type": "Feature", "properties": { "name": "Матвеевка", "is_admin_centre_district": false }, "geometry": { "type": "Point", "coordinates": [ 38.1884759, 54.4377555 ] } },
{ "type": "Feature", "properties": { "name": "Воскресенское", "is_admin_centre_district": false }, "geometry": { "type": "Point", "coordinates": [ 38.2184675, 54.4718449 ] } },
{ "type": "Feature", "properties": { "name": "Настасьино", "is_admin_centre_district": false }, "geometry": { "type": "Point", "coordinates": [ 38.2544866, 54.4613785 ] } },
{ "type": "Feature", "properties": { "name": "Тростники", "is_admin_centre_district": false }, "geometry": { "type": "Point", "coordinates": [ 38.2687124, 54.46546 ] } },
{ "type": "Feature", "properties": { "name": "Тулубьево", "is_admin_centre_district": false }, "geometry": { "type": "Point", "coordinates": [ 38.2947658, 54.4648186 ] } },
{ "type": "Feature", "properties": { "name": "Новое Село", "is_admin_centre_district": false }, "geometry": { "type": "Point", "coordinates": [ 37.8510656, 54.1116038 ] } },
{ "type": "Feature", "properties": { "name": "Озеренская", "is_admin_centre_district": false }, "geometry": { "type": "Point", "coordinates": [ 38.280734, 54.3658151 ] } },
{ "type": "Feature", "properties": { "name": "Большие Заломы", "is_admin_centre_district": false }, "geometry": { "type": "Point", "coordinates": [ 38.3261727, 54.377254 ] } },
{ "type": "Feature", "properties": { "name": "Каменный", "is_admin_centre_district": false }, "geometry": { "type": "Point", "coordinates": [ 38.2714643, 54.3740152 ] } },
{ "type": "Feature", "properties": { "name": "Свиридовский", "is_admin_centre_district": false }, "geometry": { "type": "Point", "coordinates": [ 38.265858, 54.380104 ] } },
{ "type": "Feature", "properties": { "name": "Коломенская", "is_admin_centre_district": false }, "geometry": { "type": "Point", "coordinates": [ 38.2491698, 54.3703154 ] } },
{ "type": "Feature", "properties": { "name": "Потетино", "is_admin_centre_district": false }, "geometry": { "type": "Point", "coordinates": [ 38.0459012, 54.3958075 ] } },
{ "type": "Feature", "properties": { "name": "Улыбышево", "is_admin_centre_district": false }, "geometry": { "type": "Point", "coordinates": [ 38.117999, 54.4222826 ] } },
{ "type": "Feature", "properties": { "name": "Пещерово", "is_admin_centre_district": false }, "geometry": { "type": "Point", "coordinates": [ 37.7547544, 54.1807107 ] } },
{ "type": "Feature", "properties": { "name": "Частое", "is_admin_centre_district": false }, "geometry": { "type": "Point", "coordinates": [ 37.7806808, 54.1795606 ] } },
{ "type": "Feature", "properties": { "name": "Крутое", "is_admin_centre_district": false }, "geometry": { "type": "Point", "coordinates": [ 37.8008653, 54.1889269 ] } },
{ "type": "Feature", "properties": { "name": "Сигитово", "is_admin_centre_district": false }, "geometry": { "type": "Point", "coordinates": [ 37.8187932, 54.1950421 ] } },
{ "type": "Feature", "properties": { "name": "Темерево", "is_admin_centre_district": false }, "geometry": { "type": "Point", "coordinates": [ 37.8383626, 54.2053847 ] } },
{ "type": "Feature", "properties": { "name": "Акулинино", "is_admin_centre_district": false }, "geometry": { "type": "Point", "coordinates": [ 37.8492138, 54.1549533 ] } },
{ "type": "Feature", "properties": { "name": "Красный Яр", "is_admin_centre_district": false }, "geometry": { "type": "Point", "coordinates": [ 37.8896357, 54.1751089 ] } },
{ "type": "Feature", "properties": { "name": "Трещево", "is_admin_centre_district": false }, "geometry": { "type": "Point", "coordinates": [ 37.9376076, 54.1784885 ] } },
{ "type": "Feature", "properties": { "name": "Ивровка", "is_admin_centre_district": false }, "geometry": { "type": "Point", "coordinates": [ 37.9588303, 54.152892 ] } },
{ "type": "Feature", "properties": { "name": "Слободка", "is_admin_centre_district": false }, "geometry": { "type": "Point", "coordinates": [ 37.9468526, 54.1286067 ] } },
{ "type": "Feature", "properties": { "name": "Изрог", "is_admin_centre_district": false }, "geometry": { "type": "Point", "coordinates": [ 37.9238715, 54.1268464 ] } },
{ "type": "Feature", "properties": { "name": "Куракино", "is_admin_centre_district": false }, "geometry": { "type": "Point", "coordinates": [ 37.913078, 54.114948 ] } },
{ "type": "Feature", "properties": { "name": "Болоховский", "is_admin_centre_district": false }, "geometry": { "type": "Point", "coordinates": [ 37.9740331, 54.1063966 ] } },
{ "type": "Feature", "properties": { "name": "Озерки", "is_admin_centre_district": false }, "geometry": { "type": "Point", "coordinates": [ 37.7506696, 54.1156593 ] } },
{ "type": "Feature", "properties": { "name": "Сергиевское", "is_admin_centre_district": false }, "geometry": { "type": "Point", "coordinates": [ 37.7495372, 54.1107642 ] } },
{ "type": "Feature", "properties": { "name": "Бураково", "is_admin_centre_district": false }, "geometry": { "type": "Point", "coordinates": [ 37.9088735, 54.4227418 ] } },
{ "type": "Feature", "properties": { "name": "Гигант", "is_admin_centre_district": false }, "geometry": { "type": "Point", "coordinates": [ 37.7710084, 54.4367841 ] } },
{ "type": "Feature", "properties": { "name": "Денисово", "is_admin_centre_district": false }, "geometry": { "type": "Point", "coordinates": [ 37.8559382, 54.4602415 ] } },
{ "type": "Feature", "properties": { "name": "Горшково", "is_admin_centre_district": false }, "geometry": { "type": "Point", "coordinates": [ 37.9897321, 54.4299978 ] } },
{ "type": "Feature", "properties": { "name": "Кукуй", "is_admin_centre_district": false }, "geometry": { "type": "Point", "coordinates": [ 38.0613562, 54.1150208 ] } },
{ "type": "Feature", "properties": { "name": "Крюково", "is_admin_centre_district": false }, "geometry": { "type": "Point", "coordinates": [ 37.7501893, 54.2884199 ] } },
{ "type": "Feature", "properties": { "name": "Торхово", "is_admin_centre_district": false }, "geometry": { "type": "Point", "coordinates": [ 37.7710413, 54.2992695 ] } },
{ "type": "Feature", "properties": { "name": "Колодезное", "is_admin_centre_district": false }, "geometry": { "type": "Point", "coordinates": [ 37.8542747, 54.2544539 ] } },
{ "type": "Feature", "properties": { "name": "Шувайка", "is_admin_centre_district": false }, "geometry": { "type": "Point", "coordinates": [ 37.9128314, 54.257435 ] } },
{ "type": "Feature", "properties": { "name": "Дубки", "is_admin_centre_district": false }, "geometry": { "type": "Point", "coordinates": [ 37.9087032, 54.23198 ] } },
{ "type": "Feature", "properties": { "name": "Серебряные Ключи", "is_admin_centre_district": false }, "geometry": { "type": "Point", "coordinates": [ 37.9237306, 54.2495207 ] } },
{ "type": "Feature", "properties": { "name": "Романово", "is_admin_centre_district": false }, "geometry": { "type": "Point", "coordinates": [ 37.9181128, 54.2100085 ] } },
{ "type": "Feature", "properties": { "name": "Бронники", "is_admin_centre_district": false }, "geometry": { "type": "Point", "coordinates": [ 37.9052268, 54.201998 ] } },
{ "type": "Feature", "properties": { "name": "Гамово", "is_admin_centre_district": false }, "geometry": { "type": "Point", "coordinates": [ 37.8751012, 54.1994221 ] } },
{ "type": "Feature", "properties": { "name": "Дорофеево", "is_admin_centre_district": false }, "geometry": { "type": "Point", "coordinates": [ 37.802323, 54.2835163 ] } },
{ "type": "Feature", "properties": { "name": "Грицовский", "is_admin_centre_district": false }, "geometry": { "type": "Point", "coordinates": [ 38.1625245, 54.1389476 ] } },
{ "type": "Feature", "properties": { "name": "Большие Тетерки", "is_admin_centre_district": false }, "geometry": { "type": "Point", "coordinates": [ 38.2823156, 54.1533459 ] } },
{ "type": "Feature", "properties": { "name": "Правда", "is_admin_centre_district": false }, "geometry": { "type": "Point", "coordinates": [ 38.237757, 54.1962579 ] } },
{ "type": "Feature", "properties": { "name": "Докторово", "is_admin_centre_district": false }, "geometry": { "type": "Point", "coordinates": [ 38.2286035, 54.1760458 ] } },
{ "type": "Feature", "properties": { "name": "Малые Тетерки", "is_admin_centre_district": false }, "geometry": { "type": "Point", "coordinates": [ 38.2893102, 54.1573408 ] } },
{ "type": "Feature", "properties": { "name": "Акульшино", "is_admin_centre_district": false }, "geometry": { "type": "Point", "coordinates": [ 38.2571866, 54.2013094 ] } },
{ "type": "Feature", "properties": { "name": "Урусово", "is_admin_centre_district": false }, "geometry": { "type": "Point", "coordinates": [ 38.2184828, 54.118053 ] } },
{ "type": "Feature", "properties": { "name": "Орловка", "is_admin_centre_district": false }, "geometry": { "type": "Point", "coordinates": [ 38.1449784, 54.1031092 ] } },
{ "type": "Feature", "properties": { "name": "Васильевка", "is_admin_centre_district": false }, "geometry": { "type": "Point", "coordinates": [ 38.2722985, 54.11125 ] } },
{ "type": "Feature", "properties": { "name": "Прудки", "is_admin_centre_district": false }, "geometry": { "type": "Point", "coordinates": [ 38.2383787, 54.1136393 ] } },
{ "type": "Feature", "properties": { "name": "Грицово", "is_admin_centre_district": false }, "geometry": { "type": "Point", "coordinates": [ 38.1672, 54.1131 ] } },
{ "type": "Feature", "properties": { "name": "Богдановка", "is_admin_centre_district": false }, "geometry": { "type": "Point", "coordinates": [ 38.2879598, 54.1143828 ] } },
{ "type": "Feature", "properties": { "name": "Тихоновка", "is_admin_centre_district": false }, "geometry": { "type": "Point", "coordinates": [ 38.1785528, 54.1221829 ] } },
{ "type": "Feature", "properties": { "name": "Новая Деревня", "is_admin_centre_district": false }, "geometry": { "type": "Point", "coordinates": [ 38.2909984, 54.2209751 ] } },
{ "type": "Feature", "properties": { "name": "Пашково", "is_admin_centre_district": false }, "geometry": { "type": "Point", "coordinates": [ 38.2337465, 54.1512688 ] } },
{ "type": "Feature", "properties": { "name": "Старая Уваровка", "is_admin_centre_district": false }, "geometry": { "type": "Point", "coordinates": [ 38.1916786, 54.1371198 ] } },
{ "type": "Feature", "properties": { "name": "Прохоровка", "is_admin_centre_district": false }, "geometry": { "type": "Point", "coordinates": [ 38.18, 54.1149 ] } },
{ "type": "Feature", "properties": { "name": "Знаменка", "is_admin_centre_district": false }, "geometry": { "type": "Point", "coordinates": [ 38.3105595, 54.1154014 ] } },
{ "type": "Feature", "properties": { "name": "Грицово", "is_admin_centre_district": false }, "geometry": { "type": "Point", "coordinates": [ 38.1831, 54.135 ] } },
{ "type": "Feature", "properties": { "name": "Михайловка", "is_admin_centre_district": false }, "geometry": { "type": "Point", "coordinates": [ 38.2433055, 54.2479185 ] } },
{ "type": "Feature", "properties": { "name": "Грайворонки", "is_admin_centre_district": false }, "geometry": { "type": "Point", "coordinates": [ 38.2124657, 54.1541537 ] } },
{ "type": "Feature", "properties": { "name": "Сторожевое", "is_admin_centre_district": false }, "geometry": { "type": "Point", "coordinates": [ 38.2231805, 54.136027 ] } },
{ "type": "Feature", "properties": { "name": "Юдино", "is_admin_centre_district": false }, "geometry": { "type": "Point", "coordinates": [ 38.3163132, 54.1598824 ] } },
{ "type": "Feature", "properties": { "name": "Знаменский", "is_admin_centre_district": false }, "geometry": { "type": "Point", "coordinates": [ 38.3274777, 54.1069033 ] } },
{ "type": "Feature", "properties": { "name": "Шеметово", "is_admin_centre_district": false }, "geometry": { "type": "Point", "coordinates": [ 37.71546, 54.4471866 ] } },
{ "type": "Feature", "properties": { "name": "Боровковский", "is_admin_centre_district": false }, "geometry": { "type": "Point", "coordinates": [ 37.7271922, 54.4590593 ] } },
{ "type": "Feature", "properties": { "name": "Венев-Монастырь", "is_admin_centre_district": false }, "geometry": { "type": "Point", "coordinates": [ 38.0298357, 54.3363904 ] } },
{ "type": "Feature", "properties": { "name": "Дедиловские Выселки", "is_admin_centre_district": false }, "geometry": { "type": "Point", "coordinates": [ 38.0377321, 54.3289836 ] } },
{ "type": "Feature", "properties": { "name": "Волынцевский", "is_admin_centre_district": false }, "geometry": { "type": "Point", "coordinates": [ 37.8805547, 54.3075439 ] } },
{ "type": "Feature", "properties": { "name": "Волынцево", "is_admin_centre_district": false }, "geometry": { "type": "Point", "coordinates": [ 37.8431324, 54.3083514 ] } },
{ "type": "Feature", "properties": { "name": "Богоявленка", "is_admin_centre_district": false }, "geometry": { "type": "Point", "coordinates": [ 38.0023698, 54.3266812 ] } },
{ "type": "Feature", "properties": { "name": "Воейково", "is_admin_centre_district": false }, "geometry": { "type": "Point", "coordinates": [ 38.1831086, 54.1524667 ] } },
{ "type": "Feature", "properties": { "name": "Новая Уваровка", "is_admin_centre_district": false }, "geometry": { "type": "Point", "coordinates": [ 38.1797612, 54.1404202 ] } },
{ "type": "Feature", "properties": { "name": "Хрусловка", "is_admin_centre_district": false }, "geometry": { "type": "Point", "coordinates": [ 38.2292814, 54.3989057 ] } },
{ "type": "Feature", "properties": { "name": "Симаково", "is_admin_centre_district": false }, "geometry": { "type": "Point", "coordinates": [ 38.3025848, 54.183128 ] } },
{ "type": "Feature", "properties": { "name": "Бяково", "is_admin_centre_district": false }, "geometry": { "type": "Point", "coordinates": [ 38.2014628, 54.3969995 ] } },
{ "type": "Feature", "properties": { "name": "Марьино", "is_admin_centre_district": false }, "geometry": { "type": "Point", "coordinates": [ 37.8222098, 54.1366156 ] } },
{ "type": "Feature", "properties": { "name": "Тёплое", "is_admin_centre_district": false }, "geometry": { "type": "Point", "coordinates": [ 37.8380318, 54.1564176 ] } },
{ "type": "Feature", "properties": { "name": "Засечный", "is_admin_centre_district": false }, "geometry": { "type": "Point", "coordinates": [ 38.085951, 54.3353315 ] } },
{ "type": "Feature", "properties": { "name": "посёлок Ильича", "is_admin_centre_district": false }, "geometry": { "type": "Point", "coordinates": [ 38.2989841, 54.4328511 ] } },
{ "type": "Feature", "properties": { "name": "Звойские Выселки", "is_admin_centre_district": false }, "geometry": { "type": "Point", "coordinates": [ 38.2700572, 54.4099871 ] } },
{ "type": "Feature", "properties": { "name": "Большая Звойка", "is_admin_centre_district": false }, "geometry": { "type": "Point", "coordinates": [ 38.2711139, 54.423322 ] } },
{ "type": "Feature", "properties": { "name": "Ключевое", "is_admin_centre_district": false }, "geometry": { "type": "Point", "coordinates": [ 38.3318767, 54.4031743 ] } },
{ "type": "Feature", "properties": { "name": "Свиридово 2-е", "is_admin_centre_district": false }, "geometry": { "type": "Point", "coordinates": [ 38.2709009, 54.3931944 ] } },
{ "type": "Feature", "properties": { "name": "Выглядовка", "is_admin_centre_district": false }, "geometry": { "type": "Point", "coordinates": [ 38.2532525, 54.4466886 ] } },
{ "type": "Feature", "properties": { "name": "Малая Хрусловка", "is_admin_centre_district": false }, "geometry": { "type": "Point", "coordinates": [ 38.2428592, 54.3978335 ] } },
{ "type": "Feature", "properties": { "name": "Васильевское", "is_admin_centre_district": false }, "geometry": { "type": "Point", "coordinates": [ 38.2033557, 54.4577497 ] } },
{ "type": "Feature", "properties": { "name": "Лукошкино", "is_admin_centre_district": false }, "geometry": { "type": "Point", "coordinates": [ 38.2380742, 54.4761064 ] } },
{ "type": "Feature", "properties": { "name": "Квашнино", "is_admin_centre_district": false }, "geometry": { "type": "Point", "coordinates": [ 37.9465916, 54.3792034 ] } },
{ "type": "Feature", "properties": { "name": "Филатово", "is_admin_centre_district": false }, "geometry": { "type": "Point", "coordinates": [ 37.9497543, 54.3579096 ] } },
{ "type": "Feature", "properties": { "name": "Метростроевский", "is_admin_centre_district": false }, "geometry": { "type": "Point", "coordinates": [ 38.2027264, 54.4042807 ] } },
{ "type": "Feature", "properties": { "name": "Липня", "is_admin_centre_district": false }, "geometry": { "type": "Point", "coordinates": [ 38.0216629, 54.1097852 ] } },
{ "type": "Feature", "properties": { "name": "Стубленка", "is_admin_centre_district": false }, "geometry": { "type": "Point", "coordinates": [ 37.9813144, 54.1130492 ] } },
{ "type": "Feature", "properties": { "name": "Сосенки", "is_admin_centre_district": false }, "geometry": { "type": "Point", "coordinates": [ 38.2125303, 54.3832772 ] } },
{ "type": "Feature", "properties": { "name": "Васильевский", "is_admin_centre_district": false }, "geometry": { "type": "Point", "coordinates": [ 38.182364, 54.4587208 ] } },
{ "type": "Feature", "properties": { "name": "Клин", "is_admin_centre_district": false }, "geometry": { "type": "Point", "coordinates": [ 38.1396991, 54.3799624 ] } },
{ "type": "Feature", "properties": { "name": "Махринка", "is_admin_centre_district": false }, "geometry": { "type": "Point", "coordinates": [ 38.1595291, 54.4180455 ] } },
{ "type": "Feature", "properties": { "name": "Грабоново", "is_admin_centre_district": false }, "geometry": { "type": "Point", "coordinates": [ 38.3142272, 54.4154184 ] } },
{ "type": "Feature", "properties": { "name": "Демидовка", "is_admin_centre_district": false }, "geometry": { "type": "Point", "coordinates": [ 37.7801611, 54.2256468 ] } },
{ "type": "Feature", "properties": { "name": "Сине-Тулица", "is_admin_centre_district": false }, "geometry": { "type": "Point", "coordinates": [ 37.7752164, 54.3216013 ] } },
{ "type": "Feature", "properties": { "name": "Бушово", "is_admin_centre_district": false }, "geometry": { "type": "Point", "coordinates": [ 37.719723, 54.308975 ] } },
{ "type": "Feature", "properties": { "name": "Рождественка", "is_admin_centre_district": false }, "geometry": { "type": "Point", "coordinates": [ 37.8668748, 54.1813733 ] } },
{ "type": "Feature", "properties": { "name": "Карпово", "is_admin_centre_district": false }, "geometry": { "type": "Point", "coordinates": [ 38.1658706, 54.3920698 ] } },
{ "type": "Feature", "properties": { "name": "Махринские Выселки", "is_admin_centre_district": false }, "geometry": { "type": "Point", "coordinates": [ 38.1761703, 54.4292583 ] } },
{ "type": "Feature", "properties": { "name": "Боярково", "is_admin_centre_district": false }, "geometry": { "type": "Point", "coordinates": [ 38.101798, 54.4548386 ] } },
{ "type": "Feature", "properties": { "name": "Студенец", "is_admin_centre_district": false }, "geometry": { "type": "Point", "coordinates": [ 38.1162605, 54.4396671 ] } },
{ "type": "Feature", "properties": { "name": "Сасово", "is_admin_centre_district": false }, "geometry": { "type": "Point", "coordinates": [ 38.134006, 54.4648418 ] } },
{ "type": "Feature", "properties": { "name": "Пригори", "is_admin_centre_district": false }, "geometry": { "type": "Point", "coordinates": [ 38.1798161, 54.348041 ] } },
{ "type": "Feature", "properties": { "name": "Хавки", "is_admin_centre_district": false }, "geometry": { "type": "Point", "coordinates": [ 38.2104167, 54.3287397 ] } },
{ "type": "Feature", "properties": { "name": "Борзовка", "is_admin_centre_district": false }, "geometry": { "type": "Point", "coordinates": [ 38.2163293, 54.2865585 ] } },
{ "type": "Feature", "properties": { "name": "Лопатино", "is_admin_centre_district": false }, "geometry": { "type": "Point", "coordinates": [ 38.1833996, 54.2801945 ] } },
{ "type": "Feature", "properties": { "name": "Теплое", "is_admin_centre_district": true }, "geometry": { "type": "Point", "coordinates": [ 38.1989777, 54.2739347 ] } },
{ "type": "Feature", "properties": { "name": "Бежка", "is_admin_centre_district": false }, "geometry": { "type": "Point", "coordinates": [ 37.734032, 54.192684 ] } },
{ "type": "Feature", "properties": { "name": "Высокое", "is_admin_centre_district": false }, "geometry": { "type": "Point", "coordinates": [ 37.7411687, 54.2122897 ] } },
{ "type": "Feature", "properties": { "name": "Морозовка", "is_admin_centre_district": false }, "geometry": { "type": "Point", "coordinates": [ 37.723213, 54.1791139 ] } },
{ "type": "Feature", "properties": { "name": "Нижние Присады", "is_admin_centre_district": false }, "geometry": { "type": "Point", "coordinates": [ 37.7549059, 54.1359651 ] } },
{ "type": "Feature", "properties": { "name": "Новоселки", "is_admin_centre_district": false }, "geometry": { "type": "Point", "coordinates": [ 37.7838422, 54.2121048 ] } },
{ "type": "Feature", "properties": { "name": "Оленино", "is_admin_centre_district": false }, "geometry": { "type": "Point", "coordinates": [ 37.8272971, 54.2318544 ] } },
{ "type": "Feature", "properties": { "name": "Перевал", "is_admin_centre_district": false }, "geometry": { "type": "Point", "coordinates": [ 37.8064282, 54.2208553 ] } },
{ "type": "Feature", "properties": { "name": "Сеженские Выселки", "is_admin_centre_district": false }, "geometry": { "type": "Point", "coordinates": [ 37.7382264, 54.1867993 ] } },
{ "type": "Feature", "properties": { "name": "Сергиевский", "is_admin_centre_district": false }, "geometry": { "type": "Point", "coordinates": [ 37.7428672, 54.1058254 ] } },
{ "type": "Feature", "properties": { "name": "Частинские Выселки", "is_admin_centre_district": false }, "geometry": { "type": "Point", "coordinates": [ 37.8032747, 54.1743604 ] } },
{ "type": "Feature", "properties": { "name": "Балабаевка", "is_admin_centre_district": false }, "geometry": { "type": "Point", "coordinates": [ 37.7682556, 54.1628117 ] } },
{ "type": "Feature", "properties": { "name": "Верхние Присады", "is_admin_centre_district": false }, "geometry": { "type": "Point", "coordinates": [ 37.7746229, 54.1360417 ] } },
{ "type": "Feature", "properties": { "name": "Георгиевское", "is_admin_centre_district": false }, "geometry": { "type": "Point", "coordinates": [ 37.7718696, 54.1549155 ] } },
{ "type": "Feature", "properties": { "name": "Журавка", "is_admin_centre_district": false }, "geometry": { "type": "Point", "coordinates": [ 37.8720216, 54.2783259 ] } },
{ "type": "Feature", "properties": { "name": "Казачий Хутор", "is_admin_centre_district": false }, "geometry": { "type": "Point", "coordinates": [ 37.8024344, 54.1477488 ] } },
{ "type": "Feature", "properties": { "name": "Новая Знаменка", "is_admin_centre_district": false }, "geometry": { "type": "Point", "coordinates": [ 37.7313727, 54.2793906 ] } },
{ "type": "Feature", "properties": { "name": "Присады", "is_admin_centre_district": false }, "geometry": { "type": "Point", "coordinates": [ 37.7853969, 54.124586 ] } },
{ "type": "Feature", "properties": { "name": "Сежа", "is_admin_centre_district": false }, "geometry": { "type": "Point", "coordinates": [ 37.7506434, 54.1545809 ] } },
{ "type": "Feature", "properties": { "name": "Алферьево", "is_admin_centre_district": false }, "geometry": { "type": "Point", "coordinates": [ 37.8464541, 54.3666202 ] } },
{ "type": "Feature", "properties": { "name": "Бабанино", "is_admin_centre_district": false }, "geometry": { "type": "Point", "coordinates": [ 37.7942473, 54.3304545 ] } },
{ "type": "Feature", "properties": { "name": "Барыбинка", "is_admin_centre_district": false }, "geometry": { "type": "Point", "coordinates": [ 37.7687838, 54.27679 ] } },
{ "type": "Feature", "properties": { "name": "Гнездино", "is_admin_centre_district": false }, "geometry": { "type": "Point", "coordinates": [ 37.7209263, 54.2847273 ] } },
{ "type": "Feature", "properties": { "name": "Городище", "is_admin_centre_district": false }, "geometry": { "type": "Point", "coordinates": [ 37.7875353, 54.318073 ] } },
{ "type": "Feature", "properties": { "name": "Кишкино", "is_admin_centre_district": false }, "geometry": { "type": "Point", "coordinates": [ 37.8230064, 54.3607675 ] } },
{ "type": "Feature", "properties": { "name": "Руднево", "is_admin_centre_district": false }, "geometry": { "type": "Point", "coordinates": [ 37.800672, 54.352095 ] } },
{ "type": "Feature", "properties": { "name": "Страхово", "is_admin_centre_district": false }, "geometry": { "type": "Point", "coordinates": [ 37.7430927, 54.3200151 ] } },
{ "type": "Feature", "properties": { "name": "Тёплое", "is_admin_centre_district": false }, "geometry": { "type": "Point", "coordinates": [ 37.8393998, 54.3270386 ] } },
{ "type": "Feature", "properties": { "name": "Ширино", "is_admin_centre_district": false }, "geometry": { "type": "Point", "coordinates": [ 37.7601816, 54.3176673 ] } },
{ "type": "Feature", "properties": { "name": "Андреевка", "is_admin_centre_district": false }, "geometry": { "type": "Point", "coordinates": [ 38.1390936, 54.4145239 ] } },
{ "type": "Feature", "properties": { "name": "Рогово", "is_admin_centre_district": false }, "geometry": { "type": "Point", "coordinates": [ 37.9159198, 54.3487197 ] } },
{ "type": "Feature", "properties": { "name": "Березово", "is_admin_centre_district": false }, "geometry": { "type": "Point", "coordinates": [ 38.3152067, 54.317369 ] } },
{ "type": "Feature", "properties": { "name": "Медведки", "is_admin_centre_district": false }, "geometry": { "type": "Point", "coordinates": [ 38.258913, 54.2654899 ] } },
{ "type": "Feature", "properties": { "name": "Ивановское", "is_admin_centre_district": false }, "geometry": { "type": "Point", "coordinates": [ 38.1505771, 54.2008274 ] } },
{ "type": "Feature", "properties": { "name": "Колодезное", "is_admin_centre_district": false }, "geometry": { "type": "Point", "coordinates": [ 38.1387873, 54.2293771 ] } },
{ "type": "Feature", "properties": { "name": "Студенецкие Выселки", "is_admin_centre_district": false }, "geometry": { "type": "Point", "coordinates": [ 38.0633468, 54.4560719 ] } },
{ "type": "Feature", "properties": { "name": "Настасьино", "is_admin_centre_district": false }, "geometry": { "type": "Point", "coordinates": [ 38.2298602, 54.4704582 ] } },
{ "type": "Feature", "properties": { "name": "Вотчинка", "is_admin_centre_district": false }, "geometry": { "type": "Point", "coordinates": [ 38.3206597, 54.2911248 ] } },
{ "type": "Feature", "properties": { "name": "Мильшино", "is_admin_centre_district": false }, "geometry": { "type": "Point", "coordinates": [ 38.1056688, 54.3975048 ] } },
{ "type": "Feature", "properties": { "name": "Екатериновка", "is_admin_centre_district": false }, "geometry": { "type": "Point", "coordinates": [ 37.9162078, 54.3916169 ] } },
{ "type": "Feature", "properties": { "name": "Казановка", "is_admin_centre_district": false }, "geometry": { "type": "Point", "coordinates": [ 37.8976308, 54.343741 ] } },
{ "type": "Feature", "properties": { "name": "Новосёлки", "is_admin_centre_district": false }, "geometry": { "type": "Point", "coordinates": [ 37.9364692, 54.3358601 ] } },
{ "type": "Feature", "properties": { "name": "Большая Связьма", "is_admin_centre_district": false }, "geometry": { "type": "Point", "coordinates": [ 38.1651597, 54.2108646 ] } },
{ "type": "Feature", "properties": { "name": "Малая Связьма", "is_admin_centre_district": false }, "geometry": { "type": "Point", "coordinates": [ 38.1906449, 54.2223652 ] } },
{ "type": "Feature", "properties": { "name": "Бобровка", "is_admin_centre_district": false }, "geometry": { "type": "Point", "coordinates": [ 38.1061211, 54.298841 ] } },
{ "type": "Feature", "properties": { "name": "Рассвет", "is_admin_centre_district": false }, "geometry": { "type": "Point", "coordinates": [ 38.1455316, 54.3051852 ] } },
{ "type": "Feature", "properties": { "name": "Ананское", "is_admin_centre_district": false }, "geometry": { "type": "Point", "coordinates": [ 38.0203218, 54.2598373 ] } },
{ "type": "Feature", "properties": { "name": "Дьяково", "is_admin_centre_district": false }, "geometry": { "type": "Point", "coordinates": [ 38.0469558, 54.2722545 ] } },
{ "type": "Feature", "properties": { "name": "Октябрьский", "is_admin_centre_district": false }, "geometry": { "type": "Point", "coordinates": [ 38.0589522, 54.2443053 ] } },
{ "type": "Feature", "properties": { "name": "Адашево", "is_admin_centre_district": false }, "geometry": { "type": "Point", "coordinates": [ 38.0453842, 54.4371288 ] } },
{ "type": "Feature", "properties": { "name": "Бурдуково", "is_admin_centre_district": false }, "geometry": { "type": "Point", "coordinates": [ 38.0406501, 54.3660265 ] } },
{ "type": "Feature", "properties": { "name": "Лямзино", "is_admin_centre_district": false }, "geometry": { "type": "Point", "coordinates": [ 38.0712538, 54.3686499 ] } },
{ "type": "Feature", "properties": { "name": "Никифоровка", "is_admin_centre_district": false }, "geometry": { "type": "Point", "coordinates": [ 38.0860787, 54.4350634 ] } },
{ "type": "Feature", "properties": { "name": "Новое Ивашково", "is_admin_centre_district": false }, "geometry": { "type": "Point", "coordinates": [ 38.0240419, 54.4117372 ] } },
{ "type": "Feature", "properties": { "name": "Богородицкое", "is_admin_centre_district": false }, "geometry": { "type": "Point", "coordinates": [ 38.1611367, 54.2451209 ] } },
{ "type": "Feature", "properties": { "name": "Осетровское Лесничество", "is_admin_centre_district": false }, "geometry": { "type": "Point", "coordinates": [ 38.0244997, 54.3564844 ] } },
{ "type": "Feature", "properties": { "name": "Соньшино", "is_admin_centre_district": false }, "geometry": { "type": "Point", "coordinates": [ 38.1289984, 54.4687312 ] } },
{ "type": "Feature", "properties": { "name": "Глебково", "is_admin_centre_district": false }, "geometry": { "type": "Point", "coordinates": [ 38.0717073, 54.4345792 ] } },
{ "type": "Feature", "properties": { "name": "Стрелецкая", "is_admin_centre_district": false }, "geometry": { "type": "Point", "coordinates": [ 38.2802057, 54.3434263 ] } },
{ "type": "Feature", "properties": { "name": "Гурьево", "is_admin_centre_district": false }, "geometry": { "type": "Point", "coordinates": [ 38.1984057, 54.4099694 ] } },
{ "type": "Feature", "properties": { "name": "Ульяновка", "is_admin_centre_district": false }, "geometry": { "type": "Point", "coordinates": [ 38.1471943, 54.4007367 ] } },
{ "type": "Feature", "properties": { "name": "Верхнее Петрово", "is_admin_centre_district": false }, "geometry": { "type": "Point", "coordinates": [ 38.0082902, 54.1298572 ] } },
{ "type": "Feature", "properties": { "name": "Горняк", "is_admin_centre_district": false }, "geometry": { "type": "Point", "coordinates": [ 37.8693743, 54.15512 ] } },
{ "type": "Feature", "properties": { "name": "Демьяново", "is_admin_centre_district": false }, "geometry": { "type": "Point", "coordinates": [ 37.8990815, 54.1521077 ] } },
{ "type": "Feature", "properties": { "name": "Забусово", "is_admin_centre_district": false }, "geometry": { "type": "Point", "coordinates": [ 37.8971932, 54.1576365 ] } },
{ "type": "Feature", "properties": { "name": "Красная", "is_admin_centre_district": false }, "geometry": { "type": "Point", "coordinates": [ 37.870474, 54.1201481 ] } },
{ "type": "Feature", "properties": { "name": "Мещерское", "is_admin_centre_district": false }, "geometry": { "type": "Point", "coordinates": [ 37.8777798, 54.1445484 ] } },
{ "type": "Feature", "properties": { "name": "Нижнее Петрово", "is_admin_centre_district": false }, "geometry": { "type": "Point", "coordinates": [ 38.0053838, 54.1247319 ] } },
{ "type": "Feature", "properties": { "name": "Паслово", "is_admin_centre_district": false }, "geometry": { "type": "Point", "coordinates": [ 37.9319556, 54.2293215 ] } },
{ "type": "Feature", "properties": { "name": "Бельково", "is_admin_centre_district": false }, "geometry": { "type": "Point", "coordinates": [ 38.009787, 54.1720646 ] } },
{ "type": "Feature", "properties": { "name": "Крюково", "is_admin_centre_district": false }, "geometry": { "type": "Point", "coordinates": [ 38.0477027, 54.1827395 ] } },
{ "type": "Feature", "properties": { "name": "Белолипки", "is_admin_centre_district": false }, "geometry": { "type": "Point", "coordinates": [ 37.9463849, 54.1817663 ] } },
{ "type": "Feature", "properties": { "name": "Мещерские Выселки", "is_admin_centre_district": false }, "geometry": { "type": "Point", "coordinates": [ 37.9026461, 54.1248674 ] } },
{ "type": "Feature", "properties": { "name": "Кошино", "is_admin_centre_district": false }, "geometry": { "type": "Point", "coordinates": [ 37.8087574, 54.1223171 ] } },
{ "type": "Feature", "properties": { "name": "Победа", "is_admin_centre_district": false }, "geometry": { "type": "Point", "coordinates": [ 37.8587216, 54.1220655 ] } },
{ "type": "Feature", "properties": { "name": "Старая Вьевка", "is_admin_centre_district": false }, "geometry": { "type": "Point", "coordinates": [ 37.8048382, 54.0963596 ] } },
{ "type": "Feature", "properties": { "name": "Трушкино", "is_admin_centre_district": false }, "geometry": { "type": "Point", "coordinates": [ 37.7589972, 54.0908868 ] } },
{ "type": "Feature", "properties": { "name": "Грызловка", "is_admin_centre_district": false }, "geometry": { "type": "Point", "coordinates": [ 38.13065, 54.1290939 ] } },
{ "type": "Feature", "properties": { "name": "Городищи", "is_admin_centre_district": false }, "geometry": { "type": "Point", "coordinates": [ 38.1039218, 54.1363528 ] } },
{ "type": "Feature", "properties": { "name": "Быковка", "is_admin_centre_district": false }, "geometry": { "type": "Point", "coordinates": [ 38.095918, 54.204125 ] } },
{ "type": "Feature", "properties": { "name": "Бельковский", "is_admin_centre_district": false }, "geometry": { "type": "Point", "coordinates": [ 38.0898455, 54.1750539 ] } },
{ "type": "Feature", "properties": { "name": "Алексинцево", "is_admin_centre_district": false }, "geometry": { "type": "Point", "coordinates": [ 38.1109395, 54.1633413 ] } },
{ "type": "Feature", "properties": { "name": "Шилово", "is_admin_centre_district": false }, "geometry": { "type": "Point", "coordinates": [ 38.05418, 54.1443056 ] } },
{ "type": "Feature", "properties": { "name": "Торбеевский", "is_admin_centre_district": false }, "geometry": { "type": "Point", "coordinates": [ 38.106585, 54.1241311 ] } },
{ "type": "Feature", "properties": { "name": "Торбеевка", "is_admin_centre_district": false }, "geometry": { "type": "Point", "coordinates": [ 38.0819248, 54.1176765 ] } },
{ "type": "Feature", "properties": { "name": "Татарники", "is_admin_centre_district": false }, "geometry": { "type": "Point", "coordinates": [ 38.1039296, 54.1845312 ] } },
{ "type": "Feature", "properties": { "name": "Подлесный", "is_admin_centre_district": false }, "geometry": { "type": "Point", "coordinates": [ 38.0410023, 54.1395277 ] } },
{ "type": "Feature", "properties": { "name": "Петропавловское", "is_admin_centre_district": false }, "geometry": { "type": "Point", "coordinates": [ 38.0277951, 54.1207688 ] } },
{ "type": "Feature", "properties": { "name": "Первомайский", "is_admin_centre_district": false }, "geometry": { "type": "Point", "coordinates": [ 38.1096937, 54.1267953 ] } },
{ "type": "Feature", "properties": { "name": "Масловка", "is_admin_centre_district": false }, "geometry": { "type": "Point", "coordinates": [ 38.1269135, 54.1221867 ] } },
{ "type": "Feature", "properties": { "name": "Касторня", "is_admin_centre_district": false }, "geometry": { "type": "Point", "coordinates": [ 38.0699916, 54.1098263 ] } },
{ "type": "Feature", "properties": { "name": "Жуково", "is_admin_centre_district": false }, "geometry": { "type": "Point", "coordinates": [ 38.1519492, 54.1842221 ] } },
{ "type": "Feature", "properties": { "name": "Пушкарская", "is_admin_centre_district": false }, "geometry": { "type": "Point", "coordinates": [ 38.2798158, 54.3477611 ] } },
{ "type": "Feature", "properties": { "name": "Гурьевские Выселки", "is_admin_centre_district": false }, "geometry": { "type": "Point", "coordinates": [ 38.1937598, 54.4355723 ] } },
{ "type": "Feature", "properties": { "name": "Торхово", "is_admin_centre_district": false }, "geometry": { "type": "Point", "coordinates": [ 37.7880422, 54.299508 ] } },
{ "type": "Feature", "properties": { "name": "Грецово", "is_admin_centre_district": false }, "geometry": { "type": "Point", "coordinates": [ 37.9743229, 54.2510727 ] } },
{ "type": "Feature", "properties": { "name": "Бредихино", "is_admin_centre_district": false }, "geometry": { "type": "Point", "coordinates": [ 37.7732951, 54.1171768 ] } },
{ "type": "Feature", "properties": { "name": "Мызовка", "is_admin_centre_district": false }, "geometry": { "type": "Point", "coordinates": [ 37.7789944, 54.4526918 ] } },
{ "type": "Feature", "properties": { "name": "Майорово", "is_admin_centre_district": false }, "geometry": { "type": "Point", "coordinates": [ 37.7499139, 54.3668647 ] } },
{ "type": "Feature", "properties": { "name": "Крюково", "is_admin_centre_district": false }, "geometry": { "type": "Point", "coordinates": [ 37.7527785, 54.3705586 ] } },
{ "type": "Feature", "properties": { "name": "Картасеневский", "is_admin_centre_district": false }, "geometry": { "type": "Point", "coordinates": [ 38.0200338, 54.4464881 ] } },
{ "type": "Feature", "properties": { "name": "Бурдуково", "is_admin_centre_district": false }, "geometry": { "type": "Point", "coordinates": [ 37.8836059, 54.4358065 ] } },
{ "type": "Feature", "properties": { "name": "Чертовое", "is_admin_centre_district": false }, "geometry": { "type": "Point", "coordinates": [ 37.9317355, 54.3708836 ] } },
{ "type": "Feature", "properties": { "name": "Фуньково", "is_admin_centre_district": false }, "geometry": { "type": "Point", "coordinates": [ 37.7330804, 54.3628579 ] } },
{ "type": "Feature", "properties": { "name": "Толстое", "is_admin_centre_district": false }, "geometry": { "type": "Point", "coordinates": [ 37.7245617, 54.3576566 ] } },
{ "type": "Feature", "properties": { "name": "Сухотино", "is_admin_centre_district": false }, "geometry": { "type": "Point", "coordinates": [ 37.7454185, 54.3853184 ] } },
{ "type": "Feature", "properties": { "name": "Субботинский", "is_admin_centre_district": false }, "geometry": { "type": "Point", "coordinates": [ 37.8855264, 54.4176065 ] } },
{ "type": "Feature", "properties": { "name": "Рязановка", "is_admin_centre_district": false }, "geometry": { "type": "Point", "coordinates": [ 37.7636575, 54.4723819 ] } },
{ "type": "Feature", "properties": { "name": "Юдино", "is_admin_centre_district": false }, "geometry": { "type": "Point", "coordinates": [ 38.3092189, 54.1526586 ] } },
{ "type": "Feature", "properties": { "name": "Красный Хутор", "is_admin_centre_district": false }, "geometry": { "type": "Point", "coordinates": [ 37.8019727, 54.1320512 ] } },
{ "type": "Feature", "properties": { "name": "Мордвес", "is_admin_centre_district": false }, "geometry": { "type": "Point", "coordinates": [ 38.2212, 54.5779 ] } },
{ "type": "Feature", "properties": { "name": "Кончинка", "is_admin_centre_district": false }, "geometry": { "type": "Point", "coordinates": [ 38.157589, 54.678284 ] } },
{ "type": "Feature", "properties": { "name": "Бороздёнки", "is_admin_centre_district": false }, "geometry": { "type": "Point", "coordinates": [ 38.2843573, 54.4831638 ] } },
{ "type": "Feature", "properties": { "name": "Большое Алитово", "is_admin_centre_district": false }, "geometry": { "type": "Point", "coordinates": [ 38.1778981, 54.4868182 ] } },
{ "type": "Feature", "properties": { "name": "Полошково", "is_admin_centre_district": false }, "geometry": { "type": "Point", "coordinates": [ 38.1846509, 54.5496652 ] } },
{ "type": "Feature", "properties": { "name": "Хотушь", "is_admin_centre_district": false }, "geometry": { "type": "Point", "coordinates": [ 37.7433365, 54.5409333 ] } },
{ "type": "Feature", "properties": { "name": "Воловниково", "is_admin_centre_district": false }, "geometry": { "type": "Point", "coordinates": [ 37.7603189, 54.4931619 ] } },
{ "type": "Feature", "properties": { "name": "Машково", "is_admin_centre_district": false }, "geometry": { "type": "Point", "coordinates": [ 37.8188558, 54.5197608 ] } },
{ "type": "Feature", "properties": { "name": "Харино", "is_admin_centre_district": false }, "geometry": { "type": "Point", "coordinates": [ 37.8706845, 54.5374193 ] } },
{ "type": "Feature", "properties": { "name": "Оленьково", "is_admin_centre_district": false }, "geometry": { "type": "Point", "coordinates": [ 38.1095732, 54.5732231 ] } },
{ "type": "Feature", "properties": { "name": "Мокрый Корь", "is_admin_centre_district": false }, "geometry": { "type": "Point", "coordinates": [ 37.9663332, 54.5719333 ] } },
{ "type": "Feature", "properties": { "name": "Милино", "is_admin_centre_district": false }, "geometry": { "type": "Point", "coordinates": [ 37.8460987, 54.5791646 ] } },
{ "type": "Feature", "properties": { "name": "Санталовский", "is_admin_centre_district": false }, "geometry": { "type": "Point", "coordinates": [ 37.7314348, 54.5210547 ] } },
{ "type": "Feature", "properties": { "name": "Теляково", "is_admin_centre_district": false }, "geometry": { "type": "Point", "coordinates": [ 37.9030748, 54.5412629 ] } },
{ "type": "Feature", "properties": { "name": "Сетка", "is_admin_centre_district": false }, "geometry": { "type": "Point", "coordinates": [ 38.1744875, 54.6683922 ] } },
{ "type": "Feature", "properties": { "name": "Иваньково", "is_admin_centre_district": false }, "geometry": { "type": "Point", "coordinates": [ 37.9410061, 54.7439254 ] } },
{ "type": "Feature", "properties": { "name": "Богословское", "is_admin_centre_district": false }, "geometry": { "type": "Point", "coordinates": [ 37.9959461, 54.768433 ] } },
{ "type": "Feature", "properties": { "name": "Долговка", "is_admin_centre_district": false }, "geometry": { "type": "Point", "coordinates": [ 38.2494252, 54.6570284 ] } },
{ "type": "Feature", "properties": { "name": "Даниловское", "is_admin_centre_district": false }, "geometry": { "type": "Point", "coordinates": [ 38.2187426, 54.6570216 ] } },
{ "type": "Feature", "properties": { "name": "Ореховка", "is_admin_centre_district": false }, "geometry": { "type": "Point", "coordinates": [ 38.2643766, 54.663215 ] } },
{ "type": "Feature", "properties": { "name": "Мартемьяново", "is_admin_centre_district": false }, "geometry": { "type": "Point", "coordinates": [ 38.1746754, 54.6396678 ] } },
{ "type": "Feature", "properties": { "name": "Шереметьево", "is_admin_centre_district": false }, "geometry": { "type": "Point", "coordinates": [ 38.201914, 54.6920653 ] } },
{ "type": "Feature", "properties": { "name": "Есуковский", "is_admin_centre_district": false }, "geometry": { "type": "Point", "coordinates": [ 37.8179227, 54.8089428 ] } },
{ "type": "Feature", "properties": { "name": "Каверино", "is_admin_centre_district": false }, "geometry": { "type": "Point", "coordinates": [ 37.7719778, 54.7131213 ] } },
{ "type": "Feature", "properties": { "name": "Хатавки", "is_admin_centre_district": false }, "geometry": { "type": "Point", "coordinates": [ 37.8147297, 54.7879286 ] } },
{ "type": "Feature", "properties": { "name": "Теляково", "is_admin_centre_district": false }, "geometry": { "type": "Point", "coordinates": [ 37.8014225, 54.7593905 ] } },
{ "type": "Feature", "properties": { "name": "Борисово", "is_admin_centre_district": false }, "geometry": { "type": "Point", "coordinates": [ 37.8132151, 54.7529483 ] } },
{ "type": "Feature", "properties": { "name": "Климовское", "is_admin_centre_district": false }, "geometry": { "type": "Point", "coordinates": [ 37.8021532, 54.7092544 ] } },
{ "type": "Feature", "properties": { "name": "Спицинский", "is_admin_centre_district": false }, "geometry": { "type": "Point", "coordinates": [ 38.0127022, 54.5859792 ] } },
{ "type": "Feature", "properties": { "name": "Спицино", "is_admin_centre_district": false }, "geometry": { "type": "Point", "coordinates": [ 38.020542, 54.5847325 ] } },
{ "type": "Feature", "properties": { "name": "Большое Чернево", "is_admin_centre_district": false }, "geometry": { "type": "Point", "coordinates": [ 38.1788764, 54.5814612 ] } },
{ "type": "Feature", "properties": { "name": "Малое Алитово", "is_admin_centre_district": false }, "geometry": { "type": "Point", "coordinates": [ 38.1793231, 54.4960252 ] } },
{ "type": "Feature", "properties": { "name": "Горки", "is_admin_centre_district": false }, "geometry": { "type": "Point", "coordinates": [ 38.0465407, 54.6496973 ] } },
{ "type": "Feature", "properties": { "name": "Хреново", "is_admin_centre_district": false }, "geometry": { "type": "Point", "coordinates": [ 38.0521596, 54.6397141 ] } },
{ "type": "Feature", "properties": { "name": "Федоровка", "is_admin_centre_district": false }, "geometry": { "type": "Point", "coordinates": [ 37.8324826, 54.8216432 ] } },
{ "type": "Feature", "properties": { "name": "Хорошевка", "is_admin_centre_district": false }, "geometry": { "type": "Point", "coordinates": [ 37.8103488, 54.8305791 ] } },
{ "type": "Feature", "properties": { "name": "Григорьевское", "is_admin_centre_district": false }, "geometry": { "type": "Point", "coordinates": [ 37.9751076, 54.8209388 ] } },
{ "type": "Feature", "properties": { "name": "Кукуй", "is_admin_centre_district": false }, "geometry": { "type": "Point", "coordinates": [ 37.9712738, 54.802812 ] } },
{ "type": "Feature", "properties": { "name": "Овечкино", "is_admin_centre_district": false }, "geometry": { "type": "Point", "coordinates": [ 37.8535296, 54.5965882 ] } },
{ "type": "Feature", "properties": { "name": "Верхнее Красино", "is_admin_centre_district": false }, "geometry": { "type": "Point", "coordinates": [ 37.8529616, 54.6463987 ] } },
{ "type": "Feature", "properties": { "name": "Глазово", "is_admin_centre_district": false }, "geometry": { "type": "Point", "coordinates": [ 37.8446975, 54.6741418 ] } },
{ "type": "Feature", "properties": { "name": "Ушаково", "is_admin_centre_district": false }, "geometry": { "type": "Point", "coordinates": [ 38.0409302, 54.583301 ] } },
{ "type": "Feature", "properties": { "name": "Захарьинские выселки", "is_admin_centre_district": false }, "geometry": { "type": "Point", "coordinates": [ 37.9271816, 54.6329955 ] } },
{ "type": "Feature", "properties": { "name": "Козловка", "is_admin_centre_district": false }, "geometry": { "type": "Point", "coordinates": [ 37.9493463, 54.6297572 ] } },
{ "type": "Feature", "properties": { "name": "Нефедьево", "is_admin_centre_district": false }, "geometry": { "type": "Point", "coordinates": [ 37.9413098, 54.6484581 ] } },
{ "type": "Feature", "properties": { "name": "Одинцово", "is_admin_centre_district": false }, "geometry": { "type": "Point", "coordinates": [ 37.9939643, 54.6657593 ] } },
{ "type": "Feature", "properties": { "name": "Павловское", "is_admin_centre_district": false }, "geometry": { "type": "Point", "coordinates": [ 37.9473116, 54.6629144 ] } },
{ "type": "Feature", "properties": { "name": "Первомайский", "is_admin_centre_district": false }, "geometry": { "type": "Point", "coordinates": [ 37.92446, 54.6378456 ] } },
{ "type": "Feature", "properties": { "name": "Периково", "is_admin_centre_district": false }, "geometry": { "type": "Point", "coordinates": [ 37.743675, 54.4924368 ] } },
{ "type": "Feature", "properties": { "name": "Большое Хорошово", "is_admin_centre_district": false }, "geometry": { "type": "Point", "coordinates": [ 37.9469219, 54.8338825 ] } },
{ "type": "Feature", "properties": { "name": "Красино-Убережное", "is_admin_centre_district": false }, "geometry": { "type": "Point", "coordinates": [ 37.9148345, 54.837007 ] } },
{ "type": "Feature", "properties": { "name": "Макаровка", "is_admin_centre_district": false }, "geometry": { "type": "Point", "coordinates": [ 37.8629599, 54.8375482 ] } },
{ "type": "Feature", "properties": { "name": "Барсуки", "is_admin_centre_district": false }, "geometry": { "type": "Point", "coordinates": [ 38.2844921, 54.549407 ] } },
{ "type": "Feature", "properties": { "name": "Подлипки", "is_admin_centre_district": false }, "geometry": { "type": "Point", "coordinates": [ 38.2857078, 54.5307855 ] } },
{ "type": "Feature", "properties": { "name": "Софьино", "is_admin_centre_district": false }, "geometry": { "type": "Point", "coordinates": [ 38.3098775, 54.5278768 ] } },
{ "type": "Feature", "properties": { "name": "Привальное", "is_admin_centre_district": false }, "geometry": { "type": "Point", "coordinates": [ 38.3196561, 54.5029391 ] } },
{ "type": "Feature", "properties": { "name": "Пирогово", "is_admin_centre_district": false }, "geometry": { "type": "Point", "coordinates": [ 38.3245856, 54.4941349 ] } },
{ "type": "Feature", "properties": { "name": "Кашино", "is_admin_centre_district": false }, "geometry": { "type": "Point", "coordinates": [ 37.8640662, 54.781455 ] } },
{ "type": "Feature", "properties": { "name": "Аргуново", "is_admin_centre_district": false }, "geometry": { "type": "Point", "coordinates": [ 37.8427023, 54.7816627 ] } },
{ "type": "Feature", "properties": { "name": "Тунаевка", "is_admin_centre_district": false }, "geometry": { "type": "Point", "coordinates": [ 37.7736682, 54.6025914 ] } },
{ "type": "Feature", "properties": { "name": "Федюкино", "is_admin_centre_district": false }, "geometry": { "type": "Point", "coordinates": [ 37.7266078, 54.5111341 ] } },
{ "type": "Feature", "properties": { "name": "Акуловка", "is_admin_centre_district": false }, "geometry": { "type": "Point", "coordinates": [ 37.7897518, 54.7906512 ] } },
{ "type": "Feature", "properties": { "name": "Ананское", "is_admin_centre_district": false }, "geometry": { "type": "Point", "coordinates": [ 38.1425247, 54.4796549 ] } },
{ "type": "Feature", "properties": { "name": "Кухтинка", "is_admin_centre_district": false }, "geometry": { "type": "Point", "coordinates": [ 38.1653127, 54.4775605 ] } },
{ "type": "Feature", "properties": { "name": "Курганцы", "is_admin_centre_district": false }, "geometry": { "type": "Point", "coordinates": [ 38.1481251, 54.4958834 ] } },
{ "type": "Feature", "properties": { "name": "Горшковский", "is_admin_centre_district": false }, "geometry": { "type": "Point", "coordinates": [ 38.2259195, 54.5000794 ] } },
{ "type": "Feature", "properties": { "name": "Гремячее", "is_admin_centre_district": false }, "geometry": { "type": "Point", "coordinates": [ 38.1241569, 54.5971454 ] } },
{ "type": "Feature", "properties": { "name": "Павловское", "is_admin_centre_district": false }, "geometry": { "type": "Point", "coordinates": [ 38.1153763, 54.669316 ] } },
{ "type": "Feature", "properties": { "name": "Тураево", "is_admin_centre_district": false }, "geometry": { "type": "Point", "coordinates": [ 38.0949052, 54.686613 ] } },
{ "type": "Feature", "properties": { "name": "Жежельна", "is_admin_centre_district": false }, "geometry": { "type": "Point", "coordinates": [ 38.0221098, 54.7147898 ] } },
{ "type": "Feature", "properties": { "name": "Воскресенки", "is_admin_centre_district": false }, "geometry": { "type": "Point", "coordinates": [ 37.9934648, 54.7263864 ] } },
{ "type": "Feature", "properties": { "name": "Тепловка", "is_admin_centre_district": false }, "geometry": { "type": "Point", "coordinates": [ 37.9818763, 54.7527317 ] } },
{ "type": "Feature", "properties": { "name": "Михнево", "is_admin_centre_district": false }, "geometry": { "type": "Point", "coordinates": [ 37.9909332, 54.7449439 ] } },
{ "type": "Feature", "properties": { "name": "Изварино", "is_admin_centre_district": false }, "geometry": { "type": "Point", "coordinates": [ 38.1659621, 54.5135298 ] } },
{ "type": "Feature", "properties": { "name": "Сосновка", "is_admin_centre_district": false }, "geometry": { "type": "Point", "coordinates": [ 38.1393596, 54.5194736 ] } },
{ "type": "Feature", "properties": { "name": "Акимовка", "is_admin_centre_district": false }, "geometry": { "type": "Point", "coordinates": [ 37.995747, 54.7137528 ] } },
{ "type": "Feature", "properties": { "name": "Белугино", "is_admin_centre_district": false }, "geometry": { "type": "Point", "coordinates": [ 37.9111808, 54.789215 ] } },
{ "type": "Feature", "properties": { "name": "Любиж", "is_admin_centre_district": false }, "geometry": { "type": "Point", "coordinates": [ 37.7574541, 54.7312177 ] } },
{ "type": "Feature", "properties": { "name": "Черносвитово", "is_admin_centre_district": false }, "geometry": { "type": "Point", "coordinates": [ 37.7170805, 54.715032 ] } },
{ "type": "Feature", "properties": { "name": "Щебачеево", "is_admin_centre_district": false }, "geometry": { "type": "Point", "coordinates": [ 37.825973, 54.6939263 ] } },
{ "type": "Feature", "properties": { "name": "Картино", "is_admin_centre_district": false }, "geometry": { "type": "Point", "coordinates": [ 37.8024898, 54.7394269 ] } },
{ "type": "Feature", "properties": { "name": "Страхово", "is_admin_centre_district": false }, "geometry": { "type": "Point", "coordinates": [ 37.7645917, 54.6757587 ] } },
{ "type": "Feature", "properties": { "name": "Руднецово", "is_admin_centre_district": false }, "geometry": { "type": "Point", "coordinates": [ 38.0870633, 54.5807893 ] } },
{ "type": "Feature", "properties": { "name": "Чусово", "is_admin_centre_district": false }, "geometry": { "type": "Point", "coordinates": [ 38.1556964, 54.5752361 ] } },
{ "type": "Feature", "properties": { "name": "Афанасьево", "is_admin_centre_district": false }, "geometry": { "type": "Point", "coordinates": [ 38.1378034, 54.5682113 ] } },
{ "type": "Feature", "properties": { "name": "Гритчино", "is_admin_centre_district": false }, "geometry": { "type": "Point", "coordinates": [ 38.1058607, 54.6035854 ] } },
{ "type": "Feature", "properties": { "name": "Оленьковский", "is_admin_centre_district": false }, "geometry": { "type": "Point", "coordinates": [ 38.1013641, 54.5759002 ] } },
{ "type": "Feature", "properties": { "name": "Перетрутово", "is_admin_centre_district": false }, "geometry": { "type": "Point", "coordinates": [ 38.0014084, 54.7771707 ] } },
{ "type": "Feature", "properties": { "name": "Княжая Слобода", "is_admin_centre_district": false }, "geometry": { "type": "Point", "coordinates": [ 37.773388, 54.6535174 ] } },
{ "type": "Feature", "properties": { "name": "Сенцово", "is_admin_centre_district": false }, "geometry": { "type": "Point", "coordinates": [ 37.8095519, 54.6607179 ] } },
{ "type": "Feature", "properties": { "name": "Вележево", "is_admin_centre_district": false }, "geometry": { "type": "Point", "coordinates": [ 37.8635095, 54.7527163 ] } },
{ "type": "Feature", "properties": { "name": "Новая Жизнь", "is_admin_centre_district": false }, "geometry": { "type": "Point", "coordinates": [ 38.2537707, 54.5262163 ] } },
{ "type": "Feature", "properties": { "name": "Борзовка", "is_admin_centre_district": false }, "geometry": { "type": "Point", "coordinates": [ 38.2123395, 54.5115676 ] } },
{ "type": "Feature", "properties": { "name": "Горшково", "is_admin_centre_district": false }, "geometry": { "type": "Point", "coordinates": [ 38.2162103, 54.5063305 ] } },
{ "type": "Feature", "properties": { "name": "Павловка", "is_admin_centre_district": false }, "geometry": { "type": "Point", "coordinates": [ 38.222353, 54.5304467 ] } },
{ "type": "Feature", "properties": { "name": "Большая Уваровка", "is_admin_centre_district": false }, "geometry": { "type": "Point", "coordinates": [ 38.1906795, 54.5337357 ] } },
{ "type": "Feature", "properties": { "name": "Климентьевка", "is_admin_centre_district": false }, "geometry": { "type": "Point", "coordinates": [ 38.2047072, 54.5587504 ] } },
{ "type": "Feature", "properties": { "name": "Савкино", "is_admin_centre_district": false }, "geometry": { "type": "Point", "coordinates": [ 37.9546738, 54.7860253 ] } },
{ "type": "Feature", "properties": { "name": "Свобода", "is_admin_centre_district": false }, "geometry": { "type": "Point", "coordinates": [ 38.2255567, 54.5559093 ] } },
{ "type": "Feature", "properties": { "name": "Байдино", "is_admin_centre_district": false }, "geometry": { "type": "Point", "coordinates": [ 37.9966942, 54.6107362 ] } },
{ "type": "Feature", "properties": { "name": "Копенкино", "is_admin_centre_district": false }, "geometry": { "type": "Point", "coordinates": [ 37.9807731, 54.6165767 ] } },
{ "type": "Feature", "properties": { "name": "Михайловское", "is_admin_centre_district": false }, "geometry": { "type": "Point", "coordinates": [ 37.9772157, 54.6293881 ] } },
{ "type": "Feature", "properties": { "name": "Притыкино", "is_admin_centre_district": false }, "geometry": { "type": "Point", "coordinates": [ 38.0139649, 54.6133343 ] } },
{ "type": "Feature", "properties": { "name": "Толша", "is_admin_centre_district": false }, "geometry": { "type": "Point", "coordinates": [ 37.8772101, 54.8367281 ] } },
{ "type": "Feature", "properties": { "name": "Знаменское", "is_admin_centre_district": false }, "geometry": { "type": "Point", "coordinates": [ 38.0509952, 54.5819005 ] } },
{ "type": "Feature", "properties": { "name": "Великое Поле", "is_admin_centre_district": false }, "geometry": { "type": "Point", "coordinates": [ 38.0916459, 54.4817479 ] } },
{ "type": "Feature", "properties": { "name": "Вородуново", "is_admin_centre_district": false }, "geometry": { "type": "Point", "coordinates": [ 38.0650062, 54.4858989 ] } },
{ "type": "Feature", "properties": { "name": "Ильинка", "is_admin_centre_district": false }, "geometry": { "type": "Point", "coordinates": [ 38.0911363, 54.5302122 ] } },
{ "type": "Feature", "properties": { "name": "Киселёвка", "is_admin_centre_district": false }, "geometry": { "type": "Point", "coordinates": [ 38.0797101, 54.5123407 ] } },
{ "type": "Feature", "properties": { "name": "Красный Яр", "is_admin_centre_district": false }, "geometry": { "type": "Point", "coordinates": [ 38.1186755, 54.4861332 ] } },
{ "type": "Feature", "properties": { "name": "Студенецкие Выселки", "is_admin_centre_district": false }, "geometry": { "type": "Point", "coordinates": [ 38.1003755, 54.4963331 ] } },
{ "type": "Feature", "properties": { "name": "Башино", "is_admin_centre_district": false }, "geometry": { "type": "Point", "coordinates": [ 37.9278572, 54.7075655 ] } },
{ "type": "Feature", "properties": { "name": "Малая Уваровка", "is_admin_centre_district": false }, "geometry": { "type": "Point", "coordinates": [ 38.2186201, 54.5974024 ] } },
{ "type": "Feature", "properties": { "name": "Каменка", "is_admin_centre_district": false }, "geometry": { "type": "Point", "coordinates": [ 38.1914711, 54.5652882 ] } },
{ "type": "Feature", "properties": { "name": "Даниловские Хутора", "is_admin_centre_district": false }, "geometry": { "type": "Point", "coordinates": [ 38.2090931, 54.6694965 ] } },
{ "type": "Feature", "properties": { "name": "Даниловские Выселки", "is_admin_centre_district": false }, "geometry": { "type": "Point", "coordinates": [ 38.1945581, 54.6749513 ] } },
{ "type": "Feature", "properties": { "name": "Головеньково", "is_admin_centre_district": false }, "geometry": { "type": "Point", "coordinates": [ 38.1865625, 54.6494017 ] } },
{ "type": "Feature", "properties": { "name": "Высокое", "is_admin_centre_district": false }, "geometry": { "type": "Point", "coordinates": [ 38.3269305, 54.6198916 ] } },
{ "type": "Feature", "properties": { "name": "Алесово", "is_admin_centre_district": false }, "geometry": { "type": "Point", "coordinates": [ 38.2042892, 54.5901937 ] } },
{ "type": "Feature", "properties": { "name": "Трухачевка", "is_admin_centre_district": false }, "geometry": { "type": "Point", "coordinates": [ 38.2340614, 54.5801326 ] } },
{ "type": "Feature", "properties": { "name": "Стомна", "is_admin_centre_district": false }, "geometry": { "type": "Point", "coordinates": [ 38.2457022, 54.6113166 ] } },
{ "type": "Feature", "properties": { "name": "Селенка", "is_admin_centre_district": false }, "geometry": { "type": "Point", "coordinates": [ 38.2674656, 54.6498238 ] } },
{ "type": "Feature", "properties": { "name": "Пряхино", "is_admin_centre_district": false }, "geometry": { "type": "Point", "coordinates": [ 38.2681415, 54.5892876 ] } },
{ "type": "Feature", "properties": { "name": "Павлово-Воронцово", "is_admin_centre_district": false }, "geometry": { "type": "Point", "coordinates": [ 38.3025382, 54.6522943 ] } },
{ "type": "Feature", "properties": { "name": "Михайловка", "is_admin_centre_district": false }, "geometry": { "type": "Point", "coordinates": [ 38.2856993, 54.5781615 ] } },
{ "type": "Feature", "properties": { "name": "Миленино", "is_admin_centre_district": false }, "geometry": { "type": "Point", "coordinates": [ 38.0705325, 54.539521 ] } },
{ "type": "Feature", "properties": { "name": "Щепилово", "is_admin_centre_district": false }, "geometry": { "type": "Point", "coordinates": [ 38.0286813, 54.7543562 ] } },
{ "type": "Feature", "properties": { "name": "Черемисино", "is_admin_centre_district": false }, "geometry": { "type": "Point", "coordinates": [ 37.8965235, 54.76194 ] } },
{ "type": "Feature", "properties": { "name": "Туэлино", "is_admin_centre_district": false }, "geometry": { "type": "Point", "coordinates": [ 37.7715325, 54.752604 ] } },
{ "type": "Feature", "properties": { "name": "Сидоровское", "is_admin_centre_district": false }, "geometry": { "type": "Point", "coordinates": [ 37.914623, 54.7257045 ] } },
{ "type": "Feature", "properties": { "name": "Подосинки", "is_admin_centre_district": false }, "geometry": { "type": "Point", "coordinates": [ 37.8852441, 54.7996479 ] } },
{ "type": "Feature", "properties": { "name": "Пилюгино", "is_admin_centre_district": false }, "geometry": { "type": "Point", "coordinates": [ 37.9049134, 54.7580028 ] } },
{ "type": "Feature", "properties": { "name": "Кузьмищево", "is_admin_centre_district": false }, "geometry": { "type": "Point", "coordinates": [ 37.8720617, 54.6977951 ] } },
{ "type": "Feature", "properties": { "name": "Восемское", "is_admin_centre_district": false }, "geometry": { "type": "Point", "coordinates": [ 37.9377436, 54.7595752 ] } },
{ "type": "Feature", "properties": { "name": "Вишневая", "is_admin_centre_district": false }, "geometry": { "type": "Point", "coordinates": [ 37.956047, 54.7727962 ] } },
{ "type": "Feature", "properties": { "name": "Кутуково", "is_admin_centre_district": false }, "geometry": { "type": "Point", "coordinates": [ 37.8867388, 54.8192955 ] } },
{ "type": "Feature", "properties": { "name": "Марьинка", "is_admin_centre_district": false }, "geometry": { "type": "Point", "coordinates": [ 37.9030037, 54.4832783 ] } },
{ "type": "Feature", "properties": { "name": "Горчаково", "is_admin_centre_district": false }, "geometry": { "type": "Point", "coordinates": [ 37.9140973, 54.4754429 ] } },
{ "type": "Feature", "properties": { "name": "Быковка", "is_admin_centre_district": false }, "geometry": { "type": "Point", "coordinates": [ 37.9298043, 54.4965395 ] } },
{ "type": "Feature", "properties": { "name": "Случьи 1-е", "is_admin_centre_district": false }, "geometry": { "type": "Point", "coordinates": [ 37.9732025, 54.5100021 ] } },
{ "type": "Feature", "properties": { "name": "Синиченки", "is_admin_centre_district": false }, "geometry": { "type": "Point", "coordinates": [ 37.9978251, 54.5072427 ] } },
{ "type": "Feature", "properties": { "name": "Броденки", "is_admin_centre_district": false }, "geometry": { "type": "Point", "coordinates": [ 37.9220366, 54.6415277 ] } },
{ "type": "Feature", "properties": { "name": "Торопово", "is_admin_centre_district": false }, "geometry": { "type": "Point", "coordinates": [ 37.8759026, 54.5107433 ] } },
{ "type": "Feature", "properties": { "name": "Пахомово", "is_admin_centre_district": false }, "geometry": { "type": "Point", "coordinates": [ 37.7917671, 54.5065699 ] } },
{ "type": "Feature", "properties": { "name": "Новосёлки", "is_admin_centre_district": false }, "geometry": { "type": "Point", "coordinates": [ 38.0398714, 54.5438164 ] } },
{ "type": "Feature", "properties": { "name": "Лиховидово", "is_admin_centre_district": false }, "geometry": { "type": "Point", "coordinates": [ 37.9985547, 54.5386629 ] } },
{ "type": "Feature", "properties": { "name": "Кунеево", "is_admin_centre_district": false }, "geometry": { "type": "Point", "coordinates": [ 37.908926, 54.6099568 ] } },
{ "type": "Feature", "properties": { "name": "Котенево", "is_admin_centre_district": false }, "geometry": { "type": "Point", "coordinates": [ 37.8744864, 54.6199592 ] } },
{ "type": "Feature", "properties": { "name": "Климовское", "is_admin_centre_district": false }, "geometry": { "type": "Point", "coordinates": [ 37.9736531, 54.5497346 ] } },
{ "type": "Feature", "properties": { "name": "Дробино", "is_admin_centre_district": false }, "geometry": { "type": "Point", "coordinates": [ 38.0734527, 54.5755132 ] } },
{ "type": "Feature", "properties": { "name": "Гайтурово", "is_admin_centre_district": false }, "geometry": { "type": "Point", "coordinates": [ 37.7483368, 54.5128236 ] } },
{ "type": "Feature", "properties": { "name": "Верхнее Редькино", "is_admin_centre_district": false }, "geometry": { "type": "Point", "coordinates": [ 38.0897498, 54.6376843 ] } },
{ "type": "Feature", "properties": { "name": "Жерновка", "is_admin_centre_district": false }, "geometry": { "type": "Point", "coordinates": [ 37.7797079, 54.8180839 ] } },
{ "type": "Feature", "properties": { "name": "Ясная Слобода", "is_admin_centre_district": false }, "geometry": { "type": "Point", "coordinates": [ 37.8847583, 54.7558062 ] } },
{ "type": "Feature", "properties": { "name": "Аксиньино", "is_admin_centre_district": false }, "geometry": { "type": "Point", "coordinates": [ 38.3491, 54.5036 ] } },
{ "type": "Feature", "properties": { "name": "Дьяконово", "is_admin_centre_district": false }, "geometry": { "type": "Point", "coordinates": [ 38.3295, 54.5652 ] } },
{ "type": "Feature", "properties": { "name": "Тюнеж", "is_admin_centre_district": false }, "geometry": { "type": "Point", "coordinates": [ 38.4720899, 54.6072325 ] } },
{ "type": "Feature", "properties": { "name": "Кайдаково", "is_admin_centre_district": false }, "geometry": { "type": "Point", "coordinates": [ 38.3802186, 54.5026687 ] } },
{ "type": "Feature", "properties": { "name": "Малая Ретеша", "is_admin_centre_district": false }, "geometry": { "type": "Point", "coordinates": [ 38.4340444, 54.6430662 ] } },
{ "type": "Feature", "properties": { "name": "Красный", "is_admin_centre_district": false }, "geometry": { "type": "Point", "coordinates": [ 38.3837103, 54.5469839 ] } },
{ "type": "Feature", "properties": { "name": "Козловка", "is_admin_centre_district": false }, "geometry": { "type": "Point", "coordinates": [ 38.3620059, 54.6234252 ] } },
{ "type": "Feature", "properties": { "name": "Игумново", "is_admin_centre_district": false }, "geometry": { "type": "Point", "coordinates": [ 38.4125387, 54.6221705 ] } },
{ "type": "Feature", "properties": { "name": "Ивковичи", "is_admin_centre_district": false }, "geometry": { "type": "Point", "coordinates": [ 38.3467439, 54.6487499 ] } },
{ "type": "Feature", "properties": { "name": "Зарытово", "is_admin_centre_district": false }, "geometry": { "type": "Point", "coordinates": [ 38.4506688, 54.6422656 ] } },
{ "type": "Feature", "properties": { "name": "Залесово", "is_admin_centre_district": false }, "geometry": { "type": "Point", "coordinates": [ 38.3568076, 54.6458509 ] } },
{ "type": "Feature", "properties": { "name": "Даровая", "is_admin_centre_district": false }, "geometry": { "type": "Point", "coordinates": [ 38.3552627, 54.57411 ] } },
{ "type": "Feature", "properties": { "name": "Большая Ретеша", "is_admin_centre_district": false }, "geometry": { "type": "Point", "coordinates": [ 38.4190483, 54.6364741 ] } },
{ "type": "Feature", "properties": { "name": "Ажовка", "is_admin_centre_district": false }, "geometry": { "type": "Point", "coordinates": [ 38.3881707, 54.5857735 ] } },
{ "type": "Feature", "properties": { "name": "Пушкари", "is_admin_centre_district": false }, "geometry": { "type": "Point", "coordinates": [ 38.6790714, 54.1517841 ] } },
{ "type": "Feature", "properties": { "name": "Красный Богатырь", "is_admin_centre_district": false }, "geometry": { "type": "Point", "coordinates": [ 38.7290742, 54.1475716 ] } },
{ "type": "Feature", "properties": { "name": "Фустово", "is_admin_centre_district": false }, "geometry": { "type": "Point", "coordinates": [ 38.7129, 54.2149 ] } },
{ "type": "Feature", "properties": { "name": "Беломестное", "is_admin_centre_district": false }, "geometry": { "type": "Point", "coordinates": [ 38.6618924, 54.1747915 ] } },
{ "type": "Feature", "properties": { "name": "Сергеевка", "is_admin_centre_district": false }, "geometry": { "type": "Point", "coordinates": [ 38.6508601, 54.2212204 ] } },
{ "type": "Feature", "properties": { "name": "Осаново", "is_admin_centre_district": false }, "geometry": { "type": "Point", "coordinates": [ 38.6794, 54.1958 ] } },
{ "type": "Feature", "properties": { "name": "Прудищи", "is_admin_centre_district": false }, "geometry": { "type": "Point", "coordinates": [ 38.4297217, 54.3958917 ] } },
{ "type": "Feature", "properties": { "name": "Исаково", "is_admin_centre_district": false }, "geometry": { "type": "Point", "coordinates": [ 38.3445844, 54.4335337 ] } },
{ "type": "Feature", "properties": { "name": "Щучье", "is_admin_centre_district": false }, "geometry": { "type": "Point", "coordinates": [ 38.35807, 54.419807 ] } },
{ "type": "Feature", "properties": { "name": "Соколовка", "is_admin_centre_district": false }, "geometry": { "type": "Point", "coordinates": [ 38.385757, 54.4587631 ] } },
{ "type": "Feature", "properties": { "name": "Ивановское-Ступино", "is_admin_centre_district": false }, "geometry": { "type": "Point", "coordinates": [ 38.3796395, 54.4741399 ] } },
{ "type": "Feature", "properties": { "name": "Причаль", "is_admin_centre_district": false }, "geometry": { "type": "Point", "coordinates": [ 38.4288583, 54.4370771 ] } },
{ "type": "Feature", "properties": { "name": "Березовка", "is_admin_centre_district": false }, "geometry": { "type": "Point", "coordinates": [ 38.6021131, 54.1064722 ] } },
{ "type": "Feature", "properties": { "name": "Гремячее", "is_admin_centre_district": false }, "geometry": { "type": "Point", "coordinates": [ 38.658459, 54.144508 ] } },
{ "type": "Feature", "properties": { "name": "Савино", "is_admin_centre_district": false }, "geometry": { "type": "Point", "coordinates": [ 38.5497683, 54.1490694 ] } },
{ "type": "Feature", "properties": { "name": "Яцкое", "is_admin_centre_district": false }, "geometry": { "type": "Point", "coordinates": [ 38.5935772, 54.146499 ] } },
{ "type": "Feature", "properties": { "name": "Бороздино", "is_admin_centre_district": false }, "geometry": { "type": "Point", "coordinates": [ 38.3613428, 54.1137832 ] } },
{ "type": "Feature", "properties": { "name": "Белоколодезь", "is_admin_centre_district": false }, "geometry": { "type": "Point", "coordinates": [ 38.364387, 54.1294117 ] } },
{ "type": "Feature", "properties": { "name": "Ольховец", "is_admin_centre_district": false }, "geometry": { "type": "Point", "coordinates": [ 38.4278057, 54.1079206 ] } },
{ "type": "Feature", "properties": { "name": "Алмазово", "is_admin_centre_district": false }, "geometry": { "type": "Point", "coordinates": [ 38.4057916, 54.1382299 ] } },
{ "type": "Feature", "properties": { "name": "Чусовка", "is_admin_centre_district": false }, "geometry": { "type": "Point", "coordinates": [ 38.3694877, 54.115467 ] } },
{ "type": "Feature", "properties": { "name": "Макшеево", "is_admin_centre_district": false }, "geometry": { "type": "Point", "coordinates": [ 38.4508608, 54.1237953 ] } },
{ "type": "Feature", "properties": { "name": "Озерки", "is_admin_centre_district": false }, "geometry": { "type": "Point", "coordinates": [ 38.4520737, 54.1395369 ] } },
{ "type": "Feature", "properties": { "name": "Кукуй", "is_admin_centre_district": false }, "geometry": { "type": "Point", "coordinates": [ 38.4951551, 54.1223979 ] } },
{ "type": "Feature", "properties": { "name": "Иваньково", "is_admin_centre_district": false }, "geometry": { "type": "Point", "coordinates": [ 38.669247, 54.1834039 ] } },
{ "type": "Feature", "properties": { "name": "Матово", "is_admin_centre_district": false }, "geometry": { "type": "Point", "coordinates": [ 38.542302, 54.1126482 ] } },
{ "type": "Feature", "properties": { "name": "Первомайский", "is_admin_centre_district": false }, "geometry": { "type": "Point", "coordinates": [ 38.6009197, 54.1929259 ] } },
{ "type": "Feature", "properties": { "name": "Плоское", "is_admin_centre_district": false }, "geometry": { "type": "Point", "coordinates": [ 38.7164888, 54.2263335 ] } },
{ "type": "Feature", "properties": { "name": "Подосинки-Кожино", "is_admin_centre_district": false }, "geometry": { "type": "Point", "coordinates": [ 38.5343008, 54.1999545 ] } },
{ "type": "Feature", "properties": { "name": "Садовый", "is_admin_centre_district": false }, "geometry": { "type": "Point", "coordinates": [ 38.7673724, 54.1618415 ] } },
{ "type": "Feature", "properties": { "name": "Стрельцы", "is_admin_centre_district": false }, "geometry": { "type": "Point", "coordinates": [ 38.6779407, 54.1393443 ] } },
{ "type": "Feature", "properties": { "name": "Улановка", "is_admin_centre_district": false }, "geometry": { "type": "Point", "coordinates": [ 38.767577, 54.1456007 ] } },
{ "type": "Feature", "properties": { "name": "Холтобино", "is_admin_centre_district": false }, "geometry": { "type": "Point", "coordinates": [ 38.4828822, 54.1799081 ] } },
{ "type": "Feature", "properties": { "name": "Шишлово", "is_admin_centre_district": false }, "geometry": { "type": "Point", "coordinates": [ 38.5490209, 54.2352475 ] } },
{ "type": "Feature", "properties": { "name": "Ясенок-Подлубное", "is_admin_centre_district": false }, "geometry": { "type": "Point", "coordinates": [ 38.357182, 54.18124 ] } },
{ "type": "Feature", "properties": { "name": "Белгородский", "is_admin_centre_district": false }, "geometry": { "type": "Point", "coordinates": [ 38.5167643, 54.3750277 ] } },
{ "type": "Feature", "properties": { "name": "Харино", "is_admin_centre_district": false }, "geometry": { "type": "Point", "coordinates": [ 38.364384, 54.46044 ] } },
{ "type": "Feature", "properties": { "name": "Поветкино", "is_admin_centre_district": false }, "geometry": { "type": "Point", "coordinates": [ 38.3641885, 54.3302028 ] } },
{ "type": "Feature", "properties": { "name": "Бельцы", "is_admin_centre_district": false }, "geometry": { "type": "Point", "coordinates": [ 38.4272844, 54.3559728 ] } },
{ "type": "Feature", "properties": { "name": "Рассылкино", "is_admin_centre_district": false }, "geometry": { "type": "Point", "coordinates": [ 38.3885173, 54.2821772 ] } },
{ "type": "Feature", "properties": { "name": "Хмелевая", "is_admin_centre_district": false }, "geometry": { "type": "Point", "coordinates": [ 38.420056, 54.3257802 ] } },
{ "type": "Feature", "properties": { "name": "Урусово", "is_admin_centre_district": false }, "geometry": { "type": "Point", "coordinates": [ 38.434903, 54.2425936 ] } },
{ "type": "Feature", "properties": { "name": "Артёмовка", "is_admin_centre_district": false }, "geometry": { "type": "Point", "coordinates": [ 38.412211, 54.3017537 ] } },
{ "type": "Feature", "properties": { "name": "Грибовка", "is_admin_centre_district": false }, "geometry": { "type": "Point", "coordinates": [ 38.4556871, 54.3165494 ] } },
{ "type": "Feature", "properties": { "name": "Островки", "is_admin_centre_district": false }, "geometry": { "type": "Point", "coordinates": [ 38.4728337, 54.2663741 ] } },
{ "type": "Feature", "properties": { "name": "Талызино", "is_admin_centre_district": false }, "geometry": { "type": "Point", "coordinates": [ 38.4207625, 54.2613734 ] } },
{ "type": "Feature", "properties": { "name": "Подлубное", "is_admin_centre_district": false }, "geometry": { "type": "Point", "coordinates": [ 38.3396715, 54.1693858 ] } },
{ "type": "Feature", "properties": { "name": "Коммунаров", "is_admin_centre_district": false }, "geometry": { "type": "Point", "coordinates": [ 38.3487224, 54.2229947 ] } },
{ "type": "Feature", "properties": { "name": "Машково", "is_admin_centre_district": false }, "geometry": { "type": "Point", "coordinates": [ 38.7056607, 53.8903662 ] } },
{ "type": "Feature", "properties": { "name": "Кимовск", "is_admin_centre_district": true }, "geometry": { "type": "Point", "coordinates": [ 38.5327, 53.9699 ] } },
{ "type": "Feature", "properties": { "name": "Епифань", "is_admin_centre_district": false }, "geometry": { "type": "Point", "coordinates": [ 38.552475, 53.826824 ] } },
{ "type": "Feature", "properties": { "name": "Тетяковка", "is_admin_centre_district": false }, "geometry": { "type": "Point", "coordinates": [ 38.623638, 54.0891394 ] } },
{ "type": "Feature", "properties": { "name": "Кондуки", "is_admin_centre_district": false }, "geometry": { "type": "Point", "coordinates": [ 38.3536444, 53.8478367 ] } },
{ "type": "Feature", "properties": { "name": "Козлово", "is_admin_centre_district": false }, "geometry": { "type": "Point", "coordinates": [ 38.5149131, 53.8419316 ] } },
{ "type": "Feature", "properties": { "name": "Алёшино", "is_admin_centre_district": false }, "geometry": { "type": "Point", "coordinates": [ 38.5524144, 53.8426212 ] } },
{ "type": "Feature", "properties": { "name": "Бутырки", "is_admin_centre_district": false }, "geometry": { "type": "Point", "coordinates": [ 38.4540204, 53.7611832 ] } },
{ "type": "Feature", "properties": { "name": "Восход", "is_admin_centre_district": false }, "geometry": { "type": "Point", "coordinates": [ 38.5191023, 53.7298298 ] } },
{ "type": "Feature", "properties": { "name": "Люторичи", "is_admin_centre_district": false }, "geometry": { "type": "Point", "coordinates": [ 38.4446914, 53.8992981 ] } },
{ "type": "Feature", "properties": { "name": "Алтабаево", "is_admin_centre_district": false }, "geometry": { "type": "Point", "coordinates": [ 38.5254578, 53.8296599 ] } },
{ "type": "Feature", "properties": { "name": "Чебыши", "is_admin_centre_district": false }, "geometry": { "type": "Point", "coordinates": [ 38.6124487, 53.7134548 ] } },
{ "type": "Feature", "properties": { "name": "Ракитино", "is_admin_centre_district": false }, "geometry": { "type": "Point", "coordinates": [ 38.4662578, 53.8102342 ] } },
{ "type": "Feature", "properties": { "name": "Старая Гать", "is_admin_centre_district": false }, "geometry": { "type": "Point", "coordinates": [ 38.5436693, 53.7235924 ] } },
{ "type": "Feature", "properties": { "name": "Задонщино", "is_admin_centre_district": false }, "geometry": { "type": "Point", "coordinates": [ 38.4975878, 53.7442589 ] } },
{ "type": "Feature", "properties": { "name": "Луговое", "is_admin_centre_district": false }, "geometry": { "type": "Point", "coordinates": [ 38.5154054, 53.8631274 ] } },
{ "type": "Feature", "properties": { "name": "Муравлянка", "is_admin_centre_district": false }, "geometry": { "type": "Point", "coordinates": [ 38.4960382, 53.738536 ] } },
{ "type": "Feature", "properties": { "name": "Горки", "is_admin_centre_district": false }, "geometry": { "type": "Point", "coordinates": [ 38.5236481, 53.7218183 ] } },
{ "type": "Feature", "properties": { "name": "Мельгуново", "is_admin_centre_district": false }, "geometry": { "type": "Point", "coordinates": [ 38.518137, 53.8212001 ] } },
{ "type": "Feature", "properties": { "name": "Кораблино", "is_admin_centre_district": false }, "geometry": { "type": "Point", "coordinates": [ 38.5395125, 53.8064904 ] } },
{ "type": "Feature", "properties": { "name": "Лупишки", "is_admin_centre_district": false }, "geometry": { "type": "Point", "coordinates": [ 38.4979686, 53.8726549 ] } },
{ "type": "Feature", "properties": { "name": "Михайловка", "is_admin_centre_district": false }, "geometry": { "type": "Point", "coordinates": [ 38.4394705, 53.9456616 ] } },
{ "type": "Feature", "properties": { "name": "Хвощинка", "is_admin_centre_district": false }, "geometry": { "type": "Point", "coordinates": [ 38.4886895, 53.7447737 ] } },
{ "type": "Feature", "properties": { "name": "Рождествено", "is_admin_centre_district": false }, "geometry": { "type": "Point", "coordinates": [ 38.5519064, 53.8536783 ] } },
{ "type": "Feature", "properties": { "name": "Троицкое", "is_admin_centre_district": false }, "geometry": { "type": "Point", "coordinates": [ 38.4253477, 53.8024236 ] } },
{ "type": "Feature", "properties": { "name": "Ясенки", "is_admin_centre_district": false }, "geometry": { "type": "Point", "coordinates": [ 38.3882132, 53.8133042 ] } },
{ "type": "Feature", "properties": { "name": "Бестужево", "is_admin_centre_district": false }, "geometry": { "type": "Point", "coordinates": [ 38.3661888, 53.7887568 ] } },
{ "type": "Feature", "properties": { "name": "Бестужевский", "is_admin_centre_district": false }, "geometry": { "type": "Point", "coordinates": [ 38.3678421, 53.7924011 ] } },
{ "type": "Feature", "properties": { "name": "Ушаково", "is_admin_centre_district": false }, "geometry": { "type": "Point", "coordinates": [ 38.3990107, 53.8695367 ] } },
{ "type": "Feature", "properties": { "name": "Волково", "is_admin_centre_district": false }, "geometry": { "type": "Point", "coordinates": [ 38.4280558, 53.8585963 ] } },
{ "type": "Feature", "properties": { "name": "Заря", "is_admin_centre_district": false }, "geometry": { "type": "Point", "coordinates": [ 38.4531999, 53.8299425 ] } },
{ "type": "Feature", "properties": { "name": "Каменка", "is_admin_centre_district": false }, "geometry": { "type": "Point", "coordinates": [ 38.5128644, 53.939625 ] } },
{ "type": "Feature", "properties": { "name": "Белоозеро", "is_admin_centre_district": false }, "geometry": { "type": "Point", "coordinates": [ 38.5323973, 53.9122464 ] } },
{ "type": "Feature", "properties": { "name": "Анохино", "is_admin_centre_district": false }, "geometry": { "type": "Point", "coordinates": [ 38.4060515, 53.7143058 ] } },
{ "type": "Feature", "properties": { "name": "Кобяково", "is_admin_centre_district": false }, "geometry": { "type": "Point", "coordinates": [ 38.4162326, 53.7736491 ] } },
{ "type": "Feature", "properties": { "name": "Дубовое", "is_admin_centre_district": false }, "geometry": { "type": "Point", "coordinates": [ 38.415136, 53.9763361 ] } },
{ "type": "Feature", "properties": { "name": "Ширинский", "is_admin_centre_district": false }, "geometry": { "type": "Point", "coordinates": [ 38.3585955, 54.0619096 ] } },
{ "type": "Feature", "properties": { "name": "Спасское", "is_admin_centre_district": false }, "geometry": { "type": "Point", "coordinates": [ 38.4689552, 54.0802634 ] } },
{ "type": "Feature", "properties": { "name": "Ширино", "is_admin_centre_district": false }, "geometry": { "type": "Point", "coordinates": [ 38.4022826, 54.0646259 ] } },
{ "type": "Feature", "properties": { "name": "Придонье", "is_admin_centre_district": false }, "geometry": { "type": "Point", "coordinates": [ 38.3495471, 54.0294741 ] } },
{ "type": "Feature", "properties": { "name": "Малиновский", "is_admin_centre_district": false }, "geometry": { "type": "Point", "coordinates": [ 38.370577, 54.0466516 ] } },
{ "type": "Feature", "properties": { "name": "Шахты № 35", "is_admin_centre_district": false }, "geometry": { "type": "Point", "coordinates": [ 38.4297364, 54.048276 ] } },
{ "type": "Feature", "properties": { "name": "Петровочка", "is_admin_centre_district": false }, "geometry": { "type": "Point", "coordinates": [ 38.4944126, 54.057965 ] } },
{ "type": "Feature", "properties": { "name": "Пустоши", "is_admin_centre_district": false }, "geometry": { "type": "Point", "coordinates": [ 38.564063, 54.0685032 ] } },
{ "type": "Feature", "properties": { "name": "Сокольники 1", "is_admin_centre_district": false }, "geometry": { "type": "Point", "coordinates": [ 38.4689527, 54.0443751 ] } },
{ "type": "Feature", "properties": { "name": "Хмелевка", "is_admin_centre_district": false }, "geometry": { "type": "Point", "coordinates": [ 38.3670226, 54.0332347 ] } },
{ "type": "Feature", "properties": { "name": "Ново-Яковлевка", "is_admin_centre_district": false }, "geometry": { "type": "Point", "coordinates": [ 38.5457198, 54.0930614 ] } },
{ "type": "Feature", "properties": { "name": "Верходонье", "is_admin_centre_district": false }, "geometry": { "type": "Point", "coordinates": [ 38.365854, 54.0383271 ] } },
{ "type": "Feature", "properties": { "name": "Пригорье", "is_admin_centre_district": false }, "geometry": { "type": "Point", "coordinates": [ 38.3736044, 54.0564497 ] } },
{ "type": "Feature", "properties": { "name": "Избищи", "is_admin_centre_district": false }, "geometry": { "type": "Point", "coordinates": [ 38.5014898, 54.0652684 ] } },
{ "type": "Feature", "properties": { "name": "Александровка", "is_admin_centre_district": false }, "geometry": { "type": "Point", "coordinates": [ 38.5750156, 54.0884479 ] } },
{ "type": "Feature", "properties": { "name": "Хомутовка", "is_admin_centre_district": false }, "geometry": { "type": "Point", "coordinates": [ 38.5699987, 53.936457 ] } },
{ "type": "Feature", "properties": { "name": "Кропотово", "is_admin_centre_district": false }, "geometry": { "type": "Point", "coordinates": [ 38.6228811, 53.9238929 ] } },
{ "type": "Feature", "properties": { "name": "Кудашево", "is_admin_centre_district": false }, "geometry": { "type": "Point", "coordinates": [ 38.7004828, 53.8950928 ] } },
{ "type": "Feature", "properties": { "name": "Дурасово", "is_admin_centre_district": false }, "geometry": { "type": "Point", "coordinates": [ 38.6510228, 53.8964458 ] } },
{ "type": "Feature", "properties": { "name": "Краснополье", "is_admin_centre_district": false }, "geometry": { "type": "Point", "coordinates": [ 38.5960912, 53.8920581 ] } },
{ "type": "Feature", "properties": { "name": "Михайловка", "is_admin_centre_district": false }, "geometry": { "type": "Point", "coordinates": [ 38.7008046, 53.8488778 ] } },
{ "type": "Feature", "properties": { "name": "Знаменье", "is_admin_centre_district": false }, "geometry": { "type": "Point", "coordinates": [ 38.6485874, 53.8706886 ] } },
{ "type": "Feature", "properties": { "name": "Крутое", "is_admin_centre_district": false }, "geometry": { "type": "Point", "coordinates": [ 38.6137723, 53.8563708 ] } },
{ "type": "Feature", "properties": { "name": "Молчаново", "is_admin_centre_district": false }, "geometry": { "type": "Point", "coordinates": [ 38.6396288, 53.8565544 ] } },
{ "type": "Feature", "properties": { "name": "Покровка", "is_admin_centre_district": false }, "geometry": { "type": "Point", "coordinates": [ 38.676772, 53.749824 ] } },
{ "type": "Feature", "properties": { "name": "Отрада", "is_admin_centre_district": false }, "geometry": { "type": "Point", "coordinates": [ 38.625102, 53.7894939 ] } },
{ "type": "Feature", "properties": { "name": "Красное", "is_admin_centre_district": false }, "geometry": { "type": "Point", "coordinates": [ 38.7783956, 53.7250494 ] } },
{ "type": "Feature", "properties": { "name": "Липовка", "is_admin_centre_district": false }, "geometry": { "type": "Point", "coordinates": [ 38.5459661, 53.7739753 ] } },
{ "type": "Feature", "properties": { "name": "Фёдоровка", "is_admin_centre_district": false }, "geometry": { "type": "Point", "coordinates": [ 38.6814069, 53.7643368 ] } },
{ "type": "Feature", "properties": { "name": "Остапово", "is_admin_centre_district": false }, "geometry": { "type": "Point", "coordinates": [ 38.668189, 53.7646412 ] } },
{ "type": "Feature", "properties": { "name": "Софьинка", "is_admin_centre_district": false }, "geometry": { "type": "Point", "coordinates": [ 38.6487912, 53.7589585 ] } },
{ "type": "Feature", "properties": { "name": "Метеневка", "is_admin_centre_district": false }, "geometry": { "type": "Point", "coordinates": [ 38.645873, 53.7895953 ] } },
{ "type": "Feature", "properties": { "name": "Исаковка", "is_admin_centre_district": false }, "geometry": { "type": "Point", "coordinates": [ 38.7638473, 53.7435809 ] } },
{ "type": "Feature", "properties": { "name": "Павловка", "is_admin_centre_district": false }, "geometry": { "type": "Point", "coordinates": [ 38.759721, 53.7579588 ] } },
{ "type": "Feature", "properties": { "name": "Карачево", "is_admin_centre_district": false }, "geometry": { "type": "Point", "coordinates": [ 38.5570463, 53.9522502 ] } },
{ "type": "Feature", "properties": { "name": "Овчаровка", "is_admin_centre_district": false }, "geometry": { "type": "Point", "coordinates": [ 38.6412381, 53.8136224 ] } },
{ "type": "Feature", "properties": { "name": "Бегичево", "is_admin_centre_district": false }, "geometry": { "type": "Point", "coordinates": [ 38.6038589, 53.7414236 ] } },
{ "type": "Feature", "properties": { "name": "Выглядовка", "is_admin_centre_district": false }, "geometry": { "type": "Point", "coordinates": [ 38.5933446, 53.7431241 ] } },
{ "type": "Feature", "properties": { "name": "Николаевка", "is_admin_centre_district": false }, "geometry": { "type": "Point", "coordinates": [ 38.6544561, 53.7467787 ] } },
{ "type": "Feature", "properties": { "name": "Федосовка", "is_admin_centre_district": false }, "geometry": { "type": "Point", "coordinates": [ 38.5907697, 53.8112913 ] } },
{ "type": "Feature", "properties": { "name": "Совхозный", "is_admin_centre_district": false }, "geometry": { "type": "Point", "coordinates": [ 38.7742757, 53.749418 ] } },
{ "type": "Feature", "properties": { "name": "Заводской", "is_admin_centre_district": false }, "geometry": { "type": "Point", "coordinates": [ 38.7614011, 53.749621 ] } },
{ "type": "Feature", "properties": { "name": "Казановка", "is_admin_centre_district": false }, "geometry": { "type": "Point", "coordinates": [ 38.574635, 53.757133 ] } },
{ "type": "Feature", "properties": { "name": "Красный Осетрик", "is_admin_centre_district": false }, "geometry": { "type": "Point", "coordinates": [ 38.6084508, 53.8301394 ] } },
{ "type": "Feature", "properties": { "name": "Комиссаровка", "is_admin_centre_district": false }, "geometry": { "type": "Point", "coordinates": [ 38.6261212, 53.8248899 ] } },
{ "type": "Feature", "properties": { "name": "Полунино", "is_admin_centre_district": false }, "geometry": { "type": "Point", "coordinates": [ 38.6527179, 53.8246873 ] } },
{ "type": "Feature", "properties": { "name": "Саломатовка", "is_admin_centre_district": false }, "geometry": { "type": "Point", "coordinates": [ 38.7123452, 53.8268506 ] } },
{ "type": "Feature", "properties": { "name": "Ивановка", "is_admin_centre_district": false }, "geometry": { "type": "Point", "coordinates": [ 38.6963414, 53.8085545 ] } },
{ "type": "Feature", "properties": { "name": "Гранки", "is_admin_centre_district": false }, "geometry": { "type": "Point", "coordinates": [ 38.4630644, 53.9823104 ] } },
{ "type": "Feature", "properties": { "name": "Самочевка", "is_admin_centre_district": false }, "geometry": { "type": "Point", "coordinates": [ 38.5057973, 53.9863731 ] } },
{ "type": "Feature", "properties": { "name": "Алексеевка", "is_admin_centre_district": false }, "geometry": { "type": "Point", "coordinates": [ 38.523281, 53.9976508 ] } },
{ "type": "Feature", "properties": { "name": "Каменка-Денисово", "is_admin_centre_district": false }, "geometry": { "type": "Point", "coordinates": [ 38.3644616, 53.7550126 ] } },
{ "type": "Feature", "properties": { "name": "Новый", "is_admin_centre_district": false }, "geometry": { "type": "Point", "coordinates": [ 38.4691839, 53.8752227 ] } },
{ "type": "Feature", "properties": { "name": "Раздолье", "is_admin_centre_district": false }, "geometry": { "type": "Point", "coordinates": [ 38.4829168, 53.8643926 ] } },
{ "type": "Feature", "properties": { "name": "Прощеное", "is_admin_centre_district": false }, "geometry": { "type": "Point", "coordinates": [ 38.4629541, 53.9472207 ] } },
{ "type": "Feature", "properties": { "name": "Ренево", "is_admin_centre_district": false }, "geometry": { "type": "Point", "coordinates": [ 38.454155, 53.940022 ] } },
{ "type": "Feature", "properties": { "name": "Никольское", "is_admin_centre_district": false }, "geometry": { "type": "Point", "coordinates": [ 38.358584, 53.9548602 ] } },
{ "type": "Feature", "properties": { "name": "Арсеньево", "is_admin_centre_district": false }, "geometry": { "type": "Point", "coordinates": [ 38.3599741, 53.883314 ] } },
{ "type": "Feature", "properties": { "name": "Большие Стрельцы", "is_admin_centre_district": false }, "geometry": { "type": "Point", "coordinates": [ 38.6753926, 54.0570849 ] } },
{ "type": "Feature", "properties": { "name": "Ерзовка", "is_admin_centre_district": false }, "geometry": { "type": "Point", "coordinates": [ 38.5995431, 54.0445241 ] } },
{ "type": "Feature", "properties": { "name": "Мирный", "is_admin_centre_district": false }, "geometry": { "type": "Point", "coordinates": [ 38.4173897, 54.047016 ] } },
{ "type": "Feature", "properties": { "name": "Иваньково", "is_admin_centre_district": false }, "geometry": { "type": "Point", "coordinates": [ 38.4619964, 54.0251659 ] } },
{ "type": "Feature", "properties": { "name": "Новольвовск", "is_admin_centre_district": false }, "geometry": { "type": "Point", "coordinates": [ 38.7866628, 53.9253538 ] } },
{ "type": "Feature", "properties": { "name": "Муравлянка", "is_admin_centre_district": false }, "geometry": { "type": "Point", "coordinates": [ 38.8899185, 53.7312031 ] } },
{ "type": "Feature", "properties": { "name": "Таболо", "is_admin_centre_district": false }, "geometry": { "type": "Point", "coordinates": [ 38.7750694, 53.8493254 ] } },
{ "type": "Feature", "properties": { "name": "Дружное", "is_admin_centre_district": false }, "geometry": { "type": "Point", "coordinates": [ 38.7984763, 53.8572508 ] } },
{ "type": "Feature", "properties": { "name": "Писарево", "is_admin_centre_district": false }, "geometry": { "type": "Point", "coordinates": [ 38.8167831, 53.8495548 ] } },
{ "type": "Feature", "properties": { "name": "Берёзовка", "is_admin_centre_district": false }, "geometry": { "type": "Point", "coordinates": [ 38.7604387, 53.8699403 ] } },
{ "type": "Feature", "properties": { "name": "Зиновка", "is_admin_centre_district": false }, "geometry": { "type": "Point", "coordinates": [ 38.7834693, 53.8437002 ] } },
{ "type": "Feature", "properties": { "name": "Михайловские Выселки", "is_admin_centre_district": false }, "geometry": { "type": "Point", "coordinates": [ 38.7419204, 53.8360402 ] } },
{ "type": "Feature", "properties": { "name": "Бучалки", "is_admin_centre_district": false }, "geometry": { "type": "Point", "coordinates": [ 38.7304289, 53.7721664 ] } },
{ "type": "Feature", "properties": { "name": "Горки", "is_admin_centre_district": false }, "geometry": { "type": "Point", "coordinates": [ 38.7733741, 53.8345463 ] } },
{ "type": "Feature", "properties": { "name": "Прощеное", "is_admin_centre_district": false }, "geometry": { "type": "Point", "coordinates": [ 38.7945623, 53.7517322 ] } },
{ "type": "Feature", "properties": { "name": "Бучалки", "is_admin_centre_district": false }, "geometry": { "type": "Point", "coordinates": [ 38.7750788, 53.7570379 ] } },
{ "type": "Feature", "properties": { "name": "Барановка", "is_admin_centre_district": false }, "geometry": { "type": "Point", "coordinates": [ 38.7161936, 53.8170423 ] } },
{ "type": "Feature", "properties": { "name": "Исаковские Выселки", "is_admin_centre_district": false }, "geometry": { "type": "Point", "coordinates": [ 38.7618179, 53.7375451 ] } },
{ "type": "Feature", "properties": { "name": "Хрущёво", "is_admin_centre_district": false }, "geometry": { "type": "Point", "coordinates": [ 38.3571768, 53.8391428 ] } },
{ "type": "Feature", "properties": { "name": "Черемухово", "is_admin_centre_district": false }, "geometry": { "type": "Point", "coordinates": [ 38.8161186, 53.8017177 ] } },
{ "type": "Feature", "properties": { "name": "Бугровка-Ключевая", "is_admin_centre_district": false }, "geometry": { "type": "Point", "coordinates": [ 38.8221515, 53.8040812 ] } },
{ "type": "Feature", "properties": { "name": "Ивановка-Селезневка", "is_admin_centre_district": false }, "geometry": { "type": "Point", "coordinates": [ 38.8020285, 53.8106974 ] } },
{ "type": "Feature", "properties": { "name": "Ивановское", "is_admin_centre_district": false }, "geometry": { "type": "Point", "coordinates": [ 38.636822, 53.954842 ] } },
{ "type": "Feature", "properties": { "name": "Покровское", "is_admin_centre_district": false }, "geometry": { "type": "Point", "coordinates": [ 38.6191817, 53.9398004 ] } },
{ "type": "Feature", "properties": { "name": "Приозерный", "is_admin_centre_district": false }, "geometry": { "type": "Point", "coordinates": [ 38.5531354, 53.8816793 ] } },
{ "type": "Feature", "properties": { "name": "Апарки", "is_admin_centre_district": false }, "geometry": { "type": "Point", "coordinates": [ 38.7118254, 54.0296997 ] } },
{ "type": "Feature", "properties": { "name": "Румянцево", "is_admin_centre_district": false }, "geometry": { "type": "Point", "coordinates": [ 38.6591486, 54.0102951 ] } },
{ "type": "Feature", "properties": { "name": "Соколовка", "is_admin_centre_district": false }, "geometry": { "type": "Point", "coordinates": [ 38.6268753, 54.0214224 ] } },
{ "type": "Feature", "properties": { "name": "Дома Рыбхоза", "is_admin_centre_district": false }, "geometry": { "type": "Point", "coordinates": [ 38.4222042, 53.8940246 ] } },
{ "type": "Feature", "properties": { "name": "Малая Малаховка", "is_admin_centre_district": false }, "geometry": { "type": "Point", "coordinates": [ 38.4060037, 53.8940183 ] } },
{ "type": "Feature", "properties": { "name": "Пыжово", "is_admin_centre_district": false }, "geometry": { "type": "Point", "coordinates": [ 38.3991796, 53.7497785 ] } },
{ "type": "Feature", "properties": { "name": "Рогозинки", "is_admin_centre_district": false }, "geometry": { "type": "Point", "coordinates": [ 38.5213933, 53.7872958 ] } },
{ "type": "Feature", "properties": { "name": "Рассекино", "is_admin_centre_district": false }, "geometry": { "type": "Point", "coordinates": [ 38.7760101, 53.7972776 ] } },
{ "type": "Feature", "properties": { "name": "Ольховец", "is_admin_centre_district": false }, "geometry": { "type": "Point", "coordinates": [ 38.8853154, 53.7478205 ] } },
{ "type": "Feature", "properties": { "name": "Куриловка", "is_admin_centre_district": false }, "geometry": { "type": "Point", "coordinates": [ 38.8522759, 53.7500474 ] } },
{ "type": "Feature", "properties": { "name": "Казановка", "is_admin_centre_district": false }, "geometry": { "type": "Point", "coordinates": [ 38.5906423, 53.7578633 ] } },
{ "type": "Feature", "properties": { "name": "Молоденки", "is_admin_centre_district": false }, "geometry": { "type": "Point", "coordinates": [ 38.9004254, 53.7291246 ] } },
{ "type": "Feature", "properties": { "name": "Колычевка", "is_admin_centre_district": false }, "geometry": { "type": "Point", "coordinates": [ 38.8929795, 53.7238687 ] } },
{ "type": "Feature", "properties": { "name": "Бутыровка", "is_admin_centre_district": false }, "geometry": { "type": "Point", "coordinates": [ 38.8980865, 53.7220532 ] } },
{ "type": "Feature", "properties": { "name": "Шаталовка", "is_admin_centre_district": false }, "geometry": { "type": "Point", "coordinates": [ 38.9170551, 53.7164536 ] } },
{ "type": "Feature", "properties": { "name": "Бахтино-Фомино", "is_admin_centre_district": false }, "geometry": { "type": "Point", "coordinates": [ 38.5335206, 53.79708 ] } },
{ "type": "Feature", "properties": { "name": "Шевырево", "is_admin_centre_district": false }, "geometry": { "type": "Point", "coordinates": [ 38.5405158, 53.8177397 ] } },
{ "type": "Feature", "properties": { "name": "Алексеевка", "is_admin_centre_district": false }, "geometry": { "type": "Point", "coordinates": [ 38.8224083, 53.7689445 ] } },
{ "type": "Feature", "properties": { "name": "Александровка", "is_admin_centre_district": false }, "geometry": { "type": "Point", "coordinates": [ 38.762713, 53.7951445 ] } },
{ "type": "Feature", "properties": { "name": "Шахты № 38", "is_admin_centre_district": false }, "geometry": { "type": "Point", "coordinates": [ 38.4658717, 54.0389915 ] } },
{ "type": "Feature", "properties": { "name": "Хитровщина", "is_admin_centre_district": false }, "geometry": { "type": "Point", "coordinates": [ 38.7864958, 53.9623978 ] } },
{ "type": "Feature", "properties": { "name": "Кривой Куст", "is_admin_centre_district": false }, "geometry": { "type": "Point", "coordinates": [ 38.6633073, 53.9353361 ] } },
{ "type": "Feature", "properties": { "name": "Полевой", "is_admin_centre_district": false }, "geometry": { "type": "Point", "coordinates": [ 38.6709677, 53.9139445 ] } },
{ "type": "Feature", "properties": { "name": "Кривозерье", "is_admin_centre_district": false }, "geometry": { "type": "Point", "coordinates": [ 38.6733495, 53.8975459 ] } },
{ "type": "Feature", "properties": { "name": "Львовский", "is_admin_centre_district": false }, "geometry": { "type": "Point", "coordinates": [ 38.772323, 53.9656389 ] } },
{ "type": "Feature", "properties": { "name": "Петровское", "is_admin_centre_district": false }, "geometry": { "type": "Point", "coordinates": [ 38.6789177, 53.9728649 ] } },
{ "type": "Feature", "properties": { "name": "Новоспасское", "is_admin_centre_district": false }, "geometry": { "type": "Point", "coordinates": [ 38.6924361, 53.9829035 ] } },
{ "type": "Feature", "properties": { "name": "Лопухиновка", "is_admin_centre_district": false }, "geometry": { "type": "Point", "coordinates": [ 38.6911486, 53.9886189 ] } },
{ "type": "Feature", "properties": { "name": "Новоселки", "is_admin_centre_district": false }, "geometry": { "type": "Point", "coordinates": [ 38.5573815, 54.0326883 ] } },
{ "type": "Feature", "properties": { "name": "Урусово", "is_admin_centre_district": false }, "geometry": { "type": "Point", "coordinates": [ 38.5800837, 53.9788088 ] } },
{ "type": "Feature", "properties": { "name": "Новая Жизнь", "is_admin_centre_district": false }, "geometry": { "type": "Point", "coordinates": [ 38.5702775, 53.9940434 ] } },
{ "type": "Feature", "properties": { "name": "Михайловский", "is_admin_centre_district": false }, "geometry": { "type": "Point", "coordinates": [ 38.7824295, 53.9152115 ] } },
{ "type": "Feature", "properties": { "name": "Марчуги", "is_admin_centre_district": false }, "geometry": { "type": "Point", "coordinates": [ 38.7859057, 54.0010564 ] } },
{ "type": "Feature", "properties": { "name": "Ковалевка", "is_admin_centre_district": false }, "geometry": { "type": "Point", "coordinates": [ 38.777108, 53.9806575 ] } },
{ "type": "Feature", "properties": { "name": "Каркадиново", "is_admin_centre_district": false }, "geometry": { "type": "Point", "coordinates": [ 38.5993956, 54.0414462 ] } },
{ "type": "Feature", "properties": { "name": "Калиновка", "is_admin_centre_district": false }, "geometry": { "type": "Point", "coordinates": [ 38.7214469, 53.9777173 ] } },
{ "type": "Feature", "properties": { "name": "Львово", "is_admin_centre_district": false }, "geometry": { "type": "Point", "coordinates": [ 38.7084864, 53.9305324 ] } },
{ "type": "Feature", "properties": { "name": "Львово", "is_admin_centre_district": false }, "geometry": { "type": "Point", "coordinates": [ 38.7052356, 53.959024 ] } },
{ "type": "Feature", "properties": { "name": "Ивановка", "is_admin_centre_district": false }, "geometry": { "type": "Point", "coordinates": [ 38.6201237, 54.0249937 ] } },
{ "type": "Feature", "properties": { "name": "Зубовка", "is_admin_centre_district": false }, "geometry": { "type": "Point", "coordinates": [ 38.5730253, 54.0071761 ] } },
{ "type": "Feature", "properties": { "name": "Пронь", "is_admin_centre_district": false }, "geometry": { "type": "Point", "coordinates": [ 38.5318572, 54.037504 ] } },
{ "type": "Feature", "properties": { "name": "Дудкино", "is_admin_centre_district": false }, "geometry": { "type": "Point", "coordinates": [ 38.5524714, 54.043203 ] } },
{ "type": "Feature", "properties": { "name": "Дружба", "is_admin_centre_district": false }, "geometry": { "type": "Point", "coordinates": [ 38.4483159, 53.988044 ] } },
{ "type": "Feature", "properties": { "name": "Кашино", "is_admin_centre_district": false }, "geometry": { "type": "Point", "coordinates": [ 38.8481903, 53.9301431 ] } },
{ "type": "Feature", "properties": { "name": "Галицкое", "is_admin_centre_district": false }, "geometry": { "type": "Point", "coordinates": [ 38.8589621, 53.9314191 ] } },
{ "type": "Feature", "properties": { "name": "Возрождение", "is_admin_centre_district": false }, "geometry": { "type": "Point", "coordinates": [ 38.7633038, 53.9559583 ] } },
{ "type": "Feature", "properties": { "name": "Весёлый Луг", "is_admin_centre_district": false }, "geometry": { "type": "Point", "coordinates": [ 38.721118, 53.9341478 ] } },
{ "type": "Feature", "properties": { "name": "Благовещенский", "is_admin_centre_district": false }, "geometry": { "type": "Point", "coordinates": [ 38.7665868, 54.0259477 ] } },
{ "type": "Feature", "properties": { "name": "Барма", "is_admin_centre_district": false }, "geometry": { "type": "Point", "coordinates": [ 38.6827731, 53.9490072 ] } },
{ "type": "Feature", "properties": { "name": "Андреевка", "is_admin_centre_district": false }, "geometry": { "type": "Point", "coordinates": [ 38.7128139, 54.0211703 ] } },
{ "type": "Feature", "properties": { "name": "Апарки", "is_admin_centre_district": false }, "geometry": { "type": "Point", "coordinates": [ 38.7057704, 54.0303229 ] } },
{ "type": "Feature", "properties": { "name": "Александровка", "is_admin_centre_district": false }, "geometry": { "type": "Point", "coordinates": [ 38.5141658, 54.0217405 ] } },
{ "type": "Feature", "properties": { "name": "Аджамки", "is_admin_centre_district": false }, "geometry": { "type": "Point", "coordinates": [ 38.5702776, 53.9304746 ] } },
{ "type": "Feature", "properties": { "name": "Крутое", "is_admin_centre_district": false }, "geometry": { "type": "Point", "coordinates": [ 38.4188676, 54.0014632 ] } },
{ "type": "Feature", "properties": { "name": "Михайловский", "is_admin_centre_district": false }, "geometry": { "type": "Point", "coordinates": [ 38.4714183, 53.5580526 ] } },
{ "type": "Feature", "properties": { "name": "Куркино", "is_admin_centre_district": true }, "geometry": { "type": "Point", "coordinates": [ 38.6571206, 53.4247526 ] } },
{ "type": "Feature", "properties": { "name": "Красные Буйцы", "is_admin_centre_district": false }, "geometry": { "type": "Point", "coordinates": [ 38.510497, 53.6472579 ] } },
{ "type": "Feature", "properties": { "name": "Милославщино", "is_admin_centre_district": false }, "geometry": { "type": "Point", "coordinates": [ 38.6443027, 53.686504 ] } },
{ "type": "Feature", "properties": { "name": "Вишневая", "is_admin_centre_district": false }, "geometry": { "type": "Point", "coordinates": [ 38.6416337, 53.6964247 ] } },
{ "type": "Feature", "properties": { "name": "Задонщино", "is_admin_centre_district": false }, "geometry": { "type": "Point", "coordinates": [ 38.6214446, 53.6995364 ] } },
{ "type": "Feature", "properties": { "name": "Мызовка", "is_admin_centre_district": false }, "geometry": { "type": "Point", "coordinates": [ 38.6308977, 53.6916715 ] } },
{ "type": "Feature", "properties": { "name": "Татинки", "is_admin_centre_district": false }, "geometry": { "type": "Point", "coordinates": [ 38.6813825, 53.6730972 ] } },
{ "type": "Feature", "properties": { "name": "Монастырщино", "is_admin_centre_district": false }, "geometry": { "type": "Point", "coordinates": [ 38.642883, 53.666218 ] } },
{ "type": "Feature", "properties": { "name": "Бахметьево", "is_admin_centre_district": false }, "geometry": { "type": "Point", "coordinates": [ 38.4189658, 53.6690883 ] } },
{ "type": "Feature", "properties": { "name": "Шаховское", "is_admin_centre_district": false }, "geometry": { "type": "Point", "coordinates": [ 38.6348129, 53.5653488 ] } },
{ "type": "Feature", "properties": { "name": "Кресты", "is_admin_centre_district": false }, "geometry": { "type": "Point", "coordinates": [ 38.6019579, 53.5023511 ] } },
{ "type": "Feature", "properties": { "name": "Владимировка", "is_admin_centre_district": false }, "geometry": { "type": "Point", "coordinates": [ 38.3964289, 53.637958 ] } },
{ "type": "Feature", "properties": { "name": "Папоротка", "is_admin_centre_district": false }, "geometry": { "type": "Point", "coordinates": [ 38.35, 53.634 ] } },
{ "type": "Feature", "properties": { "name": "Орловка", "is_admin_centre_district": false }, "geometry": { "type": "Point", "coordinates": [ 38.8119149, 53.6049321 ] } },
{ "type": "Feature", "properties": { "name": "Хворостянка", "is_admin_centre_district": false }, "geometry": { "type": "Point", "coordinates": [ 38.6190985, 53.6183184 ] } },
{ "type": "Feature", "properties": { "name": "Ивановка", "is_admin_centre_district": false }, "geometry": { "type": "Point", "coordinates": [ 38.6897155, 53.5956625 ] } },
{ "type": "Feature", "properties": { "name": "Никольские Выселки", "is_admin_centre_district": false }, "geometry": { "type": "Point", "coordinates": [ 38.4593857, 53.470041 ] } },
{ "type": "Feature", "properties": { "name": "Алексеевка", "is_admin_centre_district": false }, "geometry": { "type": "Point", "coordinates": [ 38.5522792, 53.4327289 ] } },
{ "type": "Feature", "properties": { "name": "Алексеевка", "is_admin_centre_district": false }, "geometry": { "type": "Point", "coordinates": [ 38.4027042, 53.4694892 ] } },
{ "type": "Feature", "properties": { "name": "Покровка", "is_admin_centre_district": false }, "geometry": { "type": "Point", "coordinates": [ 38.4614049, 53.5305339 ] } },
{ "type": "Feature", "properties": { "name": "Коломенское", "is_admin_centre_district": false }, "geometry": { "type": "Point", "coordinates": [ 38.4347749, 53.50675 ] } },
{ "type": "Feature", "properties": { "name": "Пятиловка", "is_admin_centre_district": false }, "geometry": { "type": "Point", "coordinates": [ 38.3778176, 53.4925173 ] } },
{ "type": "Feature", "properties": { "name": "Близнёвка", "is_admin_centre_district": false }, "geometry": { "type": "Point", "coordinates": [ 38.4453256, 53.5133555 ] } },
{ "type": "Feature", "properties": { "name": "Кротовка", "is_admin_centre_district": false }, "geometry": { "type": "Point", "coordinates": [ 38.41408, 53.4687107 ] } },
{ "type": "Feature", "properties": { "name": "Ситки", "is_admin_centre_district": false }, "geometry": { "type": "Point", "coordinates": [ 38.4293772, 53.5092614 ] } },
{ "type": "Feature", "properties": { "name": "Рахманово", "is_admin_centre_district": false }, "geometry": { "type": "Point", "coordinates": [ 38.4982381, 53.4749709 ] } },
{ "type": "Feature", "properties": { "name": "Софьинка", "is_admin_centre_district": false }, "geometry": { "type": "Point", "coordinates": [ 38.543561, 53.4899385 ] } },
{ "type": "Feature", "properties": { "name": "Кукуевка", "is_admin_centre_district": false }, "geometry": { "type": "Point", "coordinates": [ 38.4231856, 53.461915 ] } },
{ "type": "Feature", "properties": { "name": "Птань", "is_admin_centre_district": false }, "geometry": { "type": "Point", "coordinates": [ 38.4202588, 53.4572263 ] } },
{ "type": "Feature", "properties": { "name": "Озерки", "is_admin_centre_district": false }, "geometry": { "type": "Point", "coordinates": [ 38.4559407, 53.4795683 ] } },
{ "type": "Feature", "properties": { "name": "Знаменское", "is_admin_centre_district": false }, "geometry": { "type": "Point", "coordinates": [ 38.5198809, 53.5970335 ] } },
{ "type": "Feature", "properties": { "name": "Кичевский", "is_admin_centre_district": false }, "geometry": { "type": "Point", "coordinates": [ 38.5250174, 53.640749 ] } },
{ "type": "Feature", "properties": { "name": "Богдановка", "is_admin_centre_district": false }, "geometry": { "type": "Point", "coordinates": [ 38.5235808, 53.6317777 ] } },
{ "type": "Feature", "properties": { "name": "Барыковка", "is_admin_centre_district": false }, "geometry": { "type": "Point", "coordinates": [ 38.4084121, 53.6888518 ] } },
{ "type": "Feature", "properties": { "name": "Красный", "is_admin_centre_district": false }, "geometry": { "type": "Point", "coordinates": [ 38.4885308, 53.6517132 ] } },
{ "type": "Feature", "properties": { "name": "Галевка", "is_admin_centre_district": false }, "geometry": { "type": "Point", "coordinates": [ 38.511836, 53.6394006 ] } },
{ "type": "Feature", "properties": { "name": "Доброе", "is_admin_centre_district": false }, "geometry": { "type": "Point", "coordinates": [ 38.5046208, 53.644078 ] } },
{ "type": "Feature", "properties": { "name": "Кащеевка", "is_admin_centre_district": false }, "geometry": { "type": "Point", "coordinates": [ 38.4646784, 53.66093 ] } },
{ "type": "Feature", "properties": { "name": "Гагарино", "is_admin_centre_district": false }, "geometry": { "type": "Point", "coordinates": [ 38.3848816, 53.7100284 ] } },
{ "type": "Feature", "properties": { "name": "Будыровка", "is_admin_centre_district": false }, "geometry": { "type": "Point", "coordinates": [ 38.5220133, 53.6495231 ] } },
{ "type": "Feature", "properties": { "name": "Карлино", "is_admin_centre_district": false }, "geometry": { "type": "Point", "coordinates": [ 38.3603616, 53.7013852 ] } },
{ "type": "Feature", "properties": { "name": "Муравлянка", "is_admin_centre_district": false }, "geometry": { "type": "Point", "coordinates": [ 38.3634204, 53.6959995 ] } },
{ "type": "Feature", "properties": { "name": "Спасское", "is_admin_centre_district": false }, "geometry": { "type": "Point", "coordinates": [ 38.5173347, 53.6089933 ] } },
{ "type": "Feature", "properties": { "name": "Пятиловка", "is_admin_centre_district": false }, "geometry": { "type": "Point", "coordinates": [ 38.5262214, 53.607787 ] } },
{ "type": "Feature", "properties": { "name": "Страховка", "is_admin_centre_district": false }, "geometry": { "type": "Point", "coordinates": [ 38.5237796, 53.6156948 ] } },
{ "type": "Feature", "properties": { "name": "Казаковка", "is_admin_centre_district": false }, "geometry": { "type": "Point", "coordinates": [ 38.373318, 53.581715 ] } },
{ "type": "Feature", "properties": { "name": "Заварыкино", "is_admin_centre_district": false }, "geometry": { "type": "Point", "coordinates": [ 38.3682693, 53.5856768 ] } },
{ "type": "Feature", "properties": { "name": "Набережные Выселки", "is_admin_centre_district": false }, "geometry": { "type": "Point", "coordinates": [ 38.3821814, 53.5944375 ] } },
{ "type": "Feature", "properties": { "name": "Набережное", "is_admin_centre_district": false }, "geometry": { "type": "Point", "coordinates": [ 38.4366989, 53.5634328 ] } },
{ "type": "Feature", "properties": { "name": "Подгорское", "is_admin_centre_district": false }, "geometry": { "type": "Point", "coordinates": [ 38.4253907, 53.5560633 ] } },
{ "type": "Feature", "properties": { "name": "Крамское", "is_admin_centre_district": false }, "geometry": { "type": "Point", "coordinates": [ 38.4848778, 53.5711825 ] } },
{ "type": "Feature", "properties": { "name": "Свобода", "is_admin_centre_district": false }, "geometry": { "type": "Point", "coordinates": [ 38.4816731, 53.5516546 ] } },
{ "type": "Feature", "properties": { "name": "Чудновка", "is_admin_centre_district": false }, "geometry": { "type": "Point", "coordinates": [ 38.4839487, 53.5622341 ] } },
{ "type": "Feature", "properties": { "name": "Грачёвка", "is_admin_centre_district": false }, "geometry": { "type": "Point", "coordinates": [ 38.4972943, 53.5663639 ] } },
{ "type": "Feature", "properties": { "name": "Крючок", "is_admin_centre_district": false }, "geometry": { "type": "Point", "coordinates": [ 38.4977181, 53.5737436 ] } },
{ "type": "Feature", "properties": { "name": "Рыльское", "is_admin_centre_district": false }, "geometry": { "type": "Point", "coordinates": [ 38.4621928, 53.5643522 ] } },
{ "type": "Feature", "properties": { "name": "Марьинка", "is_admin_centre_district": false }, "geometry": { "type": "Point", "coordinates": [ 38.3915006, 53.3876283 ] } },
{ "type": "Feature", "properties": { "name": "Крутое", "is_admin_centre_district": false }, "geometry": { "type": "Point", "coordinates": [ 38.3654553, 53.376378 ] } },
{ "type": "Feature", "properties": { "name": "Травино", "is_admin_centre_district": false }, "geometry": { "type": "Point", "coordinates": [ 38.4808997, 53.4103541 ] } },
{ "type": "Feature", "properties": { "name": "Александровка", "is_admin_centre_district": false }, "geometry": { "type": "Point", "coordinates": [ 38.382012, 53.4022685 ] } },
{ "type": "Feature", "properties": { "name": "Любимовка", "is_admin_centre_district": false }, "geometry": { "type": "Point", "coordinates": [ 38.5106765, 53.4026241 ] } },
{ "type": "Feature", "properties": { "name": "Подхожее", "is_admin_centre_district": false }, "geometry": { "type": "Point", "coordinates": [ 38.466051, 53.4177605 ] } },
{ "type": "Feature", "properties": { "name": "Птань-Жилинских", "is_admin_centre_district": false }, "geometry": { "type": "Point", "coordinates": [ 38.4957506, 53.4125016 ] } },
{ "type": "Feature", "properties": { "name": "Сергиевское", "is_admin_centre_district": false }, "geometry": { "type": "Point", "coordinates": [ 38.4630148, 53.4137563 ] } },
{ "type": "Feature", "properties": { "name": "Маслово", "is_admin_centre_district": false }, "geometry": { "type": "Point", "coordinates": [ 38.5070758, 53.3334217 ] } },
{ "type": "Feature", "properties": { "name": "Владимирское", "is_admin_centre_district": false }, "geometry": { "type": "Point", "coordinates": [ 38.5314088, 53.3825272 ] } },
{ "type": "Feature", "properties": { "name": "Пашково", "is_admin_centre_district": false }, "geometry": { "type": "Point", "coordinates": [ 38.8338043, 53.5935955 ] } },
{ "type": "Feature", "properties": { "name": "Донские Озерки", "is_admin_centre_district": false }, "geometry": { "type": "Point", "coordinates": [ 38.8281394, 53.5878133 ] } },
{ "type": "Feature", "properties": { "name": "Горки", "is_admin_centre_district": false }, "geometry": { "type": "Point", "coordinates": [ 38.8982738, 53.577788 ] } },
{ "type": "Feature", "properties": { "name": "Грибоедово", "is_admin_centre_district": false }, "geometry": { "type": "Point", "coordinates": [ 38.8623, 53.5715067 ] } },
{ "type": "Feature", "properties": { "name": "Екатерининское", "is_admin_centre_district": false }, "geometry": { "type": "Point", "coordinates": [ 38.8873626, 53.5697228 ] } },
{ "type": "Feature", "properties": { "name": "1-2 Ивановка", "is_admin_centre_district": false }, "geometry": { "type": "Point", "coordinates": [ 38.8567425, 53.5770109 ] } },
{ "type": "Feature", "properties": { "name": "Попова Слобода", "is_admin_centre_district": false }, "geometry": { "type": "Point", "coordinates": [ 38.8849164, 53.5759406 ] } },
{ "type": "Feature", "properties": { "name": "Степановка", "is_admin_centre_district": false }, "geometry": { "type": "Point", "coordinates": [ 38.545361, 53.5301221 ] } },
{ "type": "Feature", "properties": { "name": "Селезнёвка", "is_admin_centre_district": false }, "geometry": { "type": "Point", "coordinates": [ 38.5435886, 53.6575203 ] } },
{ "type": "Feature", "properties": { "name": "Малиновка", "is_admin_centre_district": false }, "geometry": { "type": "Point", "coordinates": [ 38.55727, 53.6618181 ] } },
{ "type": "Feature", "properties": { "name": "Куликовка", "is_admin_centre_district": false }, "geometry": { "type": "Point", "coordinates": [ 38.6535977, 53.615012 ] } },
{ "type": "Feature", "properties": { "name": "Первомайское", "is_admin_centre_district": false }, "geometry": { "type": "Point", "coordinates": [ 38.5601625, 53.5122584 ] } },
{ "type": "Feature", "properties": { "name": "Берёзовка", "is_admin_centre_district": false }, "geometry": { "type": "Point", "coordinates": [ 38.5713719, 53.6684394 ] } },
{ "type": "Feature", "properties": { "name": "Новотроицкое", "is_admin_centre_district": false }, "geometry": { "type": "Point", "coordinates": [ 38.6982297, 53.4798704 ] } },
{ "type": "Feature", "properties": { "name": "Андреевка", "is_admin_centre_district": false }, "geometry": { "type": "Point", "coordinates": [ 38.6989078, 53.4925469 ] } },
{ "type": "Feature", "properties": { "name": "Высоцкое", "is_admin_centre_district": false }, "geometry": { "type": "Point", "coordinates": [ 38.5823583, 53.4767034 ] } },
{ "type": "Feature", "properties": { "name": "Сумбулово", "is_admin_centre_district": false }, "geometry": { "type": "Point", "coordinates": [ 38.5883286, 53.4732485 ] } },
{ "type": "Feature", "properties": { "name": "Татьяновка", "is_admin_centre_district": false }, "geometry": { "type": "Point", "coordinates": [ 38.6309384, 53.4791553 ] } },
{ "type": "Feature", "properties": { "name": "Покровка", "is_admin_centre_district": false }, "geometry": { "type": "Point", "coordinates": [ 38.7118983, 53.5093961 ] } },
{ "type": "Feature", "properties": { "name": "Майское", "is_admin_centre_district": false }, "geometry": { "type": "Point", "coordinates": [ 38.7739324, 53.5483621 ] } },
{ "type": "Feature", "properties": { "name": "Заборовка", "is_admin_centre_district": false }, "geometry": { "type": "Point", "coordinates": [ 38.7428617, 53.5369375 ] } },
{ "type": "Feature", "properties": { "name": "Рыхотка", "is_admin_centre_district": false }, "geometry": { "type": "Point", "coordinates": [ 38.716061, 53.5275379 ] } },
{ "type": "Feature", "properties": { "name": "Даниловка", "is_admin_centre_district": false }, "geometry": { "type": "Point", "coordinates": [ 38.6026143, 53.5960672 ] } },
{ "type": "Feature", "properties": { "name": "Самохваловка", "is_admin_centre_district": false }, "geometry": { "type": "Point", "coordinates": [ 38.5945462, 53.5701827 ] } },
{ "type": "Feature", "properties": { "name": "Степной", "is_admin_centre_district": false }, "geometry": { "type": "Point", "coordinates": [ 38.6460446, 53.5675322 ] } },
{ "type": "Feature", "properties": { "name": "Устье", "is_admin_centre_district": false }, "geometry": { "type": "Point", "coordinates": [ 38.7873274, 53.653865 ] } },
{ "type": "Feature", "properties": { "name": "Куликовка", "is_admin_centre_district": false }, "geometry": { "type": "Point", "coordinates": [ 38.7646627, 53.6446344 ] } },
{ "type": "Feature", "properties": { "name": "Суханово", "is_admin_centre_district": false }, "geometry": { "type": "Point", "coordinates": [ 38.7289571, 53.7122502 ] } },
{ "type": "Feature", "properties": { "name": "Журишки", "is_admin_centre_district": false }, "geometry": { "type": "Point", "coordinates": [ 38.7243545, 53.6961632 ] } },
{ "type": "Feature", "properties": { "name": "Себино", "is_admin_centre_district": false }, "geometry": { "type": "Point", "coordinates": [ 38.7761358, 53.6902491 ] } },
{ "type": "Feature", "properties": { "name": "Клешня", "is_admin_centre_district": false }, "geometry": { "type": "Point", "coordinates": [ 38.7533198, 53.3644407 ] } },
{ "type": "Feature", "properties": { "name": "Марьинка", "is_admin_centre_district": false }, "geometry": { "type": "Point", "coordinates": [ 38.6887751, 53.3979235 ] } },
{ "type": "Feature", "properties": { "name": "Бабанино", "is_admin_centre_district": false }, "geometry": { "type": "Point", "coordinates": [ 38.4238093, 53.6426286 ] } },
{ "type": "Feature", "properties": { "name": "Воейково", "is_admin_centre_district": false }, "geometry": { "type": "Point", "coordinates": [ 38.3831359, 53.3387437 ] } },
{ "type": "Feature", "properties": { "name": "Зыбовка", "is_admin_centre_district": false }, "geometry": { "type": "Point", "coordinates": [ 38.8272126, 53.5545148 ] } },
{ "type": "Feature", "properties": { "name": "Кузьминки", "is_admin_centre_district": false }, "geometry": { "type": "Point", "coordinates": [ 38.7582691, 53.6102211 ] } },
{ "type": "Feature", "properties": { "name": "Прилипки", "is_admin_centre_district": false }, "geometry": { "type": "Point", "coordinates": [ 38.7913626, 53.6364472 ] } },
{ "type": "Feature", "properties": { "name": "Хованщина", "is_admin_centre_district": false }, "geometry": { "type": "Point", "coordinates": [ 38.848907, 53.680435 ] } },
{ "type": "Feature", "properties": { "name": "Крюково", "is_admin_centre_district": false }, "geometry": { "type": "Point", "coordinates": [ 38.8075192, 53.6540758 ] } },
{ "type": "Feature", "properties": { "name": "Марьинка", "is_admin_centre_district": false }, "geometry": { "type": "Point", "coordinates": [ 38.8746724, 53.7020189 ] } },
{ "type": "Feature", "properties": { "name": "Огарево", "is_admin_centre_district": false }, "geometry": { "type": "Point", "coordinates": [ 38.8657292, 53.7023896 ] } },
{ "type": "Feature", "properties": { "name": "Подмоклое", "is_admin_centre_district": false }, "geometry": { "type": "Point", "coordinates": [ 38.8140591, 53.6103229 ] } },
{ "type": "Feature", "properties": { "name": "Починки", "is_admin_centre_district": false }, "geometry": { "type": "Point", "coordinates": [ 38.7956913, 53.6202005 ] } },
{ "type": "Feature", "properties": { "name": "Колесовка", "is_admin_centre_district": false }, "geometry": { "type": "Point", "coordinates": [ 38.796679, 53.6764195 ] } },
{ "type": "Feature", "properties": { "name": "Курцы", "is_admin_centre_district": false }, "geometry": { "type": "Point", "coordinates": [ 38.7854107, 53.6162171 ] } },
{ "type": "Feature", "properties": { "name": "Лучки", "is_admin_centre_district": false }, "geometry": { "type": "Point", "coordinates": [ 38.7435461, 53.4147451 ] } },
{ "type": "Feature", "properties": { "name": "Боголюбовка", "is_admin_centre_district": false }, "geometry": { "type": "Point", "coordinates": [ 38.7531086, 53.4107891 ] } },
{ "type": "Feature", "properties": { "name": "Лучанский", "is_admin_centre_district": false }, "geometry": { "type": "Point", "coordinates": [ 38.7217415, 53.4056868 ] } },
{ "type": "Feature", "properties": { "name": "Самарский", "is_admin_centre_district": false }, "geometry": { "type": "Point", "coordinates": [ 38.6348548, 53.412709 ] } },
{ "type": "Feature", "properties": { "name": "Красный", "is_admin_centre_district": false }, "geometry": { "type": "Point", "coordinates": [ 38.5502433, 53.4348394 ] } },
{ "type": "Feature", "properties": { "name": "Рязаново", "is_admin_centre_district": false }, "geometry": { "type": "Point", "coordinates": [ 38.5658512, 53.4386602 ] } },
{ "type": "Feature", "properties": { "name": "Силино", "is_admin_centre_district": false }, "geometry": { "type": "Point", "coordinates": [ 38.5546582, 53.3681325 ] } },
{ "type": "Feature", "properties": { "name": "Силинские Участки", "is_admin_centre_district": false }, "geometry": { "type": "Point", "coordinates": [ 38.5426151, 53.3773946 ] } },
{ "type": "Feature", "properties": { "name": "Кинь-Грусть", "is_admin_centre_district": false }, "geometry": { "type": "Point", "coordinates": [ 38.6435886, 53.4009828 ] } },
{ "type": "Feature", "properties": { "name": "Кинь-Грусть", "is_admin_centre_district": false }, "geometry": { "type": "Point", "coordinates": [ 38.6283107, 53.4038932 ] } },
{ "type": "Feature", "properties": { "name": "Судаково", "is_admin_centre_district": false }, "geometry": { "type": "Point", "coordinates": [ 38.7496064, 53.7091812 ] } },
{ "type": "Feature", "properties": { "name": "Донской", "is_admin_centre_district": false }, "geometry": { "type": "Point", "coordinates": [ 38.6474485, 53.6811262 ] } },
{ "type": "Feature", "properties": { "name": "Самарский", "is_admin_centre_district": false }, "geometry": { "type": "Point", "coordinates": [ 38.5461116, 53.396816 ] } },
{ "type": "Feature", "properties": { "name": "Никольское", "is_admin_centre_district": false }, "geometry": { "type": "Point", "coordinates": [ 38.4176874, 53.4239062 ] } },
{ "type": "Feature", "properties": { "name": "Тишиново", "is_admin_centre_district": false }, "geometry": { "type": "Point", "coordinates": [ 38.5454678, 53.4645476 ] } },
{ "type": "Feature", "properties": { "name": "Никитское", "is_admin_centre_district": false }, "geometry": { "type": "Point", "coordinates": [ 38.8722682, 53.5742635 ] } },
{ "type": "Feature", "properties": { "name": "Козье", "is_admin_centre_district": false }, "geometry": { "type": "Point", "coordinates": [ 38.4561989, 53.2571816 ] } },
{ "type": "Feature", "properties": { "name": "Красногорское", "is_admin_centre_district": false }, "geometry": { "type": "Point", "coordinates": [ 38.4450985, 53.2751992 ] } },
{ "type": "Feature", "properties": { "name": "Солдатское", "is_admin_centre_district": false }, "geometry": { "type": "Point", "coordinates": [ 38.4734334, 53.2448019 ] } },
{ "type": "Feature", "properties": { "name": "Козьминский", "is_admin_centre_district": false }, "geometry": { "type": "Point", "coordinates": [ 38.4516302, 53.1782302 ] } },
{ "type": "Feature", "properties": { "name": "Вязово", "is_admin_centre_district": false }, "geometry": { "type": "Point", "coordinates": [ 38.4445985, 53.1974737 ] } },
{ "type": "Feature", "properties": { "name": "Петровское", "is_admin_centre_district": false }, "geometry": { "type": "Point", "coordinates": [ 38.3637634, 53.065951 ] } },
{ "type": "Feature", "properties": { "name": "Марьино", "is_admin_centre_district": false }, "geometry": { "type": "Point", "coordinates": [ 38.4780856, 53.0617416 ] } },
{ "type": "Feature", "properties": { "name": "Трифоновка", "is_admin_centre_district": false }, "geometry": { "type": "Point", "coordinates": [ 38.3854314, 53.0617345 ] } },
{ "type": "Feature", "properties": { "name": "Ступино", "is_admin_centre_district": false }, "geometry": { "type": "Point", "coordinates": [ 38.5190751, 53.1375031 ] } },
{ "type": "Feature", "properties": { "name": "Кольцово", "is_admin_centre_district": false }, "geometry": { "type": "Point", "coordinates": [ 38.4160965, 53.0594036 ] } },
{ "type": "Feature", "properties": { "name": "Шилово", "is_admin_centre_district": false }, "geometry": { "type": "Point", "coordinates": [ 38.5388899, 53.1900121 ] } },
{ "type": "Feature", "properties": { "name": "Брыковка", "is_admin_centre_district": false }, "geometry": { "type": "Point", "coordinates": [ 38.435696, 53.1779934 ] } },
{ "type": "Feature", "properties": { "name": "Варваровка", "is_admin_centre_district": false }, "geometry": { "type": "Point", "coordinates": [ 38.3585921, 53.035385 ] } },
{ "type": "Feature", "properties": { "name": "Октябрьский", "is_admin_centre_district": false }, "geometry": { "type": "Point", "coordinates": [ 38.4132706, 53.1628593 ] } },
{ "type": "Feature", "properties": { "name": "Лепяги", "is_admin_centre_district": false }, "geometry": { "type": "Point", "coordinates": [ 38.417354, 53.1849245 ] } },
{ "type": "Feature", "properties": { "name": "Лубянка", "is_admin_centre_district": false }, "geometry": { "type": "Point", "coordinates": [ 38.4888413, 53.2025237 ] } },
{ "type": "Feature", "properties": { "name": "Даровая", "is_admin_centre_district": false }, "geometry": { "type": "Point", "coordinates": [ 38.4735194, 53.1853359 ] } },
{ "type": "Feature", "properties": { "name": "Дубики", "is_admin_centre_district": false }, "geometry": { "type": "Point", "coordinates": [ 38.4846989, 53.2106562 ] } },
{ "type": "Feature", "properties": { "name": "Лаврово", "is_admin_centre_district": false }, "geometry": { "type": "Point", "coordinates": [ 38.5217992, 53.2131787 ] } },
{ "type": "Feature", "properties": { "name": "Октябрьский", "is_admin_centre_district": false }, "geometry": { "type": "Point", "coordinates": [ 38.448621, 53.1998219 ] } },
{ "type": "Feature", "properties": { "name": "Старая Косая", "is_admin_centre_district": false }, "geometry": { "type": "Point", "coordinates": [ 38.3729956, 53.2485718 ] } },
{ "type": "Feature", "properties": { "name": "Стрелечья Поляна", "is_admin_centre_district": false }, "geometry": { "type": "Point", "coordinates": [ 38.4185888, 53.2157987 ] } },
{ "type": "Feature", "properties": { "name": "Натальино", "is_admin_centre_district": false }, "geometry": { "type": "Point", "coordinates": [ 38.3678586, 53.3180078 ] } },
{ "type": "Feature", "properties": { "name": "Новинское", "is_admin_centre_district": false }, "geometry": { "type": "Point", "coordinates": [ 38.3638278, 53.1331913 ] } },
{ "type": "Feature", "properties": { "name": "Ключевое", "is_admin_centre_district": false }, "geometry": { "type": "Point", "coordinates": [ 38.3742777, 53.1502841 ] } },
{ "type": "Feature", "properties": { "name": "Яновка", "is_admin_centre_district": false }, "geometry": { "type": "Point", "coordinates": [ 38.4003476, 53.1243848 ] } },
{ "type": "Feature", "properties": { "name": "Никольское", "is_admin_centre_district": false }, "geometry": { "type": "Point", "coordinates": [ 38.3672599, 53.1209853 ] } },
{ "type": "Feature", "properties": { "name": "Красиловка", "is_admin_centre_district": false }, "geometry": { "type": "Point", "coordinates": [ 38.3913762, 53.0972845 ] } },
{ "type": "Feature", "properties": { "name": "Яндовка", "is_admin_centre_district": false }, "geometry": { "type": "Point", "coordinates": [ 38.3880535, 53.0248524 ] } },
{ "type": "Feature", "properties": { "name": "Хорошавка", "is_admin_centre_district": false }, "geometry": { "type": "Point", "coordinates": [ 38.5169443, 53.1018724 ] } },
{ "type": "Feature", "properties": { "name": "Ступинский", "is_admin_centre_district": false }, "geometry": { "type": "Point", "coordinates": [ 38.503014, 53.0904771 ] } },
{ "type": "Feature", "properties": { "name": "Слободское", "is_admin_centre_district": false }, "geometry": { "type": "Point", "coordinates": [ 38.5048036, 53.1596913 ] } },
{ "type": "Feature", "properties": { "name": "Ишутино", "is_admin_centre_district": false }, "geometry": { "type": "Point", "coordinates": [ 38.5034528, 53.1550073 ] } },
{ "type": "Feature", "properties": { "name": "Малое Варково", "is_admin_centre_district": false }, "geometry": { "type": "Point", "coordinates": [ 38.5134092, 53.1488435 ] } },
{ "type": "Feature", "properties": { "name": "Большое Варково", "is_admin_centre_district": false }, "geometry": { "type": "Point", "coordinates": [ 38.5116271, 53.1402339 ] } },
{ "type": "Feature", "properties": { "name": "Костомарово", "is_admin_centre_district": false }, "geometry": { "type": "Point", "coordinates": [ 38.4691172, 53.2840672 ] } },
{ "type": "Feature", "properties": { "name": "Зибаровка", "is_admin_centre_district": false }, "geometry": { "type": "Point", "coordinates": [ 38.4937935, 53.3294301 ] } },
{ "type": "Feature", "properties": { "name": "Малая Сухотинка", "is_admin_centre_district": false }, "geometry": { "type": "Point", "coordinates": [ 38.5528745, 53.1398843 ] } },
{ "type": "Feature", "properties": { "name": "Кугушевские Выселки", "is_admin_centre_district": false }, "geometry": { "type": "Point", "coordinates": [ 38.5748087, 53.0623769 ] } },
{ "type": "Feature", "properties": { "name": "Плоское", "is_admin_centre_district": false }, "geometry": { "type": "Point", "coordinates": [ 38.6225306, 53.047829 ] } },
{ "type": "Feature", "properties": { "name": "Алексеевка", "is_admin_centre_district": false }, "geometry": { "type": "Point", "coordinates": [ 38.5737204, 53.1246441 ] } },
{ "type": "Feature", "properties": { "name": "Первомайский", "is_admin_centre_district": false }, "geometry": { "type": "Point", "coordinates": [ 38.5303055, 53.034102 ] } },
{ "type": "Feature", "properties": { "name": "Слобода Переселенцев", "is_admin_centre_district": false }, "geometry": { "type": "Point", "coordinates": [ 38.5804735, 53.0316245 ] } },
{ "type": "Feature", "properties": { "name": "Большая Дубровка", "is_admin_centre_district": false }, "geometry": { "type": "Point", "coordinates": [ 38.5689722, 53.0777448 ] } },
{ "type": "Feature", "properties": { "name": "Мечнянка", "is_admin_centre_district": false }, "geometry": { "type": "Point", "coordinates": [ 38.5750259, 53.1442218 ] } },
{ "type": "Feature", "properties": { "name": "Большая Сухотинка", "is_admin_centre_district": false }, "geometry": { "type": "Point", "coordinates": [ 38.5603891, 53.1347337 ] } },
{ "type": "Feature", "properties": { "name": "Мордовка", "is_admin_centre_district": false }, "geometry": { "type": "Point", "coordinates": [ 38.5885416, 53.0475194 ] } },
{ "type": "Feature", "properties": { "name": "Хомяково", "is_admin_centre_district": false }, "geometry": { "type": "Point", "coordinates": [ 38.6165224, 53.1223736 ] } },
{ "type": "Feature", "properties": { "name": "Первое Мая", "is_admin_centre_district": false }, "geometry": { "type": "Point", "coordinates": [ 38.3773423, 53.3236998 ] } },
{ "type": "Feature", "properties": { "name": "Запрудное", "is_admin_centre_district": false }, "geometry": { "type": "Point", "coordinates": [ 38.5853292, 53.1398717 ] } },
{ "type": "Feature", "properties": { "name": "Греков Хутор", "is_admin_centre_district": false }, "geometry": { "type": "Point", "coordinates": [ 38.5926852, 53.2031082 ] } },
{ "type": "Feature", "properties": { "name": "Маслово-Волосевич", "is_admin_centre_district": false }, "geometry": { "type": "Point", "coordinates": [ 38.5171341, 53.3293276 ] } },
{ "type": "Feature", "properties": { "name": "Маслово-Трухачево", "is_admin_centre_district": false }, "geometry": { "type": "Point", "coordinates": [ 38.5068773, 53.3281935 ] } },
{ "type": "Feature", "properties": { "name": "Тюртень", "is_admin_centre_district": false }, "geometry": { "type": "Point", "coordinates": [ 38.4795818, 53.1287851 ] } },
{ "type": "Feature", "properties": { "name": "Резвяки", "is_admin_centre_district": false }, "geometry": { "type": "Point", "coordinates": [ 38.5545289, 53.185619 ] } },
{ "type": "Feature", "properties": { "name": "Маслово-Никольское", "is_admin_centre_district": false }, "geometry": { "type": "Point", "coordinates": [ 38.5198903, 53.3273873 ] } },
{ "type": "Feature", "properties": { "name": "Круглое", "is_admin_centre_district": false }, "geometry": { "type": "Point", "coordinates": [ 38.5176596, 53.1688528 ] } },
{ "type": "Feature", "properties": { "name": "Кочергинка", "is_admin_centre_district": false }, "geometry": { "type": "Point", "coordinates": [ 38.3987081, 53.2610642 ] } },
{ "type": "Feature", "properties": { "name": "Малая Косая", "is_admin_centre_district": false }, "geometry": { "type": "Point", "coordinates": [ 38.3919663, 53.2590838 ] } },
{ "type": "Feature", "properties": { "name": "Калининский", "is_admin_centre_district": false }, "geometry": { "type": "Point", "coordinates": [ 38.5360479, 53.1319291 ] } },
{ "type": "Feature", "properties": { "name": "Иванниково", "is_admin_centre_district": false }, "geometry": { "type": "Point", "coordinates": [ 38.3586144, 53.2416174 ] } },
{ "type": "Feature", "properties": { "name": "Запрудненский", "is_admin_centre_district": false }, "geometry": { "type": "Point", "coordinates": [ 38.5899603, 53.1215514 ] } },
{ "type": "Feature", "properties": { "name": "Дмитриевка", "is_admin_centre_district": false }, "geometry": { "type": "Point", "coordinates": [ 38.3548379, 53.0861504 ] } },
{ "type": "Feature", "properties": { "name": "Быстри", "is_admin_centre_district": false }, "geometry": { "type": "Point", "coordinates": [ 38.5130668, 53.1957241 ] } },
{ "type": "Feature", "properties": { "name": "Челищев Хутор", "is_admin_centre_district": false }, "geometry": { "type": "Point", "coordinates": [ 38.5932331, 53.1947509 ] } },
{ "type": "Feature", "properties": { "name": "Чаплино", "is_admin_centre_district": false }, "geometry": { "type": "Point", "coordinates": [ 38.5741285, 53.1413359 ] } },
{ "type": "Feature", "properties": { "name": "Труженик", "is_admin_centre_district": false }, "geometry": { "type": "Point", "coordinates": [ 38.4418619, 53.2418577 ] } },
{ "type": "Feature", "properties": { "name": "Сторожевое", "is_admin_centre_district": false }, "geometry": { "type": "Point", "coordinates": [ 38.5630945, 53.1357417 ] } },
{ "type": "Feature", "properties": { "name": "Подзайские Выселки", "is_admin_centre_district": false }, "geometry": { "type": "Point", "coordinates": [ 38.6234665, 53.2180987 ] } },
{ "type": "Feature", "properties": { "name": "Орлик", "is_admin_centre_district": false }, "geometry": { "type": "Point", "coordinates": [ 37.2317153, 53.2909758 ] } },
{ "type": "Feature", "properties": { "name": "Языково", "is_admin_centre_district": false }, "geometry": { "type": "Point", "coordinates": [ 37.5893394, 53.3219516 ] } },
{ "type": "Feature", "properties": { "name": "Подлозинки", "is_admin_centre_district": false }, "geometry": { "type": "Point", "coordinates": [ 37.672588, 53.2663686 ] } },
{ "type": "Feature", "properties": { "name": "Михайловка", "is_admin_centre_district": false }, "geometry": { "type": "Point", "coordinates": [ 37.6843442, 53.2655852 ] } },
{ "type": "Feature", "properties": { "name": "Архангельское", "is_admin_centre_district": true }, "geometry": { "type": "Point", "coordinates": [ 37.6959452, 53.2586327 ] } },
{ "type": "Feature", "properties": { "name": "Соклаково", "is_admin_centre_district": false }, "geometry": { "type": "Point", "coordinates": [ 37.6749945, 53.1443057 ] } },
{ "type": "Feature", "properties": { "name": "Мясищево", "is_admin_centre_district": false }, "geometry": { "type": "Point", "coordinates": [ 37.6575432, 53.2022183 ] } },
{ "type": "Feature", "properties": { "name": "Бахтинка", "is_admin_centre_district": false }, "geometry": { "type": "Point", "coordinates": [ 37.6503468, 53.1622655 ] } },
{ "type": "Feature", "properties": { "name": "Верхние Калинки", "is_admin_centre_district": false }, "geometry": { "type": "Point", "coordinates": [ 37.654902, 53.1156773 ] } },
{ "type": "Feature", "properties": { "name": "Дружба", "is_admin_centre_district": false }, "geometry": { "type": "Point", "coordinates": [ 37.6121253, 53.1792824 ] } },
{ "type": "Feature", "properties": { "name": "Епанчино", "is_admin_centre_district": false }, "geometry": { "type": "Point", "coordinates": [ 37.6367909, 53.1718231 ] } },
{ "type": "Feature", "properties": { "name": "Левшин", "is_admin_centre_district": false }, "geometry": { "type": "Point", "coordinates": [ 37.6432604, 53.1687747 ] } },
{ "type": "Feature", "properties": { "name": "Марьино", "is_admin_centre_district": false }, "geometry": { "type": "Point", "coordinates": [ 37.7484513, 53.1956403 ] } },
{ "type": "Feature", "properties": { "name": "Нижние Калинки", "is_admin_centre_district": false }, "geometry": { "type": "Point", "coordinates": [ 37.642884, 53.1115844 ] } },
{ "type": "Feature", "properties": { "name": "Присады", "is_admin_centre_district": false }, "geometry": { "type": "Point", "coordinates": [ 37.7053991, 53.2183201 ] } },
{ "type": "Feature", "properties": { "name": "Синий Камень", "is_admin_centre_district": false }, "geometry": { "type": "Point", "coordinates": [ 37.7474438, 53.2637024 ] } },
{ "type": "Feature", "properties": { "name": "Долгие Лески", "is_admin_centre_district": false }, "geometry": { "type": "Point", "coordinates": [ 37.6424352, 53.2380571 ] } },
{ "type": "Feature", "properties": { "name": "Павловка", "is_admin_centre_district": false }, "geometry": { "type": "Point", "coordinates": [ 37.6890465, 53.2960325 ] } },
{ "type": "Feature", "properties": { "name": "Кисельное", "is_admin_centre_district": false }, "geometry": { "type": "Point", "coordinates": [ 37.2211463, 53.2955402 ] } },
{ "type": "Feature", "properties": { "name": "Соловьевка", "is_admin_centre_district": false }, "geometry": { "type": "Point", "coordinates": [ 37.2157175, 53.2912244 ] } },
{ "type": "Feature", "properties": { "name": "Стреличка", "is_admin_centre_district": false }, "geometry": { "type": "Point", "coordinates": [ 37.1680493, 53.2956332 ] } },
{ "type": "Feature", "properties": { "name": "Троицкий", "is_admin_centre_district": false }, "geometry": { "type": "Point", "coordinates": [ 37.2173483, 53.2857728 ] } },
{ "type": "Feature", "properties": { "name": "Юрово", "is_admin_centre_district": false }, "geometry": { "type": "Point", "coordinates": [ 37.1535761, 53.286132 ] } },
{ "type": "Feature", "properties": { "name": "Глебово", "is_admin_centre_district": false }, "geometry": { "type": "Point", "coordinates": [ 37.4158746, 53.3142373 ] } },
{ "type": "Feature", "properties": { "name": "Знаменка 1", "is_admin_centre_district": false }, "geometry": { "type": "Point", "coordinates": [ 37.4226123, 53.3023329 ] } },
{ "type": "Feature", "properties": { "name": "Красная Горка", "is_admin_centre_district": false }, "geometry": { "type": "Point", "coordinates": [ 37.4095232, 53.3172626 ] } },
{ "type": "Feature", "properties": { "name": "Красное", "is_admin_centre_district": false }, "geometry": { "type": "Point", "coordinates": [ 37.4177629, 53.3188008 ] } },
{ "type": "Feature", "properties": { "name": "Орловка", "is_admin_centre_district": false }, "geometry": { "type": "Point", "coordinates": [ 37.2607199, 53.3055069 ] } },
{ "type": "Feature", "properties": { "name": "Шишковка", "is_admin_centre_district": false }, "geometry": { "type": "Point", "coordinates": [ 37.689713, 53.2695762 ] } },
{ "type": "Feature", "properties": { "name": "Цыгановка", "is_admin_centre_district": false }, "geometry": { "type": "Point", "coordinates": [ 37.6544366, 53.2376653 ] } },
{ "type": "Feature", "properties": { "name": "Солнцевка", "is_admin_centre_district": false }, "geometry": { "type": "Point", "coordinates": [ 37.682632, 53.2928165 ] } },
{ "type": "Feature", "properties": { "name": "Кондауровка", "is_admin_centre_district": false }, "geometry": { "type": "Point", "coordinates": [ 37.6412469, 53.2429592 ] } },
{ "type": "Feature", "properties": { "name": "Колычево", "is_admin_centre_district": false }, "geometry": { "type": "Point", "coordinates": [ 37.7052014, 53.2753923 ] } },
{ "type": "Feature", "properties": { "name": "Завидки", "is_admin_centre_district": false }, "geometry": { "type": "Point", "coordinates": [ 37.6748502, 53.2563898 ] } },
{ "type": "Feature", "properties": { "name": "Дмитриевка", "is_admin_centre_district": false }, "geometry": { "type": "Point", "coordinates": [ 37.7017816, 53.2700464 ] } },
{ "type": "Feature", "properties": { "name": "Воронцовка", "is_admin_centre_district": false }, "geometry": { "type": "Point", "coordinates": [ 37.6268295, 53.3095524 ] } },
{ "type": "Feature", "properties": { "name": "Барановка", "is_admin_centre_district": false }, "geometry": { "type": "Point", "coordinates": [ 37.66717, 53.240264 ] } },
{ "type": "Feature", "properties": { "name": "Мясоедово", "is_admin_centre_district": false }, "geometry": { "type": "Point", "coordinates": [ 37.6833004, 53.1488452 ] } },
{ "type": "Feature", "properties": { "name": "Красный", "is_admin_centre_district": false }, "geometry": { "type": "Point", "coordinates": [ 37.6348918, 53.1745369 ] } },
{ "type": "Feature", "properties": { "name": "Галичка", "is_admin_centre_district": false }, "geometry": { "type": "Point", "coordinates": [ 37.7136898, 53.1985423 ] } },
{ "type": "Feature", "properties": { "name": "Тёплое", "is_admin_centre_district": false }, "geometry": { "type": "Point", "coordinates": [ 37.5905627, 53.6233396 ] } },
{ "type": "Feature", "properties": { "name": "Ново-Никольское", "is_admin_centre_district": false }, "geometry": { "type": "Point", "coordinates": [ 37.3706161, 53.4210131 ] } },
{ "type": "Feature", "properties": { "name": "Свободный Серп", "is_admin_centre_district": false }, "geometry": { "type": "Point", "coordinates": [ 37.2249825, 53.6500186 ] } },
{ "type": "Feature", "properties": { "name": "Петровка", "is_admin_centre_district": false }, "geometry": { "type": "Point", "coordinates": [ 37.1941626, 53.6244941 ] } },
{ "type": "Feature", "properties": { "name": "Красная Локна", "is_admin_centre_district": false }, "geometry": { "type": "Point", "coordinates": [ 37.2105943, 53.6383906 ] } },
{ "type": "Feature", "properties": { "name": "Нарышкино", "is_admin_centre_district": false }, "geometry": { "type": "Point", "coordinates": [ 37.6248876, 53.6956624 ] } },
{ "type": "Feature", "properties": { "name": "Механизаторов", "is_admin_centre_district": false }, "geometry": { "type": "Point", "coordinates": [ 37.6444871, 53.6985987 ] } },
{ "type": "Feature", "properties": { "name": "Качановка", "is_admin_centre_district": false }, "geometry": { "type": "Point", "coordinates": [ 37.601524, 53.701533 ] } },
{ "type": "Feature", "properties": { "name": "Дегтярка", "is_admin_centre_district": false }, "geometry": { "type": "Point", "coordinates": [ 37.722359, 53.4518646 ] } },
{ "type": "Feature", "properties": { "name": "Доробино", "is_admin_centre_district": false }, "geometry": { "type": "Point", "coordinates": [ 37.7052273, 53.4728609 ] } },
{ "type": "Feature", "properties": { "name": "Волчья Дубрава", "is_admin_centre_district": false }, "geometry": { "type": "Point", "coordinates": [ 37.6459592, 53.5435511 ] } },
{ "type": "Feature", "properties": { "name": "Большое Огарево", "is_admin_centre_district": false }, "geometry": { "type": "Point", "coordinates": [ 37.7237624, 53.5498448 ] } },
{ "type": "Feature", "properties": { "name": "Одинцово", "is_admin_centre_district": false }, "geometry": { "type": "Point", "coordinates": [ 37.733945, 53.4075928 ] } },
{ "type": "Feature", "properties": { "name": "Спасское", "is_admin_centre_district": false }, "geometry": { "type": "Point", "coordinates": [ 37.6803714, 53.4686 ] } },
{ "type": "Feature", "properties": { "name": "Введенка", "is_admin_centre_district": false }, "geometry": { "type": "Point", "coordinates": [ 37.6580072, 53.5081844 ] } },
{ "type": "Feature", "properties": { "name": "Андреевка", "is_admin_centre_district": false }, "geometry": { "type": "Point", "coordinates": [ 37.6383704, 53.5827358 ] } },
{ "type": "Feature", "properties": { "name": "Марьино", "is_admin_centre_district": false }, "geometry": { "type": "Point", "coordinates": [ 37.5624699, 53.6477163 ] } },
{ "type": "Feature", "properties": { "name": "Хомутовка", "is_admin_centre_district": false }, "geometry": { "type": "Point", "coordinates": [ 37.5788948, 53.6416197 ] } },
{ "type": "Feature", "properties": { "name": "Кисарово", "is_admin_centre_district": false }, "geometry": { "type": "Point", "coordinates": [ 37.41017, 53.3344426 ] } },
{ "type": "Feature", "properties": { "name": "Молчаново", "is_admin_centre_district": false }, "geometry": { "type": "Point", "coordinates": [ 37.4867774, 53.3244807 ] } },
{ "type": "Feature", "properties": { "name": "Тросна", "is_admin_centre_district": false }, "geometry": { "type": "Point", "coordinates": [ 37.1491031, 53.3640559 ] } },
{ "type": "Feature", "properties": { "name": "Липицы", "is_admin_centre_district": false }, "geometry": { "type": "Point", "coordinates": [ 37.2751037, 53.3682647 ] } },
{ "type": "Feature", "properties": { "name": "Рахманово", "is_admin_centre_district": false }, "geometry": { "type": "Point", "coordinates": [ 37.1958002, 53.6861647 ] } },
{ "type": "Feature", "properties": { "name": "Рублино", "is_admin_centre_district": false }, "geometry": { "type": "Point", "coordinates": [ 37.6819609, 53.6253112 ] } },
{ "type": "Feature", "properties": { "name": "Воронцовка", "is_admin_centre_district": false }, "geometry": { "type": "Point", "coordinates": [ 37.6647947, 53.6126853 ] } },
{ "type": "Feature", "properties": { "name": "Раевка", "is_admin_centre_district": false }, "geometry": { "type": "Point", "coordinates": [ 37.655525, 53.602806 ] } },
{ "type": "Feature", "properties": { "name": "Мосюковка", "is_admin_centre_district": false }, "geometry": { "type": "Point", "coordinates": [ 37.6785276, 53.6118706 ] } },
{ "type": "Feature", "properties": { "name": "Красногвардеец", "is_admin_centre_district": false }, "geometry": { "type": "Point", "coordinates": [ 37.7324293, 53.615944 ] } },
{ "type": "Feature", "properties": { "name": "Кировский", "is_admin_centre_district": false }, "geometry": { "type": "Point", "coordinates": [ 37.5003724, 53.5394054 ] } },
{ "type": "Feature", "properties": { "name": "Центральный", "is_admin_centre_district": false }, "geometry": { "type": "Point", "coordinates": [ 37.6121946, 53.4385888 ] } },
{ "type": "Feature", "properties": { "name": "Камынино", "is_admin_centre_district": false }, "geometry": { "type": "Point", "coordinates": [ 37.3183142, 53.6735713 ] } },
{ "type": "Feature", "properties": { "name": "Мещерино", "is_admin_centre_district": false }, "geometry": { "type": "Point", "coordinates": [ 37.38271, 53.614113 ] } },
{ "type": "Feature", "properties": { "name": "Молочные Дворы", "is_admin_centre_district": false }, "geometry": { "type": "Point", "coordinates": [ 37.2325649, 53.6510494 ] } },
{ "type": "Feature", "properties": { "name": "Пригородный", "is_admin_centre_district": false }, "geometry": { "type": "Point", "coordinates": [ 37.2770314, 53.6906878 ] } },
{ "type": "Feature", "properties": { "name": "Стройка", "is_admin_centre_district": false }, "geometry": { "type": "Point", "coordinates": [ 37.3594096, 53.4253411 ] } },
{ "type": "Feature", "properties": { "name": "Синявино", "is_admin_centre_district": false }, "geometry": { "type": "Point", "coordinates": [ 37.243622, 53.696819 ] } },
{ "type": "Feature", "properties": { "name": "Троекурово", "is_admin_centre_district": false }, "geometry": { "type": "Point", "coordinates": [ 37.4185835, 53.4815563 ] } },
{ "type": "Feature", "properties": { "name": "Сергеевка", "is_admin_centre_district": false }, "geometry": { "type": "Point", "coordinates": [ 37.4481502, 53.4601618 ] } },
{ "type": "Feature", "properties": { "name": "Елашка", "is_admin_centre_district": false }, "geometry": { "type": "Point", "coordinates": [ 37.4422268, 53.461773 ] } },
{ "type": "Feature", "properties": { "name": "Озерские Выселки", "is_admin_centre_district": false }, "geometry": { "type": "Point", "coordinates": [ 37.4838032, 53.4543144 ] } },
{ "type": "Feature", "properties": { "name": "Раёво", "is_admin_centre_district": false }, "geometry": { "type": "Point", "coordinates": [ 37.4796907, 53.4473346 ] } },
{ "type": "Feature", "properties": { "name": "Голохвастово", "is_admin_centre_district": false }, "geometry": { "type": "Point", "coordinates": [ 37.4830665, 53.4458528 ] } },
{ "type": "Feature", "properties": { "name": "Большое Минино", "is_admin_centre_district": false }, "geometry": { "type": "Point", "coordinates": [ 37.491213, 53.3987944 ] } },
{ "type": "Feature", "properties": { "name": "Молчаново Левое", "is_admin_centre_district": false }, "geometry": { "type": "Point", "coordinates": [ 37.420129, 53.3301087 ] } },
{ "type": "Feature", "properties": { "name": "Новое Архангельское", "is_admin_centre_district": false }, "geometry": { "type": "Point", "coordinates": [ 37.3679514, 53.4313585 ] } },
{ "type": "Feature", "properties": { "name": "Анненково", "is_admin_centre_district": false }, "geometry": { "type": "Point", "coordinates": [ 37.5280389, 53.4280892 ] } },
{ "type": "Feature", "properties": { "name": "Алексеевское 1-е", "is_admin_centre_district": false }, "geometry": { "type": "Point", "coordinates": [ 37.6647425, 53.413805 ] } },
{ "type": "Feature", "properties": { "name": "Алексеевское 2-е", "is_admin_centre_district": false }, "geometry": { "type": "Point", "coordinates": [ 37.6682598, 53.4102642 ] } },
{ "type": "Feature", "properties": { "name": "Пыжово 1-е", "is_admin_centre_district": false }, "geometry": { "type": "Point", "coordinates": [ 37.6843134, 53.4132335 ] } },
{ "type": "Feature", "properties": { "name": "Пыжово 2-е", "is_admin_centre_district": false }, "geometry": { "type": "Point", "coordinates": [ 37.6874677, 53.4162006 ] } },
{ "type": "Feature", "properties": { "name": "Булычи", "is_admin_centre_district": false }, "geometry": { "type": "Point", "coordinates": [ 37.1640313, 53.3573471 ] } },
{ "type": "Feature", "properties": { "name": "Весёлый", "is_admin_centre_district": false }, "geometry": { "type": "Point", "coordinates": [ 37.1702755, 53.3563994 ] } },
{ "type": "Feature", "properties": { "name": "Коломенка", "is_admin_centre_district": false }, "geometry": { "type": "Point", "coordinates": [ 37.2965002, 53.3734001 ] } },
{ "type": "Feature", "properties": { "name": "Красная Слободка", "is_admin_centre_district": false }, "geometry": { "type": "Point", "coordinates": [ 37.4213517, 53.3517407 ] } },
{ "type": "Feature", "properties": { "name": "Красное Озеро", "is_admin_centre_district": false }, "geometry": { "type": "Point", "coordinates": [ 37.2919083, 53.3265926 ] } },
{ "type": "Feature", "properties": { "name": "Красный Путь", "is_admin_centre_district": false }, "geometry": { "type": "Point", "coordinates": [ 37.3360253, 53.331206 ] } },
{ "type": "Feature", "properties": { "name": "Курбатово", "is_admin_centre_district": false }, "geometry": { "type": "Point", "coordinates": [ 37.4692774, 53.3439815 ] } },
{ "type": "Feature", "properties": { "name": "Липицы-Зыбино", "is_admin_centre_district": false }, "geometry": { "type": "Point", "coordinates": [ 37.2709334, 53.3598603 ] } },
{ "type": "Feature", "properties": { "name": "Спасское-Кривцово", "is_admin_centre_district": false }, "geometry": { "type": "Point", "coordinates": [ 37.4183691, 53.3434723 ] } },
{ "type": "Feature", "properties": { "name": "Тургенево", "is_admin_centre_district": false }, "geometry": { "type": "Point", "coordinates": [ 37.2867477, 53.3755891 ] } },
{ "type": "Feature", "properties": { "name": "Черенок", "is_admin_centre_district": false }, "geometry": { "type": "Point", "coordinates": [ 37.3041606, 53.3765172 ] } },
{ "type": "Feature", "properties": { "name": "Молчаново Правое", "is_admin_centre_district": false }, "geometry": { "type": "Point", "coordinates": [ 37.4100489, 53.3300022 ] } },
{ "type": "Feature", "properties": { "name": "Спасское", "is_admin_centre_district": false }, "geometry": { "type": "Point", "coordinates": [ 37.4108106, 53.3407395 ] } },
{ "type": "Feature", "properties": { "name": "Новое Никольское", "is_admin_centre_district": false }, "geometry": { "type": "Point", "coordinates": [ 37.154552, 53.388039 ] } },
{ "type": "Feature", "properties": { "name": "Новое Покровское", "is_admin_centre_district": false }, "geometry": { "type": "Point", "coordinates": [ 37.1465701, 53.3825227 ] } },
{ "type": "Feature", "properties": { "name": "Спартак", "is_admin_centre_district": false }, "geometry": { "type": "Point", "coordinates": [ 37.1390142, 53.4366394 ] } },
{ "type": "Feature", "properties": { "name": "Шоссе", "is_admin_centre_district": false }, "geometry": { "type": "Point", "coordinates": [ 37.1503633, 53.5882288 ] } },
{ "type": "Feature", "properties": { "name": "Ежовка", "is_admin_centre_district": false }, "geometry": { "type": "Point", "coordinates": [ 37.7099403, 53.345642 ] } },
{ "type": "Feature", "properties": { "name": "Березовка", "is_admin_centre_district": false }, "geometry": { "type": "Point", "coordinates": [ 37.6919106, 53.3581987 ] } },
{ "type": "Feature", "properties": { "name": "Чебышовка", "is_admin_centre_district": false }, "geometry": { "type": "Point", "coordinates": [ 37.3277883, 53.5343494 ] } },
{ "type": "Feature", "properties": { "name": "Урусово", "is_admin_centre_district": false }, "geometry": { "type": "Point", "coordinates": [ 37.3388385, 53.6372088 ] } },
{ "type": "Feature", "properties": { "name": "Тюринка", "is_admin_centre_district": false }, "geometry": { "type": "Point", "coordinates": [ 37.3951864, 53.5989995 ] } },
{ "type": "Feature", "properties": { "name": "Соковнино", "is_admin_centre_district": false }, "geometry": { "type": "Point", "coordinates": [ 37.3672914, 53.5400779 ] } },
{ "type": "Feature", "properties": { "name": "Сорочинка", "is_admin_centre_district": false }, "geometry": { "type": "Point", "coordinates": [ 37.4437866, 53.6776505 ] } },
{ "type": "Feature", "properties": { "name": "Первое Мая", "is_admin_centre_district": false }, "geometry": { "type": "Point", "coordinates": [ 37.4324324, 53.6864348 ] } },
{ "type": "Feature", "properties": { "name": "Островки", "is_admin_centre_district": false }, "geometry": { "type": "Point", "coordinates": [ 37.4832916, 53.5671915 ] } },
{ "type": "Feature", "properties": { "name": "Новоселки", "is_admin_centre_district": false }, "geometry": { "type": "Point", "coordinates": [ 37.3262644, 53.6797556 ] } },
{ "type": "Feature", "properties": { "name": "Ляпуновка", "is_admin_centre_district": false }, "geometry": { "type": "Point", "coordinates": [ 37.4286175, 53.5809775 ] } },
{ "type": "Feature", "properties": { "name": "Красное", "is_admin_centre_district": false }, "geometry": { "type": "Point", "coordinates": [ 37.3366917, 53.5992797 ] } },
{ "type": "Feature", "properties": { "name": "Жадомо", "is_admin_centre_district": false }, "geometry": { "type": "Point", "coordinates": [ 37.3485299, 53.5212161 ] } },
{ "type": "Feature", "properties": { "name": "Диктатура", "is_admin_centre_district": false }, "geometry": { "type": "Point", "coordinates": [ 37.3987188, 53.5453328 ] } },
{ "type": "Feature", "properties": { "name": "Губа", "is_admin_centre_district": false }, "geometry": { "type": "Point", "coordinates": [ 37.3266548, 53.653008 ] } },
{ "type": "Feature", "properties": { "name": "Ивановское-2", "is_admin_centre_district": false }, "geometry": { "type": "Point", "coordinates": [ 37.327348, 53.5906072 ] } },
{ "type": "Feature", "properties": { "name": "Ивановское-1", "is_admin_centre_district": false }, "geometry": { "type": "Point", "coordinates": [ 37.3199987, 53.5832705 ] } },
{ "type": "Feature", "properties": { "name": "Васильевское", "is_admin_centre_district": false }, "geometry": { "type": "Point", "coordinates": [ 37.3044955, 53.5752572 ] } },
{ "type": "Feature", "properties": { "name": "Бохино", "is_admin_centre_district": false }, "geometry": { "type": "Point", "coordinates": [ 37.3991361, 53.6407059 ] } },
{ "type": "Feature", "properties": { "name": "Боняково", "is_admin_centre_district": false }, "geometry": { "type": "Point", "coordinates": [ 37.4113655, 53.6462151 ] } },
{ "type": "Feature", "properties": { "name": "Бабурино", "is_admin_centre_district": false }, "geometry": { "type": "Point", "coordinates": [ 37.4094343, 53.5877669 ] } },
{ "type": "Feature", "properties": { "name": "Ясный", "is_admin_centre_district": false }, "geometry": { "type": "Point", "coordinates": [ 37.1491527, 53.5271715 ] } },
{ "type": "Feature", "properties": { "name": "Южный", "is_admin_centre_district": false }, "geometry": { "type": "Point", "coordinates": [ 37.2617626, 53.4762088 ] } },
{ "type": "Feature", "properties": { "name": "Скородное", "is_admin_centre_district": false }, "geometry": { "type": "Point", "coordinates": [ 37.2777873, 53.4856557 ] } },
{ "type": "Feature", "properties": { "name": "Самозвановка", "is_admin_centre_district": false }, "geometry": { "type": "Point", "coordinates": [ 37.2044062, 53.6188085 ] } },
{ "type": "Feature", "properties": { "name": "Самозвановка", "is_admin_centre_district": false }, "geometry": { "type": "Point", "coordinates": [ 37.2090411, 53.6258209 ] } },
{ "type": "Feature", "properties": { "name": "Савватеевка", "is_admin_centre_district": false }, "geometry": { "type": "Point", "coordinates": [ 37.1842789, 53.5827227 ] } },
{ "type": "Feature", "properties": { "name": "Рождествено-2", "is_admin_centre_district": false }, "geometry": { "type": "Point", "coordinates": [ 37.1430796, 53.6734605 ] } },
{ "type": "Feature", "properties": { "name": "Рождествено-1", "is_admin_centre_district": false }, "geometry": { "type": "Point", "coordinates": [ 37.1460843, 53.6798319 ] } },
{ "type": "Feature", "properties": { "name": "Орликово", "is_admin_centre_district": false }, "geometry": { "type": "Point", "coordinates": [ 37.215619, 53.689329 ] } },
{ "type": "Feature", "properties": { "name": "Ольхи", "is_admin_centre_district": false }, "geometry": { "type": "Point", "coordinates": [ 37.1975612, 53.4958583 ] } },
{ "type": "Feature", "properties": { "name": "Новое Жуково", "is_admin_centre_district": false }, "geometry": { "type": "Point", "coordinates": [ 37.2003078, 53.4877136 ] } },
{ "type": "Feature", "properties": { "name": "Новая Слободка", "is_admin_centre_district": false }, "geometry": { "type": "Point", "coordinates": [ 37.1749019, 53.6862242 ] } },
{ "type": "Feature", "properties": { "name": "Никольское-1", "is_admin_centre_district": false }, "geometry": { "type": "Point", "coordinates": [ 37.1316647, 53.6644127 ] } },
{ "type": "Feature", "properties": { "name": "Лидинка", "is_admin_centre_district": false }, "geometry": { "type": "Point", "coordinates": [ 37.319119, 53.4380329 ] } },
{ "type": "Feature", "properties": { "name": "Красный Октябрь", "is_admin_centre_district": false }, "geometry": { "type": "Point", "coordinates": [ 37.3655748, 53.4186379 ] } },
{ "type": "Feature", "properties": { "name": "Кобылинский Хутор", "is_admin_centre_district": false }, "geometry": { "type": "Point", "coordinates": [ 37.190566, 53.5290592 ] } },
{ "type": "Feature", "properties": { "name": "Заречье", "is_admin_centre_district": false }, "geometry": { "type": "Point", "coordinates": [ 37.1777558, 53.6823991 ] } },
{ "type": "Feature", "properties": { "name": "Запольный Ольховец", "is_admin_centre_district": false }, "geometry": { "type": "Point", "coordinates": [ 37.3006667, 53.4186358 ] } },
{ "type": "Feature", "properties": { "name": "Гремячево", "is_admin_centre_district": false }, "geometry": { "type": "Point", "coordinates": [ 37.2736501, 53.4597953 ] } },
{ "type": "Feature", "properties": { "name": "Советский", "is_admin_centre_district": false }, "geometry": { "type": "Point", "coordinates": [ 37.1448827, 53.5984328 ] } },
{ "type": "Feature", "properties": { "name": "Горбачёво", "is_admin_centre_district": false }, "geometry": { "type": "Point", "coordinates": [ 37.1420824, 53.5988467 ] } },
{ "type": "Feature", "properties": { "name": "Горбачевка", "is_admin_centre_district": false }, "geometry": { "type": "Point", "coordinates": [ 37.1657181, 53.611413 ] } },
{ "type": "Feature", "properties": { "name": "Большие Озерки", "is_admin_centre_district": false }, "geometry": { "type": "Point", "coordinates": [ 37.1784926, 53.5534098 ] } },
{ "type": "Feature", "properties": { "name": "Титовка", "is_admin_centre_district": false }, "geometry": { "type": "Point", "coordinates": [ 37.727408, 53.5197359 ] } },
{ "type": "Feature", "properties": { "name": "Сергеево-Ржавка", "is_admin_centre_district": false }, "geometry": { "type": "Point", "coordinates": [ 37.5916608, 53.5667874 ] } },
{ "type": "Feature", "properties": { "name": "Покровское 2-е", "is_admin_centre_district": false }, "geometry": { "type": "Point", "coordinates": [ 37.513188, 53.5237769 ] } },
{ "type": "Feature", "properties": { "name": "Покровское 1-е", "is_admin_centre_district": false }, "geometry": { "type": "Point", "coordinates": [ 37.5078529, 53.5314614 ] } },
{ "type": "Feature", "properties": { "name": "Победа", "is_admin_centre_district": false }, "geometry": { "type": "Point", "coordinates": [ 37.5264644, 53.6086251 ] } },
{ "type": "Feature", "properties": { "name": "Озерно", "is_admin_centre_district": false }, "geometry": { "type": "Point", "coordinates": [ 37.5427508, 53.5895883 ] } },
{ "type": "Feature", "properties": { "name": "Мичуринский", "is_admin_centre_district": false }, "geometry": { "type": "Point", "coordinates": [ 37.5908271, 53.595806 ] } },
{ "type": "Feature", "properties": { "name": "Петровский Хутор", "is_admin_centre_district": false }, "geometry": { "type": "Point", "coordinates": [ 37.5899302, 53.589795 ] } },
{ "type": "Feature", "properties": { "name": "Крюковка 2", "is_admin_centre_district": false }, "geometry": { "type": "Point", "coordinates": [ 37.5247049, 53.4428259 ] } },
{ "type": "Feature", "properties": { "name": "Крюковка 1", "is_admin_centre_district": false }, "geometry": { "type": "Point", "coordinates": [ 37.5199413, 53.445612 ] } },
{ "type": "Feature", "properties": { "name": "Красное", "is_admin_centre_district": false }, "geometry": { "type": "Point", "coordinates": [ 37.4937844, 53.5584105 ] } },
{ "type": "Feature", "properties": { "name": "Федоровка", "is_admin_centre_district": false }, "geometry": { "type": "Point", "coordinates": [ 37.4898791, 53.5563201 ] } },
{ "type": "Feature", "properties": { "name": "Смирное", "is_admin_centre_district": false }, "geometry": { "type": "Point", "coordinates": [ 37.5014185, 53.5474024 ] } },
{ "type": "Feature", "properties": { "name": "Коноплино", "is_admin_centre_district": false }, "geometry": { "type": "Point", "coordinates": [ 37.7284455, 53.496905 ] } },
{ "type": "Feature", "properties": { "name": "Качан", "is_admin_centre_district": false }, "geometry": { "type": "Point", "coordinates": [ 37.7262997, 53.4935606 ] } },
{ "type": "Feature", "properties": { "name": "Стрешнево", "is_admin_centre_district": false }, "geometry": { "type": "Point", "coordinates": [ 37.5153493, 53.5004023 ] } },
{ "type": "Feature", "properties": { "name": "Казанское", "is_admin_centre_district": false }, "geometry": { "type": "Point", "coordinates": [ 37.7367711, 53.4821723 ] } },
{ "type": "Feature", "properties": { "name": "Ионовка", "is_admin_centre_district": false }, "geometry": { "type": "Point", "coordinates": [ 37.7264285, 53.5234722 ] } },
{ "type": "Feature", "properties": { "name": "Зареченка", "is_admin_centre_district": false }, "geometry": { "type": "Point", "coordinates": [ 37.7412557, 53.4016393 ] } },
{ "type": "Feature", "properties": { "name": "Спасское-Дурново", "is_admin_centre_district": false }, "geometry": { "type": "Point", "coordinates": [ 37.4324369, 53.3595419 ] } },
{ "type": "Feature", "properties": { "name": "Иваново-Трещево", "is_admin_centre_district": false }, "geometry": { "type": "Point", "coordinates": [ 37.4382305, 53.3623847 ] } },
{ "type": "Feature", "properties": { "name": "Северное Усово", "is_admin_centre_district": false }, "geometry": { "type": "Point", "coordinates": [ 37.4678314, 53.384749 ] } },
{ "type": "Feature", "properties": { "name": "Доробин-Колодезь", "is_admin_centre_district": false }, "geometry": { "type": "Point", "coordinates": [ 37.6679134, 53.503593 ] } },
{ "type": "Feature", "properties": { "name": "Дикополье", "is_admin_centre_district": false }, "geometry": { "type": "Point", "coordinates": [ 37.6607465, 53.5030315 ] } },
{ "type": "Feature", "properties": { "name": "Гремучий", "is_admin_centre_district": false }, "geometry": { "type": "Point", "coordinates": [ 37.7200556, 53.5309851 ] } },
{ "type": "Feature", "properties": { "name": "Яковлево", "is_admin_centre_district": false }, "geometry": { "type": "Point", "coordinates": [ 37.661047, 53.4928457 ] } },
{ "type": "Feature", "properties": { "name": "Грановка", "is_admin_centre_district": false }, "geometry": { "type": "Point", "coordinates": [ 37.659502, 53.4949903 ] } },
{ "type": "Feature", "properties": { "name": "Васильчиково", "is_admin_centre_district": false }, "geometry": { "type": "Point", "coordinates": [ 37.7264928, 53.5053542 ] } },
{ "type": "Feature", "properties": { "name": "Борисовка", "is_admin_centre_district": false }, "geometry": { "type": "Point", "coordinates": [ 37.7312779, 53.5256918 ] } },
{ "type": "Feature", "properties": { "name": "Берёзовка", "is_admin_centre_district": false }, "geometry": { "type": "Point", "coordinates": [ 37.7310419, 53.5356019 ] } },
{ "type": "Feature", "properties": { "name": "Арсеньево", "is_admin_centre_district": false }, "geometry": { "type": "Point", "coordinates": [ 37.7294969, 53.5060561 ] } },
{ "type": "Feature", "properties": { "name": "Аксаково", "is_admin_centre_district": false }, "geometry": { "type": "Point", "coordinates": [ 37.7266645, 53.515588 ] } },
{ "type": "Feature", "properties": { "name": "Петровское", "is_admin_centre_district": false }, "geometry": { "type": "Point", "coordinates": [ 37.6687717, 53.6563894 ] } },
{ "type": "Feature", "properties": { "name": "Ольгино", "is_admin_centre_district": false }, "geometry": { "type": "Point", "coordinates": [ 37.5026679, 53.6260118 ] } },
{ "type": "Feature", "properties": { "name": "Новоселки", "is_admin_centre_district": false }, "geometry": { "type": "Point", "coordinates": [ 37.6518845, 53.6864466 ] } },
{ "type": "Feature", "properties": { "name": "Приволье", "is_admin_centre_district": false }, "geometry": { "type": "Point", "coordinates": [ 37.5289535, 53.6544311 ] } },
{ "type": "Feature", "properties": { "name": "Малая Красавка", "is_admin_centre_district": false }, "geometry": { "type": "Point", "coordinates": [ 37.521615, 53.6635354 ] } },
{ "type": "Feature", "properties": { "name": "Горьковский", "is_admin_centre_district": false }, "geometry": { "type": "Point", "coordinates": [ 37.6139045, 53.6551686 ] } },
{ "type": "Feature", "properties": { "name": "Владимирское Товарищество", "is_admin_centre_district": false }, "geometry": { "type": "Point", "coordinates": [ 37.649846, 53.6059515 ] } },
{ "type": "Feature", "properties": { "name": "Варваринский", "is_admin_centre_district": false }, "geometry": { "type": "Point", "coordinates": [ 37.6246976, 53.6255282 ] } },
{ "type": "Feature", "properties": { "name": "Варваринка", "is_admin_centre_district": false }, "geometry": { "type": "Point", "coordinates": [ 37.6340532, 53.6936701 ] } },
{ "type": "Feature", "properties": { "name": "Большая Красавка", "is_admin_centre_district": false }, "geometry": { "type": "Point", "coordinates": [ 37.4868536, 53.6443071 ] } },
{ "type": "Feature", "properties": { "name": "Крутое", "is_admin_centre_district": false }, "geometry": { "type": "Point", "coordinates": [ 37.5473213, 53.7041505 ] } },
{ "type": "Feature", "properties": { "name": "Карцево", "is_admin_centre_district": false }, "geometry": { "type": "Point", "coordinates": [ 37.4381851, 53.5133835 ] } },
{ "type": "Feature", "properties": { "name": "Щёкино", "is_admin_centre_district": true }, "geometry": { "type": "Point", "coordinates": [ 37.5179079, 54.004465 ] } },
{ "type": "Feature", "properties": { "name": "Советск", "is_admin_centre_district": false }, "geometry": { "type": "Point", "coordinates": [ 37.6320858, 53.9346588 ] } },
{ "type": "Feature", "properties": { "name": "Коровики", "is_admin_centre_district": false }, "geometry": { "type": "Point", "coordinates": [ 37.6405, 53.9593 ] } },
{ "type": "Feature", "properties": { "name": "Крапивна", "is_admin_centre_district": false }, "geometry": { "type": "Point", "coordinates": [ 37.154839, 53.940987 ] } },
{ "type": "Feature", "properties": { "name": "Липки", "is_admin_centre_district": false }, "geometry": { "type": "Point", "coordinates": [ 37.7018766, 53.9402404 ] } },
{ "type": "Feature", "properties": { "name": "Плавск", "is_admin_centre_district": true }, "geometry": { "type": "Point", "coordinates": [ 37.2920333, 53.7068732 ] } },
{ "type": "Feature", "properties": { "name": "Первомайский", "is_admin_centre_district": false }, "geometry": { "type": "Point", "coordinates": [ 37.505294, 54.0379879 ] } },
{ "type": "Feature", "properties": { "name": "Крюковка", "is_admin_centre_district": false }, "geometry": { "type": "Point", "coordinates": [ 37.6611, 53.9373 ] } },
{ "type": "Feature", "properties": { "name": "Комсомольский", "is_admin_centre_district": false }, "geometry": { "type": "Point", "coordinates": [ 37.6689, 53.9553 ] } },
{ "type": "Feature", "properties": { "name": "Социалистический", "is_admin_centre_district": false }, "geometry": { "type": "Point", "coordinates": [ 37.6126, 53.9726 ] } },
{ "type": "Feature", "properties": { "name": "Октябрьский", "is_admin_centre_district": false }, "geometry": { "type": "Point", "coordinates": [ 37.6436, 53.9701 ] } },
{ "type": "Feature", "properties": { "name": "Огарёвка", "is_admin_centre_district": false }, "geometry": { "type": "Point", "coordinates": [ 37.5702, 53.9362 ] } },
{ "type": "Feature", "properties": { "name": "Лукино", "is_admin_centre_district": false }, "geometry": { "type": "Point", "coordinates": [ 37.3938396, 53.8143486 ] } },
{ "type": "Feature", "properties": { "name": "Лапотково", "is_admin_centre_district": false }, "geometry": { "type": "Point", "coordinates": [ 37.417885, 53.838699 ] } },
{ "type": "Feature", "properties": { "name": "Карамышево", "is_admin_centre_district": false }, "geometry": { "type": "Point", "coordinates": [ 37.460373, 53.904778 ] } },
{ "type": "Feature", "properties": { "name": "Солова", "is_admin_centre_district": false }, "geometry": { "type": "Point", "coordinates": [ 37.4725954, 53.9103989 ] } },
{ "type": "Feature", "properties": { "name": "Самохваловка", "is_admin_centre_district": false }, "geometry": { "type": "Point", "coordinates": [ 37.474837, 54.0052447 ] } },
{ "type": "Feature", "properties": { "name": "Большая Тросна", "is_admin_centre_district": false }, "geometry": { "type": "Point", "coordinates": [ 37.4790491, 54.0100204 ] } },
{ "type": "Feature", "properties": { "name": "Костомарово", "is_admin_centre_district": false }, "geometry": { "type": "Point", "coordinates": [ 37.6237592, 53.9235446 ] } },
{ "type": "Feature", "properties": { "name": "Новые Выселки", "is_admin_centre_district": false }, "geometry": { "type": "Point", "coordinates": [ 37.6453536, 53.8650092 ] } },
{ "type": "Feature", "properties": { "name": "Крутицы", "is_admin_centre_district": false }, "geometry": { "type": "Point", "coordinates": [ 37.7167811, 53.8252263 ] } },
{ "type": "Feature", "properties": { "name": "Селино", "is_admin_centre_district": false }, "geometry": { "type": "Point", "coordinates": [ 37.1302075, 54.0780731 ] } },
{ "type": "Feature", "properties": { "name": "Орлово", "is_admin_centre_district": false }, "geometry": { "type": "Point", "coordinates": [ 37.1581906, 53.9590843 ] } },
{ "type": "Feature", "properties": { "name": "Павлово", "is_admin_centre_district": false }, "geometry": { "type": "Point", "coordinates": [ 37.1198607, 54.0452342 ] } },
{ "type": "Feature", "properties": { "name": "Свобода", "is_admin_centre_district": false }, "geometry": { "type": "Point", "coordinates": [ 37.1886732, 54.0583375 ] } },
{ "type": "Feature", "properties": { "name": "Селиваново", "is_admin_centre_district": false }, "geometry": { "type": "Point", "coordinates": [ 37.2482883, 53.9912672 ] } },
{ "type": "Feature", "properties": { "name": "Воздремо", "is_admin_centre_district": false }, "geometry": { "type": "Point", "coordinates": [ 37.3727855, 54.0268234 ] } },
{ "type": "Feature", "properties": { "name": "Головеньки", "is_admin_centre_district": false }, "geometry": { "type": "Point", "coordinates": [ 37.3907672, 54.0386168 ] } },
{ "type": "Feature", "properties": { "name": "Головеньковский", "is_admin_centre_district": false }, "geometry": { "type": "Point", "coordinates": [ 37.414919, 54.0379854 ] } },
{ "type": "Feature", "properties": { "name": "Супруты", "is_admin_centre_district": false }, "geometry": { "type": "Point", "coordinates": [ 37.1860605, 54.0044979 ] } },
{ "type": "Feature", "properties": { "name": "Ярцево", "is_admin_centre_district": false }, "geometry": { "type": "Point", "coordinates": [ 37.1905717, 53.9681022 ] } },
{ "type": "Feature", "properties": { "name": "Шондрово", "is_admin_centre_district": false }, "geometry": { "type": "Point", "coordinates": [ 37.7209476, 53.8761921 ] } },
{ "type": "Feature", "properties": { "name": "Наумовка", "is_admin_centre_district": false }, "geometry": { "type": "Point", "coordinates": [ 37.6831704, 53.8803263 ] } },
{ "type": "Feature", "properties": { "name": "Иконки", "is_admin_centre_district": false }, "geometry": { "type": "Point", "coordinates": [ 37.6852875, 53.8870336 ] } },
{ "type": "Feature", "properties": { "name": "Технический", "is_admin_centre_district": false }, "geometry": { "type": "Point", "coordinates": [ 37.6711293, 53.884382 ] } },
{ "type": "Feature", "properties": { "name": "Садовый", "is_admin_centre_district": false }, "geometry": { "type": "Point", "coordinates": [ 37.6525771, 53.8965539 ] } },
{ "type": "Feature", "properties": { "name": "Харино", "is_admin_centre_district": false }, "geometry": { "type": "Point", "coordinates": [ 37.6903156, 53.9045769 ] } },
{ "type": "Feature", "properties": { "name": "Заречье", "is_admin_centre_district": false }, "geometry": { "type": "Point", "coordinates": [ 37.7124791, 53.8957672 ] } },
{ "type": "Feature", "properties": { "name": "Миленино", "is_admin_centre_district": false }, "geometry": { "type": "Point", "coordinates": [ 37.7237, 53.9079 ] } },
{ "type": "Feature", "properties": { "name": "Сатинка", "is_admin_centre_district": false }, "geometry": { "type": "Point", "coordinates": [ 37.6773092, 53.9129415 ] } },
{ "type": "Feature", "properties": { "name": "Спицино", "is_admin_centre_district": false }, "geometry": { "type": "Point", "coordinates": [ 37.6347453, 53.9062127 ] } },
{ "type": "Feature", "properties": { "name": "Бухоново", "is_admin_centre_district": false }, "geometry": { "type": "Point", "coordinates": [ 37.6401873, 53.9115593 ] } },
{ "type": "Feature", "properties": { "name": "Катерево", "is_admin_centre_district": false }, "geometry": { "type": "Point", "coordinates": [ 37.5931784, 53.7129474 ] } },
{ "type": "Feature", "properties": { "name": "Царево", "is_admin_centre_district": false }, "geometry": { "type": "Point", "coordinates": [ 37.5792314, 53.744366 ] } },
{ "type": "Feature", "properties": { "name": "Алексеевка", "is_admin_centre_district": false }, "geometry": { "type": "Point", "coordinates": [ 37.5832202, 53.7129206 ] } },
{ "type": "Feature", "properties": { "name": "Змеево", "is_admin_centre_district": false }, "geometry": { "type": "Point", "coordinates": [ 37.6083684, 53.7600042 ] } },
{ "type": "Feature", "properties": { "name": "Пирогово 1-е", "is_admin_centre_district": false }, "geometry": { "type": "Point", "coordinates": [ 37.6482379, 53.7763821 ] } },
{ "type": "Feature", "properties": { "name": "Пирогово 2-е", "is_admin_centre_district": false }, "geometry": { "type": "Point", "coordinates": [ 37.6371319, 53.7789029 ] } },
{ "type": "Feature", "properties": { "name": "Ржаво", "is_admin_centre_district": false }, "geometry": { "type": "Point", "coordinates": [ 37.560576, 53.8179686 ] } },
{ "type": "Feature", "properties": { "name": "Сорочинка", "is_admin_centre_district": false }, "geometry": { "type": "Point", "coordinates": [ 37.5723838, 53.8414981 ] } },
{ "type": "Feature", "properties": { "name": "Новоникольское", "is_admin_centre_district": false }, "geometry": { "type": "Point", "coordinates": [ 37.5066216, 53.8230362 ] } },
{ "type": "Feature", "properties": { "name": "Ляпищево", "is_admin_centre_district": false }, "geometry": { "type": "Point", "coordinates": [ 37.501329, 53.8276743 ] } },
{ "type": "Feature", "properties": { "name": "Лазарево", "is_admin_centre_district": false }, "geometry": { "type": "Point", "coordinates": [ 37.486, 53.8489 ] } },
{ "type": "Feature", "properties": { "name": "Липово", "is_admin_centre_district": false }, "geometry": { "type": "Point", "coordinates": [ 37.505051, 53.725052 ] } },
{ "type": "Feature", "properties": { "name": "Грецовка", "is_admin_centre_district": false }, "geometry": { "type": "Point", "coordinates": [ 37.4018397, 53.752358 ] } },
{ "type": "Feature", "properties": { "name": "Сумароково", "is_admin_centre_district": false }, "geometry": { "type": "Point", "coordinates": [ 37.4290847, 53.794762 ] } },
{ "type": "Feature", "properties": { "name": "Уткино", "is_admin_centre_district": false }, "geometry": { "type": "Point", "coordinates": [ 37.7101971, 53.8177824 ] } },
{ "type": "Feature", "properties": { "name": "Большая Мостовая", "is_admin_centre_district": false }, "geometry": { "type": "Point", "coordinates": [ 37.5630133, 53.9592245 ] } },
{ "type": "Feature", "properties": { "name": "Горячкино", "is_admin_centre_district": false }, "geometry": { "type": "Point", "coordinates": [ 37.6004763, 53.929374 ] } },
{ "type": "Feature", "properties": { "name": "Мостовской", "is_admin_centre_district": false }, "geometry": { "type": "Point", "coordinates": [ 37.5692259, 53.9659452 ] } },
{ "type": "Feature", "properties": { "name": "Бегичево", "is_admin_centre_district": false }, "geometry": { "type": "Point", "coordinates": [ 37.6141076, 53.838776 ] } },
{ "type": "Feature", "properties": { "name": "Гришинка", "is_admin_centre_district": false }, "geometry": { "type": "Point", "coordinates": [ 37.6411043, 53.8197965 ] } },
{ "type": "Feature", "properties": { "name": "Мясновка", "is_admin_centre_district": false }, "geometry": { "type": "Point", "coordinates": [ 37.6575586, 53.8372709 ] } },
{ "type": "Feature", "properties": { "name": "Шлыково", "is_admin_centre_district": false }, "geometry": { "type": "Point", "coordinates": [ 37.1413904, 54.0050883 ] } },
{ "type": "Feature", "properties": { "name": "Пришня", "is_admin_centre_district": false }, "geometry": { "type": "Point", "coordinates": [ 37.3123005, 53.9291072 ] } },
{ "type": "Feature", "properties": { "name": "Захаровка", "is_admin_centre_district": false }, "geometry": { "type": "Point", "coordinates": [ 37.3970305, 53.958746 ] } },
{ "type": "Feature", "properties": { "name": "Проскурино", "is_admin_centre_district": false }, "geometry": { "type": "Point", "coordinates": [ 37.131865, 53.9432185 ] } },
{ "type": "Feature", "properties": { "name": "Кураково", "is_admin_centre_district": false }, "geometry": { "type": "Point", "coordinates": [ 37.2481992, 54.0775735 ] } },
{ "type": "Feature", "properties": { "name": "Лесной", "is_admin_centre_district": false }, "geometry": { "type": "Point", "coordinates": [ 37.2646502, 54.0668351 ] } },
{ "type": "Feature", "properties": { "name": "Борзуново", "is_admin_centre_district": false }, "geometry": { "type": "Point", "coordinates": [ 37.3002816, 54.0716476 ] } },
{ "type": "Feature", "properties": { "name": "Труново", "is_admin_centre_district": false }, "geometry": { "type": "Point", "coordinates": [ 37.3192886, 54.0637761 ] } },
{ "type": "Feature", "properties": { "name": "Криволапово", "is_admin_centre_district": false }, "geometry": { "type": "Point", "coordinates": [ 37.2854464, 54.0711669 ] } },
{ "type": "Feature", "properties": { "name": "Малахово", "is_admin_centre_district": false }, "geometry": { "type": "Point", "coordinates": [ 37.3280395, 54.0801076 ] } },
{ "type": "Feature", "properties": { "name": "Октябрьский", "is_admin_centre_district": false }, "geometry": { "type": "Point", "coordinates": [ 37.2572525, 53.7571872 ] } },
{ "type": "Feature", "properties": { "name": "Крутовка", "is_admin_centre_district": false }, "geometry": { "type": "Point", "coordinates": [ 37.3913084, 53.8943229 ] } },
{ "type": "Feature", "properties": { "name": "Юбилейный", "is_admin_centre_district": false }, "geometry": { "type": "Point", "coordinates": [ 37.4816292, 54.0533216 ] } },
{ "type": "Feature", "properties": { "name": "Юрьево", "is_admin_centre_district": false }, "geometry": { "type": "Point", "coordinates": [ 37.2642716, 53.735745 ] } },
{ "type": "Feature", "properties": { "name": "Суры", "is_admin_centre_district": false }, "geometry": { "type": "Point", "coordinates": [ 37.7272147, 53.7503559 ] } },
{ "type": "Feature", "properties": { "name": "Красные Холмы", "is_admin_centre_district": false }, "geometry": { "type": "Point", "coordinates": [ 37.4197354, 53.7823783 ] } },
{ "type": "Feature", "properties": { "name": "Рязановка", "is_admin_centre_district": false }, "geometry": { "type": "Point", "coordinates": [ 37.354032, 53.7528654 ] } },
{ "type": "Feature", "properties": { "name": "Стублевка", "is_admin_centre_district": false }, "geometry": { "type": "Point", "coordinates": [ 37.4160104, 53.7587519 ] } },
{ "type": "Feature", "properties": { "name": "Кочаки", "is_admin_centre_district": false }, "geometry": { "type": "Point", "coordinates": [ 37.5351486, 54.0602442 ] } },
{ "type": "Feature", "properties": { "name": "Ясная Поляна", "is_admin_centre_district": false }, "geometry": { "type": "Point", "coordinates": [ 37.526737, 54.070141 ] } },
{ "type": "Feature", "properties": { "name": "Кресты", "is_admin_centre_district": false }, "geometry": { "type": "Point", "coordinates": [ 37.5006857, 53.9754138 ] } },
{ "type": "Feature", "properties": { "name": "Пирогово-Зыково", "is_admin_centre_district": false }, "geometry": { "type": "Point", "coordinates": [ 37.3870699, 53.7929263 ] } },
{ "type": "Feature", "properties": { "name": "Зыково", "is_admin_centre_district": false }, "geometry": { "type": "Point", "coordinates": [ 37.4015323, 53.7983256 ] } },
{ "type": "Feature", "properties": { "name": "Петровское", "is_admin_centre_district": false }, "geometry": { "type": "Point", "coordinates": [ 37.4342338, 53.7405199 ] } },
{ "type": "Feature", "properties": { "name": "Борисовка", "is_admin_centre_district": false }, "geometry": { "type": "Point", "coordinates": [ 37.6390802, 53.8875809 ] } },
{ "type": "Feature", "properties": { "name": "Малахово", "is_admin_centre_district": false }, "geometry": { "type": "Point", "coordinates": [ 37.6448309, 53.8996692 ] } },
{ "type": "Feature", "properties": { "name": "Яньково", "is_admin_centre_district": false }, "geometry": { "type": "Point", "coordinates": [ 37.6220857, 53.8993152 ] } },
{ "type": "Feature", "properties": { "name": "Грумант", "is_admin_centre_district": false }, "geometry": { "type": "Point", "coordinates": [ 37.4827202, 54.0708543 ] } },
{ "type": "Feature", "properties": { "name": "Ломинцевский", "is_admin_centre_district": false }, "geometry": { "type": "Point", "coordinates": [ 37.6653325, 53.9837093 ] } },
{ "type": "Feature", "properties": { "name": "Майский", "is_admin_centre_district": false }, "geometry": { "type": "Point", "coordinates": [ 37.5502551, 53.9788771 ] } },
{ "type": "Feature", "properties": { "name": "Беловы Дворы", "is_admin_centre_district": false }, "geometry": { "type": "Point", "coordinates": [ 37.4962746, 53.9657717 ] } },
{ "type": "Feature", "properties": { "name": "Грецовка", "is_admin_centre_district": false }, "geometry": { "type": "Point", "coordinates": [ 37.5048516, 53.9882222 ] } },
{ "type": "Feature", "properties": { "name": "Нагорный", "is_admin_centre_district": false }, "geometry": { "type": "Point", "coordinates": [ 37.5244088, 53.9802001 ] } },
{ "type": "Feature", "properties": { "name": "Шахтёрский", "is_admin_centre_district": false }, "geometry": { "type": "Point", "coordinates": [ 37.4944292, 53.9782179 ] } },
{ "type": "Feature", "properties": { "name": "Городна", "is_admin_centre_district": false }, "geometry": { "type": "Point", "coordinates": [ 37.5700528, 53.9781561 ] } },
{ "type": "Feature", "properties": { "name": "Хутор Озерки", "is_admin_centre_district": false }, "geometry": { "type": "Point", "coordinates": [ 37.4685389, 53.9660348 ] } },
{ "type": "Feature", "properties": { "name": "Крутовка", "is_admin_centre_district": false }, "geometry": { "type": "Point", "coordinates": [ 37.4523054, 53.9808752 ] } },
{ "type": "Feature", "properties": { "name": "Липки", "is_admin_centre_district": false }, "geometry": { "type": "Point", "coordinates": [ 37.7026753, 53.970161 ] } },
{ "type": "Feature", "properties": { "name": "Ясенки", "is_admin_centre_district": false }, "geometry": { "type": "Point", "coordinates": [ 37.5130126, 54.0286496 ] } },
{ "type": "Feature", "properties": { "name": "Кутеповка", "is_admin_centre_district": false }, "geometry": { "type": "Point", "coordinates": [ 37.552, 53.93604 ] } },
{ "type": "Feature", "properties": { "name": "Ломинцево", "is_admin_centre_district": false }, "geometry": { "type": "Point", "coordinates": [ 37.672161, 54.01288 ] } },
{ "type": "Feature", "properties": { "name": "Шахты-22", "is_admin_centre_district": false }, "geometry": { "type": "Point", "coordinates": [ 37.6683914, 53.9997859 ] } },
{ "type": "Feature", "properties": { "name": "Рудный", "is_admin_centre_district": false }, "geometry": { "type": "Point", "coordinates": [ 37.6040822, 54.0186965 ] } },
{ "type": "Feature", "properties": { "name": "Новосёлки", "is_admin_centre_district": false }, "geometry": { "type": "Point", "coordinates": [ 37.6126692, 53.9581293 ] } },
{ "type": "Feature", "properties": { "name": "Ягодное", "is_admin_centre_district": false }, "geometry": { "type": "Point", "coordinates": [ 37.5948746, 53.9608304 ] } },
{ "type": "Feature", "properties": { "name": "Ливенское", "is_admin_centre_district": false }, "geometry": { "type": "Point", "coordinates": [ 37.6341274, 54.0843617 ] } },
{ "type": "Feature", "properties": { "name": "Прилепы", "is_admin_centre_district": false }, "geometry": { "type": "Point", "coordinates": [ 37.6918442, 54.0516776 ] } },
{ "type": "Feature", "properties": { "name": "Кишкино", "is_admin_centre_district": false }, "geometry": { "type": "Point", "coordinates": [ 37.6765419, 54.0625233 ] } },
{ "type": "Feature", "properties": { "name": "Плеханово", "is_admin_centre_district": false }, "geometry": { "type": "Point", "coordinates": [ 37.7163414, 54.0155363 ] } },
{ "type": "Feature", "properties": { "name": "Лутовиново", "is_admin_centre_district": false }, "geometry": { "type": "Point", "coordinates": [ 37.6820982, 54.0829308 ] } },
{ "type": "Feature", "properties": { "name": "Косое", "is_admin_centre_district": false }, "geometry": { "type": "Point", "coordinates": [ 37.6107134, 53.9982044 ] } },
{ "type": "Feature", "properties": { "name": "Шахты-24", "is_admin_centre_district": false }, "geometry": { "type": "Point", "coordinates": [ 37.6485183, 54.0026559 ] } },
{ "type": "Feature", "properties": { "name": "Дёминка", "is_admin_centre_district": false }, "geometry": { "type": "Point", "coordinates": [ 37.5791212, 54.0506087 ] } },
{ "type": "Feature", "properties": { "name": "Мясоедово", "is_admin_centre_district": false }, "geometry": { "type": "Point", "coordinates": [ 37.5889871, 54.0450012 ] } },
{ "type": "Feature", "properties": { "name": "Смирное", "is_admin_centre_district": false }, "geometry": { "type": "Point", "coordinates": [ 37.6177908, 54.0306739 ] } },
{ "type": "Feature", "properties": { "name": "Соломасово", "is_admin_centre_district": false }, "geometry": { "type": "Point", "coordinates": [ 37.6245753, 54.0282529 ] } },
{ "type": "Feature", "properties": { "name": "Шахты-21", "is_admin_centre_district": false }, "geometry": { "type": "Point", "coordinates": [ 37.5721386, 54.0194358 ] } },
{ "type": "Feature", "properties": { "name": "Шевелевка", "is_admin_centre_district": false }, "geometry": { "type": "Point", "coordinates": [ 37.5746506, 54.0086943 ] } },
{ "type": "Feature", "properties": { "name": "Большая Стрекаловка", "is_admin_centre_district": false }, "geometry": { "type": "Point", "coordinates": [ 37.6466931, 54.0720198 ] } },
{ "type": "Feature", "properties": { "name": "Фалдино", "is_admin_centre_district": false }, "geometry": { "type": "Point", "coordinates": [ 37.6377217, 54.0731157 ] } },
{ "type": "Feature", "properties": { "name": "Телятинки", "is_admin_centre_district": false }, "geometry": { "type": "Point", "coordinates": [ 37.5014431, 54.0532032 ] } },
{ "type": "Feature", "properties": { "name": "Усть-Колпна", "is_admin_centre_district": false }, "geometry": { "type": "Point", "coordinates": [ 37.6534352, 53.9752113 ] } },
{ "type": "Feature", "properties": { "name": "Малая Кожуховка", "is_admin_centre_district": false }, "geometry": { "type": "Point", "coordinates": [ 37.6260224, 54.0178998 ] } },
{ "type": "Feature", "properties": { "name": "Ровки 1-е", "is_admin_centre_district": false }, "geometry": { "type": "Point", "coordinates": [ 37.4470881, 53.8018802 ] } },
{ "type": "Feature", "properties": { "name": "Ровки 2-е", "is_admin_centre_district": false }, "geometry": { "type": "Point", "coordinates": [ 37.4579864, 53.8027028 ] } },
{ "type": "Feature", "properties": { "name": "Переволоки-Возвратные", "is_admin_centre_district": false }, "geometry": { "type": "Point", "coordinates": [ 37.2789726, 53.9969591 ] } },
{ "type": "Feature", "properties": { "name": "Козловка", "is_admin_centre_district": false }, "geometry": { "type": "Point", "coordinates": [ 37.301477, 53.9867762 ] } },
{ "type": "Feature", "properties": { "name": "Переволоки", "is_admin_centre_district": false }, "geometry": { "type": "Point", "coordinates": [ 37.3183349, 53.9700891 ] } },
{ "type": "Feature", "properties": { "name": "Драгуны", "is_admin_centre_district": false }, "geometry": { "type": "Point", "coordinates": [ 37.2351882, 53.8431788 ] } },
{ "type": "Feature", "properties": { "name": "Московские выселки", "is_admin_centre_district": false }, "geometry": { "type": "Point", "coordinates": [ 37.3050822, 53.8971173 ] } },
{ "type": "Feature", "properties": { "name": "Старая Колпна", "is_admin_centre_district": false }, "geometry": { "type": "Point", "coordinates": [ 37.5351167, 54.013473 ] } },
{ "type": "Feature", "properties": { "name": "Щёкино", "is_admin_centre_district": false }, "geometry": { "type": "Point", "coordinates": [ 37.6291827, 53.9879084 ] } },
{ "type": "Feature", "properties": { "name": "Крюковка", "is_admin_centre_district": false }, "geometry": { "type": "Point", "coordinates": [ 37.6737233, 54.0848477 ] } },
{ "type": "Feature", "properties": { "name": "Лобынское", "is_admin_centre_district": false }, "geometry": { "type": "Point", "coordinates": [ 37.7109789, 54.0755409 ] } },
{ "type": "Feature", "properties": { "name": "Малая Стрекаловка", "is_admin_centre_district": false }, "geometry": { "type": "Point", "coordinates": [ 37.6565229, 54.0582852 ] } },
{ "type": "Feature", "properties": { "name": "Пиваловка", "is_admin_centre_district": false }, "geometry": { "type": "Point", "coordinates": [ 37.6959508, 54.0433062 ] } },
{ "type": "Feature", "properties": { "name": "Плужниково", "is_admin_centre_district": false }, "geometry": { "type": "Point", "coordinates": [ 37.6499376, 54.0634439 ] } },
{ "type": "Feature", "properties": { "name": "Прилепские Выселки", "is_admin_centre_district": false }, "geometry": { "type": "Point", "coordinates": [ 37.7080646, 54.0461572 ] } },
{ "type": "Feature", "properties": { "name": "Фроловка", "is_admin_centre_district": false }, "geometry": { "type": "Point", "coordinates": [ 37.6658652, 54.0462865 ] } },
{ "type": "Feature", "properties": { "name": "Коледино", "is_admin_centre_district": false }, "geometry": { "type": "Point", "coordinates": [ 37.4482899, 54.0155665 ] } },
{ "type": "Feature", "properties": { "name": "Краснополье", "is_admin_centre_district": false }, "geometry": { "type": "Point", "coordinates": [ 37.452638, 54.0322166 ] } },
{ "type": "Feature", "properties": { "name": "Русиновка", "is_admin_centre_district": false }, "geometry": { "type": "Point", "coordinates": [ 37.4735438, 54.0431965 ] } },
{ "type": "Feature", "properties": { "name": "Большая Браженка", "is_admin_centre_district": false }, "geometry": { "type": "Point", "coordinates": [ 37.3159681, 53.9637367 ] } },
{ "type": "Feature", "properties": { "name": "Пироговка-Соковнино", "is_admin_centre_district": false }, "geometry": { "type": "Point", "coordinates": [ 37.4831052, 54.0229006 ] } },
{ "type": "Feature", "properties": { "name": "Пироговка-Ульяновка", "is_admin_centre_district": false }, "geometry": { "type": "Point", "coordinates": [ 37.476113, 54.0286075 ] } },
{ "type": "Feature", "properties": { "name": "Климовское", "is_admin_centre_district": false }, "geometry": { "type": "Point", "coordinates": [ 37.1613542, 54.0360575 ] } },
{ "type": "Feature", "properties": { "name": "Никольское", "is_admin_centre_district": false }, "geometry": { "type": "Point", "coordinates": [ 37.1720031, 54.0496958 ] } },
{ "type": "Feature", "properties": { "name": "Скородумово", "is_admin_centre_district": false }, "geometry": { "type": "Point", "coordinates": [ 37.6660717, 53.7973572 ] } },
{ "type": "Feature", "properties": { "name": "Сухой Ручей", "is_admin_centre_district": false }, "geometry": { "type": "Point", "coordinates": [ 37.6429529, 53.7254008 ] } },
{ "type": "Feature", "properties": { "name": "Лапино", "is_admin_centre_district": false }, "geometry": { "type": "Point", "coordinates": [ 37.1291594, 53.8775122 ] } },
{ "type": "Feature", "properties": { "name": "Малынь", "is_admin_centre_district": false }, "geometry": { "type": "Point", "coordinates": [ 37.1461397, 53.8735012 ] } },
{ "type": "Feature", "properties": { "name": "Даниловка", "is_admin_centre_district": false }, "geometry": { "type": "Point", "coordinates": [ 37.1679082, 53.8644443 ] } },
{ "type": "Feature", "properties": { "name": "Чириково", "is_admin_centre_district": false }, "geometry": { "type": "Point", "coordinates": [ 37.1963505, 53.8513972 ] } },
{ "type": "Feature", "properties": { "name": "Косая Губа", "is_admin_centre_district": false }, "geometry": { "type": "Point", "coordinates": [ 37.2288959, 53.815745 ] } },
{ "type": "Feature", "properties": { "name": "Пеньково", "is_admin_centre_district": false }, "geometry": { "type": "Point", "coordinates": [ 37.2430691, 53.8181133 ] } },
{ "type": "Feature", "properties": { "name": "Красное", "is_admin_centre_district": false }, "geometry": { "type": "Point", "coordinates": [ 37.2637457, 53.7934636 ] } },
{ "type": "Feature", "properties": { "name": "Крутое", "is_admin_centre_district": false }, "geometry": { "type": "Point", "coordinates": [ 37.2528512, 53.7921548 ] } },
{ "type": "Feature", "properties": { "name": "Василевка", "is_admin_centre_district": false }, "geometry": { "type": "Point", "coordinates": [ 37.2572516, 53.7878848 ] } },
{ "type": "Feature", "properties": { "name": "Крёкшино", "is_admin_centre_district": false }, "geometry": { "type": "Point", "coordinates": [ 37.2582559, 53.7758767 ] } },
{ "type": "Feature", "properties": { "name": "Акуловские Выселки", "is_admin_centre_district": false }, "geometry": { "type": "Point", "coordinates": [ 37.1278488, 53.7267214 ] } },
{ "type": "Feature", "properties": { "name": "Малая Мостовая", "is_admin_centre_district": false }, "geometry": { "type": "Point", "coordinates": [ 37.5466097, 53.9623551 ] } },
{ "type": "Feature", "properties": { "name": "Панарино", "is_admin_centre_district": false }, "geometry": { "type": "Point", "coordinates": [ 37.6485397, 54.020857 ] } },
{ "type": "Feature", "properties": { "name": "Алешня", "is_admin_centre_district": false }, "geometry": { "type": "Point", "coordinates": [ 37.7102889, 53.9832548 ] } },
{ "type": "Feature", "properties": { "name": "Дубровка", "is_admin_centre_district": false }, "geometry": { "type": "Point", "coordinates": [ 37.7223976, 54.0320142 ] } },
{ "type": "Feature", "properties": { "name": "Сетинка", "is_admin_centre_district": false }, "geometry": { "type": "Point", "coordinates": [ 37.7134217, 53.9874437 ] } },
{ "type": "Feature", "properties": { "name": "Гамовка", "is_admin_centre_district": false }, "geometry": { "type": "Point", "coordinates": [ 37.6995963, 53.9318459 ] } },
{ "type": "Feature", "properties": { "name": "Поселки", "is_admin_centre_district": false }, "geometry": { "type": "Point", "coordinates": [ 37.7166927, 53.9403314 ] } },
{ "type": "Feature", "properties": { "name": "Курово", "is_admin_centre_district": false }, "geometry": { "type": "Point", "coordinates": [ 37.6632443, 53.9673679 ] } },
{ "type": "Feature", "properties": { "name": "Куровский", "is_admin_centre_district": false }, "geometry": { "type": "Point", "coordinates": [ 37.666809, 53.9476091 ] } },
{ "type": "Feature", "properties": { "name": "Мезеневка", "is_admin_centre_district": false }, "geometry": { "type": "Point", "coordinates": [ 37.6493397, 53.9628235 ] } },
{ "type": "Feature", "properties": { "name": "Садовый", "is_admin_centre_district": false }, "geometry": { "type": "Point", "coordinates": [ 37.7219256, 53.950972 ] } },
{ "type": "Feature", "properties": { "name": "Шахты № 8", "is_admin_centre_district": false }, "geometry": { "type": "Point", "coordinates": [ 37.7088766, 53.9208291 ] } },
{ "type": "Feature", "properties": { "name": "Луговая", "is_admin_centre_district": false }, "geometry": { "type": "Point", "coordinates": [ 37.7273459, 53.8468226 ] } },
{ "type": "Feature", "properties": { "name": "Пруды", "is_admin_centre_district": false }, "geometry": { "type": "Point", "coordinates": [ 37.2351017, 53.9604828 ] } },
{ "type": "Feature", "properties": { "name": "Николаевка", "is_admin_centre_district": false }, "geometry": { "type": "Point", "coordinates": [ 37.2653691, 53.9726265 ] } },
{ "type": "Feature", "properties": { "name": "Подлипковский", "is_admin_centre_district": false }, "geometry": { "type": "Point", "coordinates": [ 37.7214649, 53.9649158 ] } },
{ "type": "Feature", "properties": { "name": "Новый Мир", "is_admin_centre_district": false }, "geometry": { "type": "Point", "coordinates": [ 37.1379121, 54.0459702 ] } },
{ "type": "Feature", "properties": { "name": "Средние Мармыжи", "is_admin_centre_district": false }, "geometry": { "type": "Point", "coordinates": [ 37.3565411, 53.7201773 ] } },
{ "type": "Feature", "properties": { "name": "Нижние Мармыжи", "is_admin_centre_district": false }, "geometry": { "type": "Point", "coordinates": [ 37.3466491, 53.7152506 ] } },
{ "type": "Feature", "properties": { "name": "Юрьевский", "is_admin_centre_district": false }, "geometry": { "type": "Point", "coordinates": [ 37.2725203, 53.7379551 ] } },
{ "type": "Feature", "properties": { "name": "Частое", "is_admin_centre_district": false }, "geometry": { "type": "Point", "coordinates": [ 37.1347691, 53.7759998 ] } },
{ "type": "Feature", "properties": { "name": "Средний", "is_admin_centre_district": false }, "geometry": { "type": "Point", "coordinates": [ 37.168765, 53.7374292 ] } },
{ "type": "Feature", "properties": { "name": "Красный", "is_admin_centre_district": false }, "geometry": { "type": "Point", "coordinates": [ 37.1566415, 53.7311208 ] } },
{ "type": "Feature", "properties": { "name": "Красное Заречье", "is_admin_centre_district": false }, "geometry": { "type": "Point", "coordinates": [ 37.2427511, 53.8034514 ] } },
{ "type": "Feature", "properties": { "name": "Красная Нива", "is_admin_centre_district": false }, "geometry": { "type": "Point", "coordinates": [ 37.2660541, 53.7623741 ] } },
{ "type": "Feature", "properties": { "name": "Кожухово", "is_admin_centre_district": false }, "geometry": { "type": "Point", "coordinates": [ 37.2684574, 53.7872408 ] } },
{ "type": "Feature", "properties": { "name": "Волхонщино", "is_admin_centre_district": false }, "geometry": { "type": "Point", "coordinates": [ 37.2677493, 53.7482033 ] } },
{ "type": "Feature", "properties": { "name": "Александровка", "is_admin_centre_district": false }, "geometry": { "type": "Point", "coordinates": [ 37.2599172, 53.7672446 ] } },
{ "type": "Feature", "properties": { "name": "Александровка", "is_admin_centre_district": false }, "geometry": { "type": "Point", "coordinates": [ 37.2676849, 53.773294 ] } },
{ "type": "Feature", "properties": { "name": "Акулово", "is_admin_centre_district": false }, "geometry": { "type": "Point", "coordinates": [ 37.1859097, 53.7503857 ] } },
{ "type": "Feature", "properties": { "name": "Ястребовка", "is_admin_centre_district": false }, "geometry": { "type": "Point", "coordinates": [ 37.3348528, 53.9270487 ] } },
{ "type": "Feature", "properties": { "name": "Лесной", "is_admin_centre_district": false }, "geometry": { "type": "Point", "coordinates": [ 37.1944821, 53.9757014 ] } },
{ "type": "Feature", "properties": { "name": "Каменка", "is_admin_centre_district": false }, "geometry": { "type": "Point", "coordinates": [ 37.3816956, 53.9328894 ] } },
{ "type": "Feature", "properties": { "name": "Казачья", "is_admin_centre_district": false }, "geometry": { "type": "Point", "coordinates": [ 37.1605353, 53.9331066 ] } },
{ "type": "Feature", "properties": { "name": "Московская", "is_admin_centre_district": false }, "geometry": { "type": "Point", "coordinates": [ 37.1671776, 53.9351456 ] } },
{ "type": "Feature", "properties": { "name": "Жилая", "is_admin_centre_district": false }, "geometry": { "type": "Point", "coordinates": [ 37.173174, 53.9383749 ] } },
{ "type": "Feature", "properties": { "name": "Пушкарская", "is_admin_centre_district": false }, "geometry": { "type": "Point", "coordinates": [ 37.1765717, 53.9426164 ] } },
{ "type": "Feature", "properties": { "name": "Крапивенская Слобода", "is_admin_centre_district": false }, "geometry": { "type": "Point", "coordinates": [ 37.1539405, 53.9267656 ] } },
{ "type": "Feature", "properties": { "name": "Образцово", "is_admin_centre_district": false }, "geometry": { "type": "Point", "coordinates": [ 37.2360063, 53.9140189 ] } },
{ "type": "Feature", "properties": { "name": "Умчено", "is_admin_centre_district": false }, "geometry": { "type": "Point", "coordinates": [ 37.1992931, 53.9071283 ] } },
{ "type": "Feature", "properties": { "name": "Кутьма", "is_admin_centre_district": false }, "geometry": { "type": "Point", "coordinates": [ 37.2268905, 53.8947147 ] } },
{ "type": "Feature", "properties": { "name": "Стаханово", "is_admin_centre_district": false }, "geometry": { "type": "Point", "coordinates": [ 37.2133666, 53.89068 ] } },
{ "type": "Feature", "properties": { "name": "Теренино", "is_admin_centre_district": false }, "geometry": { "type": "Point", "coordinates": [ 37.2012489, 53.8831483 ] } },
{ "type": "Feature", "properties": { "name": "Выгорьково", "is_admin_centre_district": false }, "geometry": { "type": "Point", "coordinates": [ 37.2016657, 53.8876924 ] } },
{ "type": "Feature", "properties": { "name": "Болотово", "is_admin_centre_district": false }, "geometry": { "type": "Point", "coordinates": [ 37.1158384, 54.0043327 ] } },
{ "type": "Feature", "properties": { "name": "Бегичево", "is_admin_centre_district": false }, "geometry": { "type": "Point", "coordinates": [ 37.3998475, 53.9453019 ] } },
{ "type": "Feature", "properties": { "name": "Алимкина", "is_admin_centre_district": false }, "geometry": { "type": "Point", "coordinates": [ 37.1343484, 53.9385853 ] } },
{ "type": "Feature", "properties": { "name": "Сумароково", "is_admin_centre_district": false }, "geometry": { "type": "Point", "coordinates": [ 37.4322909, 53.8017903 ] } },
{ "type": "Feature", "properties": { "name": "Ретинка", "is_admin_centre_district": false }, "geometry": { "type": "Point", "coordinates": [ 37.4576282, 53.9546462 ] } },
{ "type": "Feature", "properties": { "name": "Речка-Крапивенка", "is_admin_centre_district": false }, "geometry": { "type": "Point", "coordinates": [ 37.4069881, 53.9017845 ] } },
{ "type": "Feature", "properties": { "name": "Пушкарские Выселки", "is_admin_centre_district": false }, "geometry": { "type": "Point", "coordinates": [ 37.4229955, 53.9054885 ] } },
{ "type": "Feature", "properties": { "name": "Приволье", "is_admin_centre_district": false }, "geometry": { "type": "Point", "coordinates": [ 37.4918747, 53.8912143 ] } },
{ "type": "Feature", "properties": { "name": "Пруды", "is_admin_centre_district": false }, "geometry": { "type": "Point", "coordinates": [ 37.4768543, 53.8949572 ] } },
{ "type": "Feature", "properties": { "name": "Туры", "is_admin_centre_district": false }, "geometry": { "type": "Point", "coordinates": [ 37.4598169, 53.9157392 ] } },
{ "type": "Feature", "properties": { "name": "Сукроменка", "is_admin_centre_district": false }, "geometry": { "type": "Point", "coordinates": [ 37.4376297, 53.9194041 ] } },
{ "type": "Feature", "properties": { "name": "Новый Парк", "is_admin_centre_district": false }, "geometry": { "type": "Point", "coordinates": [ 37.4570703, 53.9202634 ] } },
{ "type": "Feature", "properties": { "name": "Николаевка", "is_admin_centre_district": false }, "geometry": { "type": "Point", "coordinates": [ 37.4470281, 53.9292092 ] } },
{ "type": "Feature", "properties": { "name": "Семёновский", "is_admin_centre_district": false }, "geometry": { "type": "Point", "coordinates": [ 37.3570347, 53.8006128 ] } },
{ "type": "Feature", "properties": { "name": "Михайловка", "is_admin_centre_district": false }, "geometry": { "type": "Point", "coordinates": [ 37.3645877, 53.7806737 ] } },
{ "type": "Feature", "properties": { "name": "Пушкино", "is_admin_centre_district": false }, "geometry": { "type": "Point", "coordinates": [ 37.5173664, 53.7527456 ] } },
{ "type": "Feature", "properties": { "name": "Чермошня", "is_admin_centre_district": false }, "geometry": { "type": "Point", "coordinates": [ 37.5218296, 53.7594947 ] } },
{ "type": "Feature", "properties": { "name": "Львово", "is_admin_centre_district": false }, "geometry": { "type": "Point", "coordinates": [ 37.5220227, 53.7769206 ] } },
{ "type": "Feature", "properties": { "name": "Фоминка", "is_admin_centre_district": false }, "geometry": { "type": "Point", "coordinates": [ 37.5283956, 53.8620943 ] } },
{ "type": "Feature", "properties": { "name": "Заря", "is_admin_centre_district": false }, "geometry": { "type": "Point", "coordinates": [ 37.5394678, 53.8586775 ] } },
{ "type": "Feature", "properties": { "name": "Елизаветинский", "is_admin_centre_district": false }, "geometry": { "type": "Point", "coordinates": [ 37.3313713, 53.7677646 ] } },
{ "type": "Feature", "properties": { "name": "Подиваньково", "is_admin_centre_district": false }, "geometry": { "type": "Point", "coordinates": [ 37.5530325, 54.0035444 ] } },
{ "type": "Feature", "properties": { "name": "Залесный", "is_admin_centre_district": false }, "geometry": { "type": "Point", "coordinates": [ 37.5991047, 54.0404335 ] } },
{ "type": "Feature", "properties": { "name": "Казначеевский", "is_admin_centre_district": false }, "geometry": { "type": "Point", "coordinates": [ 37.5592063, 54.0278417 ] } },
{ "type": "Feature", "properties": { "name": "Шахты-20", "is_admin_centre_district": false }, "geometry": { "type": "Point", "coordinates": [ 37.5489433, 54.0271569 ] } },
{ "type": "Feature", "properties": { "name": "Гора Услань", "is_admin_centre_district": false }, "geometry": { "type": "Point", "coordinates": [ 37.6734757, 54.015265 ] } },
{ "type": "Feature", "properties": { "name": "Шахты-25", "is_admin_centre_district": false }, "geometry": { "type": "Point", "coordinates": [ 37.6502071, 54.0170484 ] } },
{ "type": "Feature", "properties": { "name": "Большая Кожуховка", "is_admin_centre_district": false }, "geometry": { "type": "Point", "coordinates": [ 37.6582857, 54.0194371 ] } },
{ "type": "Feature", "properties": { "name": "Прощенный Колодезь", "is_admin_centre_district": false }, "geometry": { "type": "Point", "coordinates": [ 37.4747729, 53.8383039 ] } },
{ "type": "Feature", "properties": { "name": "Раздолье", "is_admin_centre_district": false }, "geometry": { "type": "Point", "coordinates": [ 37.4808454, 53.8428808 ] } },
{ "type": "Feature", "properties": { "name": "Ломовка", "is_admin_centre_district": false }, "geometry": { "type": "Point", "coordinates": [ 37.4946641, 53.8473369 ] } },
{ "type": "Feature", "properties": { "name": "Центральный", "is_admin_centre_district": false }, "geometry": { "type": "Point", "coordinates": [ 37.5091266, 53.8536404 ] } },
{ "type": "Feature", "properties": { "name": "Нижнее Гайково", "is_admin_centre_district": false }, "geometry": { "type": "Point", "coordinates": [ 37.5015735, 53.8695597 ] } },
{ "type": "Feature", "properties": { "name": "Верхнее Гайково", "is_admin_centre_district": false }, "geometry": { "type": "Point", "coordinates": [ 37.4914884, 53.8598924 ] } },
{ "type": "Feature", "properties": { "name": "Голощапово", "is_admin_centre_district": false }, "geometry": { "type": "Point", "coordinates": [ 37.3392248, 53.8377405 ] } },
{ "type": "Feature", "properties": { "name": "Натальевка", "is_admin_centre_district": false }, "geometry": { "type": "Point", "coordinates": [ 37.3618734, 53.886004 ] } },
{ "type": "Feature", "properties": { "name": "Старая Крапивенка", "is_admin_centre_district": false }, "geometry": { "type": "Point", "coordinates": [ 37.3648881, 53.8645998 ] } },
{ "type": "Feature", "properties": { "name": "Шмыгаловка", "is_admin_centre_district": false }, "geometry": { "type": "Point", "coordinates": [ 37.3652744, 53.8583991 ] } },
{ "type": "Feature", "properties": { "name": "Бродовка", "is_admin_centre_district": false }, "geometry": { "type": "Point", "coordinates": [ 37.3659181, 53.8751009 ] } },
{ "type": "Feature", "properties": { "name": "Богородицкие Дворики", "is_admin_centre_district": false }, "geometry": { "type": "Point", "coordinates": [ 37.354331, 53.7830826 ] } },
{ "type": "Feature", "properties": { "name": "Шевелевка", "is_admin_centre_district": false }, "geometry": { "type": "Point", "coordinates": [ 37.5502932, 53.9850201 ] } },
{ "type": "Feature", "properties": { "name": "Старые Выселки", "is_admin_centre_district": false }, "geometry": { "type": "Point", "coordinates": [ 37.6490736, 53.8597279 ] } },
{ "type": "Feature", "properties": { "name": "Сатинка", "is_admin_centre_district": false }, "geometry": { "type": "Point", "coordinates": [ 37.6646518, 53.9147029 ] } },
{ "type": "Feature", "properties": { "name": "Огарёвка", "is_admin_centre_district": false }, "geometry": { "type": "Point", "coordinates": [ 37.5519, 53.9192 ] } },
{ "type": "Feature", "properties": { "name": "Нижние Суры", "is_admin_centre_district": false }, "geometry": { "type": "Point", "coordinates": [ 37.5391674, 53.8789843 ] } },
{ "type": "Feature", "properties": { "name": "Малые Озерки", "is_admin_centre_district": false }, "geometry": { "type": "Point", "coordinates": [ 37.520585, 53.991448 ] } },
{ "type": "Feature", "properties": { "name": "Большие Озёрки", "is_admin_centre_district": false }, "geometry": { "type": "Point", "coordinates": [ 37.532773, 53.990893 ] } },
{ "type": "Feature", "properties": { "name": "Мясновка", "is_admin_centre_district": false }, "geometry": { "type": "Point", "coordinates": [ 37.5053501, 53.9617163 ] } },
{ "type": "Feature", "properties": { "name": "Житово-Лихачево", "is_admin_centre_district": false }, "geometry": { "type": "Point", "coordinates": [ 37.5002217, 53.9313443 ] } },
{ "type": "Feature", "properties": { "name": "Житово-Дедово", "is_admin_centre_district": false }, "geometry": { "type": "Point", "coordinates": [ 37.5059724, 53.9397446 ] } },
{ "type": "Feature", "properties": { "name": "Житово-Глаголево", "is_admin_centre_district": false }, "geometry": { "type": "Point", "coordinates": [ 37.4909305, 53.9511486 ] } },
{ "type": "Feature", "properties": { "name": "Гремячий Колодезь", "is_admin_centre_district": false }, "geometry": { "type": "Point", "coordinates": [ 37.5162935, 53.8898233 ] } },
{ "type": "Feature", "properties": { "name": "Дружба", "is_admin_centre_district": false }, "geometry": { "type": "Point", "coordinates": [ 37.5940039, 53.9167958 ] } },
{ "type": "Feature", "properties": { "name": "Бухоновский", "is_admin_centre_district": false }, "geometry": { "type": "Point", "coordinates": [ 37.6286705, 53.9122942 ] } },
{ "type": "Feature", "properties": { "name": "Белогузово", "is_admin_centre_district": false }, "geometry": { "type": "Point", "coordinates": [ 37.5822145, 53.88792 ] } },
{ "type": "Feature", "properties": { "name": "Хмелевец-Быстрый", "is_admin_centre_district": false }, "geometry": { "type": "Point", "coordinates": [ 37.5234764, 53.9374896 ] } },
{ "type": "Feature", "properties": { "name": "Хмелевец-Крюково", "is_admin_centre_district": false }, "geometry": { "type": "Point", "coordinates": [ 37.5327096, 53.9366008 ] } },
{ "type": "Feature", "properties": { "name": "10-й Октябрь", "is_admin_centre_district": false }, "geometry": { "type": "Point", "coordinates": [ 37.5398813, 53.9415745 ] } },
{ "type": "Feature", "properties": { "name": "Яснополянские Выселки", "is_admin_centre_district": false }, "geometry": { "type": "Point", "coordinates": [ 37.5426975, 54.0762418 ] } },
{ "type": "Feature", "properties": { "name": "Ясенки", "is_admin_centre_district": false }, "geometry": { "type": "Point", "coordinates": [ 37.5117388, 54.031821 ] } },
{ "type": "Feature", "properties": { "name": "Нератное", "is_admin_centre_district": false }, "geometry": { "type": "Point", "coordinates": [ 37.3029033, 53.9987391 ] } },
{ "type": "Feature", "properties": { "name": "Музей-Усадьба Л.Н. Толстого", "is_admin_centre_district": false }, "geometry": { "type": "Point", "coordinates": [ 37.5212691, 54.0757764 ] } },
{ "type": "Feature", "properties": { "name": "Малахово", "is_admin_centre_district": false }, "geometry": { "type": "Point", "coordinates": [ 37.4304911, 54.0235258 ] } },
{ "type": "Feature", "properties": { "name": "Майский", "is_admin_centre_district": false }, "geometry": { "type": "Point", "coordinates": [ 37.4608059, 53.9904628 ] } },
{ "type": "Feature", "properties": { "name": "Крюковское Лесничество", "is_admin_centre_district": false }, "geometry": { "type": "Point", "coordinates": [ 37.2863708, 54.0340316 ] } },
{ "type": "Feature", "properties": { "name": "Кривцово", "is_admin_centre_district": false }, "geometry": { "type": "Point", "coordinates": [ 37.425502, 54.0422826 ] } },
{ "type": "Feature", "properties": { "name": "Кривцово-Солосовка", "is_admin_centre_district": false }, "geometry": { "type": "Point", "coordinates": [ 37.4349803, 54.0445943 ] } },
{ "type": "Feature", "properties": { "name": "Казначеевка", "is_admin_centre_district": false }, "geometry": { "type": "Point", "coordinates": [ 37.5352199, 54.0637347 ] } },
{ "type": "Feature", "properties": { "name": "Потемкино", "is_admin_centre_district": false }, "geometry": { "type": "Point", "coordinates": [ 37.3721114, 53.9824005 ] } },
{ "type": "Feature", "properties": { "name": "Малая Хатунка", "is_admin_centre_district": false }, "geometry": { "type": "Point", "coordinates": [ 37.3494601, 53.9851526 ] } },
{ "type": "Feature", "properties": { "name": "Тележинка", "is_admin_centre_district": false }, "geometry": { "type": "Point", "coordinates": [ 37.3251271, 53.9870956 ] } },
{ "type": "Feature", "properties": { "name": "Южный", "is_admin_centre_district": false }, "geometry": { "type": "Point", "coordinates": [ 37.2344325, 54.0794959 ] } },
{ "type": "Feature", "properties": { "name": "Прилепы", "is_admin_centre_district": false }, "geometry": { "type": "Point", "coordinates": [ 37.7009268, 54.0473473 ] } },
{ "type": "Feature", "properties": { "name": "Квартал 147 км", "is_admin_centre_district": false }, "geometry": { "type": "Point", "coordinates": [ 37.5918219, 54.0687493 ] } },
{ "type": "Feature", "properties": { "name": "Дома Промкомбината", "is_admin_centre_district": false }, "geometry": { "type": "Point", "coordinates": [ 37.5392749, 54.0149965 ] } },
{ "type": "Feature", "properties": { "name": "Спасское", "is_admin_centre_district": false }, "geometry": { "type": "Point", "coordinates": [ 37.2879319, 54.0087962 ] } },
{ "type": "Feature", "properties": { "name": "Большая Хатунка", "is_admin_centre_district": false }, "geometry": { "type": "Point", "coordinates": [ 37.3336718, 54.0150961 ] } },
{ "type": "Feature", "properties": { "name": "Лазарево", "is_admin_centre_district": false }, "geometry": { "type": "Point", "coordinates": [ 37.4911, 53.8487 ] } },
{ "type": "Feature", "properties": { "name": "Иншинский", "is_admin_centre_district": false }, "geometry": { "type": "Point", "coordinates": [ 37.4678304, 54.1645654 ] } },
{ "type": "Feature", "properties": { "name": "Борисово", "is_admin_centre_district": false }, "geometry": { "type": "Point", "coordinates": [ 37.1223131, 54.3967997 ] } },
{ "type": "Feature", "properties": { "name": "Поповка", "is_admin_centre_district": false }, "geometry": { "type": "Point", "coordinates": [ 37.1745742, 54.340316 ] } },
{ "type": "Feature", "properties": { "name": "Замарино", "is_admin_centre_district": false }, "geometry": { "type": "Point", "coordinates": [ 37.178497, 54.301601 ] } },
{ "type": "Feature", "properties": { "name": "Новое Павшино", "is_admin_centre_district": false }, "geometry": { "type": "Point", "coordinates": [ 37.1302732, 54.2570536 ] } },
{ "type": "Feature", "properties": { "name": "Першино", "is_admin_centre_district": false }, "geometry": { "type": "Point", "coordinates": [ 37.173603, 54.283989 ] } },
{ "type": "Feature", "properties": { "name": "Селиховое", "is_admin_centre_district": false }, "geometry": { "type": "Point", "coordinates": [ 37.2127483, 54.2901829 ] } },
{ "type": "Feature", "properties": { "name": "Берники", "is_admin_centre_district": false }, "geometry": { "type": "Point", "coordinates": [ 37.2665346, 54.2959703 ] } },
{ "type": "Feature", "properties": { "name": "Панковичи", "is_admin_centre_district": false }, "geometry": { "type": "Point", "coordinates": [ 37.1150382, 54.2419009 ] } },
{ "type": "Feature", "properties": { "name": "Воскресенское", "is_admin_centre_district": false }, "geometry": { "type": "Point", "coordinates": [ 37.113045, 54.104519 ] } },
{ "type": "Feature", "properties": { "name": "Слобода", "is_admin_centre_district": false }, "geometry": { "type": "Point", "coordinates": [ 37.1592454, 54.1361324 ] } },
{ "type": "Feature", "properties": { "name": "Малино", "is_admin_centre_district": false }, "geometry": { "type": "Point", "coordinates": [ 37.1301044, 54.1468513 ] } },
{ "type": "Feature", "properties": { "name": "Старое Берковое", "is_admin_centre_district": false }, "geometry": { "type": "Point", "coordinates": [ 37.1083238, 54.1659835 ] } },
{ "type": "Feature", "properties": { "name": "Комарёвка", "is_admin_centre_district": false }, "geometry": { "type": "Point", "coordinates": [ 37.1881399, 54.2762834 ] } },
{ "type": "Feature", "properties": { "name": "Бабошино", "is_admin_centre_district": false }, "geometry": { "type": "Point", "coordinates": [ 37.130442, 54.215795 ] } },
{ "type": "Feature", "properties": { "name": "Выглядовка", "is_admin_centre_district": false }, "geometry": { "type": "Point", "coordinates": [ 37.1360145, 54.1125089 ] } },
{ "type": "Feature", "properties": { "name": "Дергаловка", "is_admin_centre_district": false }, "geometry": { "type": "Point", "coordinates": [ 37.1382891, 54.1051142 ] } },
{ "type": "Feature", "properties": { "name": "Елагино", "is_admin_centre_district": false }, "geometry": { "type": "Point", "coordinates": [ 37.1915157, 54.0876169 ] } },
{ "type": "Feature", "properties": { "name": "Баздрево", "is_admin_centre_district": false }, "geometry": { "type": "Point", "coordinates": [ 37.204796, 54.0895395 ] } },
{ "type": "Feature", "properties": { "name": "Коптево", "is_admin_centre_district": false }, "geometry": { "type": "Point", "coordinates": [ 37.3433862, 54.2066334 ] } },
{ "type": "Feature", "properties": { "name": "Садки", "is_admin_centre_district": false }, "geometry": { "type": "Point", "coordinates": [ 37.2979096, 54.1304827 ] } },
{ "type": "Feature", "properties": { "name": "Беломутово", "is_admin_centre_district": false }, "geometry": { "type": "Point", "coordinates": [ 37.2806649, 54.1648265 ] } },
{ "type": "Feature", "properties": { "name": "Логвиново", "is_admin_centre_district": false }, "geometry": { "type": "Point", "coordinates": [ 37.2887243, 54.1448688 ] } },
{ "type": "Feature", "properties": { "name": "Интюшово", "is_admin_centre_district": false }, "geometry": { "type": "Point", "coordinates": [ 37.3231831, 54.1693938 ] } },
{ "type": "Feature", "properties": { "name": "Желыбино", "is_admin_centre_district": false }, "geometry": { "type": "Point", "coordinates": [ 37.6382269, 54.3828135 ] } },
{ "type": "Feature", "properties": { "name": "Первомайский", "is_admin_centre_district": false }, "geometry": { "type": "Point", "coordinates": [ 37.5628461, 54.3243896 ] } },
{ "type": "Feature", "properties": { "name": "Октябрьский", "is_admin_centre_district": false }, "geometry": { "type": "Point", "coordinates": [ 37.5647344, 54.3384029 ] } },
{ "type": "Feature", "properties": { "name": "Ревякино", "is_admin_centre_district": false }, "geometry": { "type": "Point", "coordinates": [ 37.6586332, 54.3675153 ] } },
{ "type": "Feature", "properties": { "name": "Слободка", "is_admin_centre_district": false }, "geometry": { "type": "Point", "coordinates": [ 37.5501432, 54.3727153 ] } },
{ "type": "Feature", "properties": { "name": "Малахово", "is_admin_centre_district": false }, "geometry": { "type": "Point", "coordinates": [ 37.5149526, 54.3683153 ] } },
{ "type": "Feature", "properties": { "name": "Хомяково", "is_admin_centre_district": false }, "geometry": { "type": "Point", "coordinates": [ 37.568232, 54.3658526 ] } },
{ "type": "Feature", "properties": { "name": "Белое Поле", "is_admin_centre_district": false }, "geometry": { "type": "Point", "coordinates": [ 37.5762357, 54.3526115 ] } },
{ "type": "Feature", "properties": { "name": "Грызлово", "is_admin_centre_district": false }, "geometry": { "type": "Point", "coordinates": [ 37.6083802, 54.366561 ] } },
{ "type": "Feature", "properties": { "name": "Погромное", "is_admin_centre_district": false }, "geometry": { "type": "Point", "coordinates": [ 37.5878861, 54.3309511 ] } },
{ "type": "Feature", "properties": { "name": "Волоть", "is_admin_centre_district": false }, "geometry": { "type": "Point", "coordinates": [ 37.5758924, 54.3089694 ] } },
{ "type": "Feature", "properties": { "name": "Восточный", "is_admin_centre_district": false }, "geometry": { "type": "Point", "coordinates": [ 37.5965776, 54.3129252 ] } },
{ "type": "Feature", "properties": { "name": "Скобелево", "is_admin_centre_district": false }, "geometry": { "type": "Point", "coordinates": [ 37.6066198, 54.2980516 ] } },
{ "type": "Feature", "properties": { "name": "Рождественский", "is_admin_centre_district": false }, "geometry": { "type": "Point", "coordinates": [ 37.5706036, 54.2957672 ] } },
{ "type": "Feature", "properties": { "name": "Кожино", "is_admin_centre_district": false }, "geometry": { "type": "Point", "coordinates": [ 37.2775301, 54.120218 ] } },
{ "type": "Feature", "properties": { "name": "Красавка", "is_admin_centre_district": false }, "geometry": { "type": "Point", "coordinates": [ 37.2323395, 54.1112842 ] } },
{ "type": "Feature", "properties": { "name": "Астафьево", "is_admin_centre_district": false }, "geometry": { "type": "Point", "coordinates": [ 37.2615339, 54.1019345 ] } },
{ "type": "Feature", "properties": { "name": "Труфаново", "is_admin_centre_district": false }, "geometry": { "type": "Point", "coordinates": [ 37.3404208, 54.0930395 ] } },
{ "type": "Feature", "properties": { "name": "Новое Спасское", "is_admin_centre_district": false }, "geometry": { "type": "Point", "coordinates": [ 37.3206307, 54.1046999 ] } },
{ "type": "Feature", "properties": { "name": "Комаренки", "is_admin_centre_district": false }, "geometry": { "type": "Point", "coordinates": [ 37.3308958, 54.0990642 ] } },
{ "type": "Feature", "properties": { "name": "Большие Кузьменки", "is_admin_centre_district": false }, "geometry": { "type": "Point", "coordinates": [ 37.2951395, 54.0997494 ] } },
{ "type": "Feature", "properties": { "name": "Чириково", "is_admin_centre_district": false }, "geometry": { "type": "Point", "coordinates": [ 37.2827093, 54.1020388 ] } },
{ "type": "Feature", "properties": { "name": "Борисово", "is_admin_centre_district": false }, "geometry": { "type": "Point", "coordinates": [ 37.3623517, 54.1044254 ] } },
{ "type": "Feature", "properties": { "name": "Маршалинки", "is_admin_centre_district": false }, "geometry": { "type": "Point", "coordinates": [ 37.3009924, 54.1210161 ] } },
{ "type": "Feature", "properties": { "name": "Малые Кузьменки", "is_admin_centre_district": false }, "geometry": { "type": "Point", "coordinates": [ 37.2690509, 54.101313 ] } },
{ "type": "Feature", "properties": { "name": "Болото", "is_admin_centre_district": false }, "geometry": { "type": "Point", "coordinates": [ 37.092949, 54.446449 ] } },
{ "type": "Feature", "properties": { "name": "Горушки", "is_admin_centre_district": false }, "geometry": { "type": "Point", "coordinates": [ 37.126911, 54.445015 ] } },
{ "type": "Feature", "properties": { "name": "Клешня", "is_admin_centre_district": false }, "geometry": { "type": "Point", "coordinates": [ 37.2800866, 54.4225149 ] } },
{ "type": "Feature", "properties": { "name": "Маньшино", "is_admin_centre_district": false }, "geometry": { "type": "Point", "coordinates": [ 37.254993, 54.445381 ] } },
{ "type": "Feature", "properties": { "name": "Пронино", "is_admin_centre_district": false }, "geometry": { "type": "Point", "coordinates": [ 37.286694, 54.386909 ] } },
{ "type": "Feature", "properties": { "name": "Никулинские Выселки", "is_admin_centre_district": false }, "geometry": { "type": "Point", "coordinates": [ 37.326256, 54.379433 ] } },
{ "type": "Feature", "properties": { "name": "Ладерево", "is_admin_centre_district": false }, "geometry": { "type": "Point", "coordinates": [ 37.231079, 54.462921 ] } },
{ "type": "Feature", "properties": { "name": "Малое Бизюкино", "is_admin_centre_district": false }, "geometry": { "type": "Point", "coordinates": [ 37.2440444, 54.392511 ] } },
{ "type": "Feature", "properties": { "name": "Большое Бизюкино", "is_admin_centre_district": false }, "geometry": { "type": "Point", "coordinates": [ 37.254032, 54.388729 ] } },
{ "type": "Feature", "properties": { "name": "Торчково", "is_admin_centre_district": false }, "geometry": { "type": "Point", "coordinates": [ 37.216778, 54.388233 ] } },
{ "type": "Feature", "properties": { "name": "Ступино", "is_admin_centre_district": false }, "geometry": { "type": "Point", "coordinates": [ 37.1835266, 54.4106215 ] } },
{ "type": "Feature", "properties": { "name": "Есипово", "is_admin_centre_district": false }, "geometry": { "type": "Point", "coordinates": [ 37.2685109, 54.3844731 ] } },
{ "type": "Feature", "properties": { "name": "Тесницкое", "is_admin_centre_district": false }, "geometry": { "type": "Point", "coordinates": [ 37.394283, 54.406868 ] } },
{ "type": "Feature", "properties": { "name": "Большие Пруды", "is_admin_centre_district": false }, "geometry": { "type": "Point", "coordinates": [ 37.3498901, 54.4243688 ] } },
{ "type": "Feature", "properties": { "name": "Никулино", "is_admin_centre_district": false }, "geometry": { "type": "Point", "coordinates": [ 37.3044607, 54.414064 ] } },
{ "type": "Feature", "properties": { "name": "Спас-Конино", "is_admin_centre_district": false }, "geometry": { "type": "Point", "coordinates": [ 37.2221248, 54.4073987 ] } },
{ "type": "Feature", "properties": { "name": "Даниловка", "is_admin_centre_district": false }, "geometry": { "type": "Point", "coordinates": [ 37.1677019, 54.451709 ] } },
{ "type": "Feature", "properties": { "name": "Березовка", "is_admin_centre_district": false }, "geometry": { "type": "Point", "coordinates": [ 37.201547, 54.3832302 ] } },
{ "type": "Feature", "properties": { "name": "Нарышкино", "is_admin_centre_district": false }, "geometry": { "type": "Point", "coordinates": [ 37.1952971, 54.4260153 ] } },
{ "type": "Feature", "properties": { "name": "Ларино", "is_admin_centre_district": false }, "geometry": { "type": "Point", "coordinates": [ 37.226933, 54.432243 ] } },
{ "type": "Feature", "properties": { "name": "Каргашино", "is_admin_centre_district": false }, "geometry": { "type": "Point", "coordinates": [ 37.19017, 54.44149 ] } },
{ "type": "Feature", "properties": { "name": "Слободка", "is_admin_centre_district": false }, "geometry": { "type": "Point", "coordinates": [ 37.2877846, 54.4564858 ] } },
{ "type": "Feature", "properties": { "name": "Белолипки", "is_admin_centre_district": false }, "geometry": { "type": "Point", "coordinates": [ 37.1460693, 54.4329446 ] } },
{ "type": "Feature", "properties": { "name": "Гурово", "is_admin_centre_district": false }, "geometry": { "type": "Point", "coordinates": [ 37.319721, 54.467751 ] } },
{ "type": "Feature", "properties": { "name": "Верхний Суходол", "is_admin_centre_district": false }, "geometry": { "type": "Point", "coordinates": [ 37.362534, 54.44651 ] } },
{ "type": "Feature", "properties": { "name": "Суходол", "is_admin_centre_district": false }, "geometry": { "type": "Point", "coordinates": [ 37.3557967, 54.4386206 ] } },
{ "type": "Feature", "properties": { "name": "Нижний Суходол", "is_admin_centre_district": false }, "geometry": { "type": "Point", "coordinates": [ 37.364712, 54.467724 ] } },
{ "type": "Feature", "properties": { "name": "Средний Суходол", "is_admin_centre_district": false }, "geometry": { "type": "Point", "coordinates": [ 37.3552931, 54.4586382 ] } },
{ "type": "Feature", "properties": { "name": "Стригино", "is_admin_centre_district": false }, "geometry": { "type": "Point", "coordinates": [ 37.413246, 54.40554 ] } },
{ "type": "Feature", "properties": { "name": "Старое Клейменово", "is_admin_centre_district": false }, "geometry": { "type": "Point", "coordinates": [ 37.4536724, 54.4527284 ] } },
{ "type": "Feature", "properties": { "name": "Преснецово", "is_admin_centre_district": false }, "geometry": { "type": "Point", "coordinates": [ 37.437191, 54.466789 ] } },
{ "type": "Feature", "properties": { "name": "Петрушино", "is_admin_centre_district": false }, "geometry": { "type": "Point", "coordinates": [ 37.4488871, 54.4368548 ] } },
{ "type": "Feature", "properties": { "name": "Александровка", "is_admin_centre_district": false }, "geometry": { "type": "Point", "coordinates": [ 37.4410204, 54.4557226 ] } },
{ "type": "Feature", "properties": { "name": "Новое Клейменово", "is_admin_centre_district": false }, "geometry": { "type": "Point", "coordinates": [ 37.4750216, 54.4633143 ] } },
{ "type": "Feature", "properties": { "name": "Фёдоровка", "is_admin_centre_district": false }, "geometry": { "type": "Point", "coordinates": [ 37.684582, 54.2854959 ] } },
{ "type": "Feature", "properties": { "name": "Зеленый Дуб", "is_admin_centre_district": false }, "geometry": { "type": "Point", "coordinates": [ 37.15955, 54.417274 ] } },
{ "type": "Feature", "properties": { "name": "Богучарово", "is_admin_centre_district": false }, "geometry": { "type": "Point", "coordinates": [ 37.1367855, 54.4194386 ] } },
{ "type": "Feature", "properties": { "name": "Широносово", "is_admin_centre_district": false }, "geometry": { "type": "Point", "coordinates": [ 37.096478, 54.430904 ] } },
{ "type": "Feature", "properties": { "name": "Ломинцево", "is_admin_centre_district": false }, "geometry": { "type": "Point", "coordinates": [ 37.1425592, 54.3982309 ] } },
{ "type": "Feature", "properties": { "name": "Вишнёвая", "is_admin_centre_district": false }, "geometry": { "type": "Point", "coordinates": [ 37.1435906, 54.3868235 ] } },
{ "type": "Feature", "properties": { "name": "Колюпаново", "is_admin_centre_district": false }, "geometry": { "type": "Point", "coordinates": [ 37.169617, 54.393032 ] } },
{ "type": "Feature", "properties": { "name": "Верхнее Елькино", "is_admin_centre_district": false }, "geometry": { "type": "Point", "coordinates": [ 37.5372441, 54.1447372 ] } },
{ "type": "Feature", "properties": { "name": "Зайцево", "is_admin_centre_district": false }, "geometry": { "type": "Point", "coordinates": [ 37.3774966, 54.1453322 ] } },
{ "type": "Feature", "properties": { "name": "Беликово", "is_admin_centre_district": false }, "geometry": { "type": "Point", "coordinates": [ 37.3948495, 54.1318159 ] } },
{ "type": "Feature", "properties": { "name": "Каменка", "is_admin_centre_district": false }, "geometry": { "type": "Point", "coordinates": [ 37.6222894, 54.4714843 ] } },
{ "type": "Feature", "properties": { "name": "Некрасово", "is_admin_centre_district": false }, "geometry": { "type": "Point", "coordinates": [ 37.5306099, 54.2954094 ] } },
{ "type": "Feature", "properties": { "name": "Барсуки", "is_admin_centre_district": false }, "geometry": { "type": "Point", "coordinates": [ 37.5028643, 54.2438937 ] } },
{ "type": "Feature", "properties": { "name": "Севрюково", "is_admin_centre_district": false }, "geometry": { "type": "Point", "coordinates": [ 37.539323, 54.3484888 ] } },
{ "type": "Feature", "properties": { "name": "Лужки", "is_admin_centre_district": false }, "geometry": { "type": "Point", "coordinates": [ 37.1060013, 54.369461 ] } },
{ "type": "Feature", "properties": { "name": "Никольские Выселки", "is_admin_centre_district": false }, "geometry": { "type": "Point", "coordinates": [ 37.1102234, 54.3387271 ] } },
{ "type": "Feature", "properties": { "name": "Берники", "is_admin_centre_district": false }, "geometry": { "type": "Point", "coordinates": [ 37.1289562, 54.2949773 ] } },
{ "type": "Feature", "properties": { "name": "Деево", "is_admin_centre_district": false }, "geometry": { "type": "Point", "coordinates": [ 37.136093, 54.311954 ] } },
{ "type": "Feature", "properties": { "name": "Плоское", "is_admin_centre_district": false }, "geometry": { "type": "Point", "coordinates": [ 37.139668, 54.354713 ] } },
{ "type": "Feature", "properties": { "name": "Лазаревка", "is_admin_centre_district": false }, "geometry": { "type": "Point", "coordinates": [ 37.174469, 54.316051 ] } },
{ "type": "Feature", "properties": { "name": "Изволь", "is_admin_centre_district": false }, "geometry": { "type": "Point", "coordinates": [ 37.216785, 54.314785 ] } },
{ "type": "Feature", "properties": { "name": "Скороварово", "is_admin_centre_district": false }, "geometry": { "type": "Point", "coordinates": [ 37.240002, 54.339729 ] } },
{ "type": "Feature", "properties": { "name": "Демшинка", "is_admin_centre_district": false }, "geometry": { "type": "Point", "coordinates": [ 37.210983, 54.338707 ] } },
{ "type": "Feature", "properties": { "name": "Желудевка", "is_admin_centre_district": false }, "geometry": { "type": "Point", "coordinates": [ 37.166203, 54.36871 ] } },
{ "type": "Feature", "properties": { "name": "Малышево", "is_admin_centre_district": false }, "geometry": { "type": "Point", "coordinates": [ 37.243462, 54.32225 ] } },
{ "type": "Feature", "properties": { "name": "Глебово", "is_admin_centre_district": false }, "geometry": { "type": "Point", "coordinates": [ 37.2572971, 54.3545249 ] } },
{ "type": "Feature", "properties": { "name": "Осиновая Гора", "is_admin_centre_district": false }, "geometry": { "type": "Point", "coordinates": [ 37.675282, 54.160702 ] } },
{ "type": "Feature", "properties": { "name": "Малёвка", "is_admin_centre_district": false }, "geometry": { "type": "Point", "coordinates": [ 37.6470288, 54.1573756 ] } },
{ "type": "Feature", "properties": { "name": "Никитино", "is_admin_centre_district": false }, "geometry": { "type": "Point", "coordinates": [ 37.6943289, 54.1532486 ] } },
{ "type": "Feature", "properties": { "name": "Рвы", "is_admin_centre_district": false }, "geometry": { "type": "Point", "coordinates": [ 37.500179, 54.118332 ] } },
{ "type": "Feature", "properties": { "name": "Нижнее Елькино", "is_admin_centre_district": false }, "geometry": { "type": "Point", "coordinates": [ 37.5368824, 54.1503236 ] } },
{ "type": "Feature", "properties": { "name": "Поповкино", "is_admin_centre_district": false }, "geometry": { "type": "Point", "coordinates": [ 37.4391328, 54.3768968 ] } },
{ "type": "Feature", "properties": { "name": "Занино", "is_admin_centre_district": false }, "geometry": { "type": "Point", "coordinates": [ 37.4568497, 54.3628412 ] } },
{ "type": "Feature", "properties": { "name": "Кутепово", "is_admin_centre_district": false }, "geometry": { "type": "Point", "coordinates": [ 37.4647579, 54.3231754 ] } },
{ "type": "Feature", "properties": { "name": "Сальково", "is_admin_centre_district": false }, "geometry": { "type": "Point", "coordinates": [ 37.4424892, 54.3230625 ] } },
{ "type": "Feature", "properties": { "name": "Обидимо", "is_admin_centre_district": false }, "geometry": { "type": "Point", "coordinates": [ 37.4044324, 54.3038668 ] } },
{ "type": "Feature", "properties": { "name": "Никольские Выселки", "is_admin_centre_district": false }, "geometry": { "type": "Point", "coordinates": [ 37.4905656, 54.4180519 ] } },
{ "type": "Feature", "properties": { "name": "Алешня", "is_admin_centre_district": false }, "geometry": { "type": "Point", "coordinates": [ 37.2599644, 54.2466291 ] } },
{ "type": "Feature", "properties": { "name": "Большое Хлыново", "is_admin_centre_district": false }, "geometry": { "type": "Point", "coordinates": [ 37.3412804, 54.1692961 ] } },
{ "type": "Feature", "properties": { "name": "Уваровка", "is_admin_centre_district": false }, "geometry": { "type": "Point", "coordinates": [ 37.4357858, 54.1209842 ] } },
{ "type": "Feature", "properties": { "name": "Новый", "is_admin_centre_district": false }, "geometry": { "type": "Point", "coordinates": [ 37.442779, 54.1396074 ] } },
{ "type": "Feature", "properties": { "name": "Кургузовка", "is_admin_centre_district": false }, "geometry": { "type": "Point", "coordinates": [ 37.7038728, 54.430663 ] } },
{ "type": "Feature", "properties": { "name": "Бараново", "is_admin_centre_district": false }, "geometry": { "type": "Point", "coordinates": [ 37.6858484, 54.3848546 ] } },
{ "type": "Feature", "properties": { "name": "Федяшево", "is_admin_centre_district": false }, "geometry": { "type": "Point", "coordinates": [ 37.70177, 54.366407 ] } },
{ "type": "Feature", "properties": { "name": "Струнино", "is_admin_centre_district": false }, "geometry": { "type": "Point", "coordinates": [ 37.6673047, 54.3956469 ] } },
{ "type": "Feature", "properties": { "name": "Рассвет", "is_admin_centre_district": false }, "geometry": { "type": "Point", "coordinates": [ 37.4456766, 54.1675534 ] } },
{ "type": "Feature", "properties": { "name": "Стукалово", "is_admin_centre_district": false }, "geometry": { "type": "Point", "coordinates": [ 37.4342898, 54.2011232 ] } },
{ "type": "Feature", "properties": { "name": "Батищево", "is_admin_centre_district": false }, "geometry": { "type": "Point", "coordinates": [ 37.2838152, 54.2002157 ] } },
{ "type": "Feature", "properties": { "name": "Бредихино", "is_admin_centre_district": false }, "geometry": { "type": "Point", "coordinates": [ 37.2219769, 54.1188408 ] } },
{ "type": "Feature", "properties": { "name": "Буковолово", "is_admin_centre_district": false }, "geometry": { "type": "Point", "coordinates": [ 37.2680367, 54.1912841 ] } },
{ "type": "Feature", "properties": { "name": "Волково", "is_admin_centre_district": false }, "geometry": { "type": "Point", "coordinates": [ 37.3163213, 54.2015343 ] } },
{ "type": "Feature", "properties": { "name": "Доброе Семя", "is_admin_centre_district": false }, "geometry": { "type": "Point", "coordinates": [ 37.2038403, 54.1128193 ] } },
{ "type": "Feature", "properties": { "name": "Яньково", "is_admin_centre_district": false }, "geometry": { "type": "Point", "coordinates": [ 37.2074952, 54.1299466 ] } },
{ "type": "Feature", "properties": { "name": "Ленинский", "is_admin_centre_district": true }, "geometry": { "type": "Point", "coordinates": [ 37.4636154, 54.2868111 ] } },
{ "type": "Feature", "properties": { "name": "Ильинка", "is_admin_centre_district": false }, "geometry": { "type": "Point", "coordinates": [ 37.6816718, 54.1202726 ] } },
{ "type": "Feature", "properties": { "name": "Петелино", "is_admin_centre_district": false }, "geometry": { "type": "Point", "coordinates": [ 37.6994589, 54.1277176 ] } },
{ "type": "Feature", "properties": { "name": "Большая Еловая", "is_admin_centre_district": false }, "geometry": { "type": "Point", "coordinates": [ 37.677818, 54.133778 ] } },
{ "type": "Feature", "properties": { "name": "Пятницкое", "is_admin_centre_district": false }, "geometry": { "type": "Point", "coordinates": [ 37.4132148, 54.136099 ] } },
{ "type": "Feature", "properties": { "name": "Волынь", "is_admin_centre_district": false }, "geometry": { "type": "Point", "coordinates": [ 37.4013404, 54.1543627 ] } },
{ "type": "Feature", "properties": { "name": "Хопилово", "is_admin_centre_district": false }, "geometry": { "type": "Point", "coordinates": [ 37.4364666, 54.1523647 ] } },
{ "type": "Feature", "properties": { "name": "Дементеево", "is_admin_centre_district": false }, "geometry": { "type": "Point", "coordinates": [ 37.4542336, 54.1437282 ] } },
{ "type": "Feature", "properties": { "name": "Шевелёвка", "is_admin_centre_district": false }, "geometry": { "type": "Point", "coordinates": [ 37.4070505, 54.1201655 ] } },
{ "type": "Feature", "properties": { "name": "Скорнево", "is_admin_centre_district": false }, "geometry": { "type": "Point", "coordinates": [ 37.6397662, 54.297809 ] } },
{ "type": "Feature", "properties": { "name": "Архангельское", "is_admin_centre_district": false }, "geometry": { "type": "Point", "coordinates": [ 37.6198, 54.4592 ] } },
{ "type": "Feature", "properties": { "name": "Молодёжный", "is_admin_centre_district": false }, "geometry": { "type": "Point", "coordinates": [ 37.7111141, 54.2585434 ] } },
{ "type": "Feature", "properties": { "name": "Плеханово", "is_admin_centre_district": false }, "geometry": { "type": "Point", "coordinates": [ 37.5672035, 54.2442814 ] } },
{ "type": "Feature", "properties": { "name": "Фёдоровка", "is_admin_centre_district": false }, "geometry": { "type": "Point", "coordinates": [ 37.4005805, 54.2456859 ] } },
{ "type": "Feature", "properties": { "name": "Хрущёво", "is_admin_centre_district": false }, "geometry": { "type": "Point", "coordinates": [ 37.5321613, 54.2312582 ] } },
{ "type": "Feature", "properties": { "name": "Варфоломеево", "is_admin_centre_district": false }, "geometry": { "type": "Point", "coordinates": [ 37.366386, 54.342575 ] } },
{ "type": "Feature", "properties": { "name": "Гремячево", "is_admin_centre_district": false }, "geometry": { "type": "Point", "coordinates": [ 37.3017419, 54.3114504 ] } },
{ "type": "Feature", "properties": { "name": "Конино", "is_admin_centre_district": false }, "geometry": { "type": "Point", "coordinates": [ 37.3122997, 54.3410154 ] } },
{ "type": "Feature", "properties": { "name": "Костино", "is_admin_centre_district": false }, "geometry": { "type": "Point", "coordinates": [ 37.3259266, 54.2993008 ] } },
{ "type": "Feature", "properties": { "name": "Луковицы", "is_admin_centre_district": false }, "geometry": { "type": "Point", "coordinates": [ 37.300026, 54.344398 ] } },
{ "type": "Feature", "properties": { "name": "Малиновка", "is_admin_centre_district": false }, "geometry": { "type": "Point", "coordinates": [ 37.325577, 54.303218 ] } },
{ "type": "Feature", "properties": { "name": "Сторожевое", "is_admin_centre_district": false }, "geometry": { "type": "Point", "coordinates": [ 37.392833, 54.2645394 ] } },
{ "type": "Feature", "properties": { "name": "Крутое", "is_admin_centre_district": false }, "geometry": { "type": "Point", "coordinates": [ 37.6550001, 54.1095526 ] } },
{ "type": "Feature", "properties": { "name": "Вечерняя Заря", "is_admin_centre_district": false }, "geometry": { "type": "Point", "coordinates": [ 37.6882855, 54.1099616 ] } },
{ "type": "Feature", "properties": { "name": "Барыково", "is_admin_centre_district": false }, "geometry": { "type": "Point", "coordinates": [ 37.7022416, 54.095746 ] } },
{ "type": "Feature", "properties": { "name": "Варваровка", "is_admin_centre_district": false }, "geometry": { "type": "Point", "coordinates": [ 37.6166076, 54.1214561 ] } },
{ "type": "Feature", "properties": { "name": "Судаково", "is_admin_centre_district": false }, "geometry": { "type": "Point", "coordinates": [ 37.5314808, 54.1274336 ] } },
{ "type": "Feature", "properties": { "name": "Долматовка", "is_admin_centre_district": false }, "geometry": { "type": "Point", "coordinates": [ 37.706779, 54.32518 ] } },
{ "type": "Feature", "properties": { "name": "Нижняя Китаевка", "is_admin_centre_district": false }, "geometry": { "type": "Point", "coordinates": [ 37.5512692, 54.1618973 ] } },
{ "type": "Feature", "properties": { "name": "Журавлевка", "is_admin_centre_district": false }, "geometry": { "type": "Point", "coordinates": [ 37.6712956, 54.320113 ] } },
{ "type": "Feature", "properties": { "name": "Архангельское", "is_admin_centre_district": false }, "geometry": { "type": "Point", "coordinates": [ 37.6615793, 54.2928401 ] } },
{ "type": "Feature", "properties": { "name": "Кудрино", "is_admin_centre_district": false }, "geometry": { "type": "Point", "coordinates": [ 37.6482195, 54.2950331 ] } },
{ "type": "Feature", "properties": { "name": "Железнодорожный", "is_admin_centre_district": false }, "geometry": { "type": "Point", "coordinates": [ 37.668063, 54.3472106 ] } },
{ "type": "Feature", "properties": { "name": "Бабошинские Выселки", "is_admin_centre_district": false }, "geometry": { "type": "Point", "coordinates": [ 37.1229105, 54.2031421 ] } },
{ "type": "Feature", "properties": { "name": "Елизаветовка", "is_admin_centre_district": false }, "geometry": { "type": "Point", "coordinates": [ 37.1023614, 54.2772558 ] } },
{ "type": "Feature", "properties": { "name": "Буравлянка", "is_admin_centre_district": false }, "geometry": { "type": "Point", "coordinates": [ 37.2055652, 54.098498 ] } },
{ "type": "Feature", "properties": { "name": "Жигулевский", "is_admin_centre_district": false }, "geometry": { "type": "Point", "coordinates": [ 37.1533221, 54.0917642 ] } },
{ "type": "Feature", "properties": { "name": "Лошачье", "is_admin_centre_district": false }, "geometry": { "type": "Point", "coordinates": [ 37.1920525, 54.207117 ] } },
{ "type": "Feature", "properties": { "name": "Пятерное", "is_admin_centre_district": false }, "geometry": { "type": "Point", "coordinates": [ 37.1505579, 54.0833251 ] } },
{ "type": "Feature", "properties": { "name": "Улыбышево", "is_admin_centre_district": false }, "geometry": { "type": "Point", "coordinates": [ 37.2296064, 54.1033966 ] } },
{ "type": "Feature", "properties": { "name": "Прудное", "is_admin_centre_district": false }, "geometry": { "type": "Point", "coordinates": [ 37.5148299, 54.1486771 ] } },
{ "type": "Feature", "properties": { "name": "Долгое", "is_admin_centre_district": false }, "geometry": { "type": "Point", "coordinates": [ 37.4022091, 54.1988009 ] } },
{ "type": "Feature", "properties": { "name": "Новая Земля", "is_admin_centre_district": false }, "geometry": { "type": "Point", "coordinates": [ 37.4515817, 54.2333686 ] } },
{ "type": "Feature", "properties": { "name": "Юрьево", "is_admin_centre_district": false }, "geometry": { "type": "Point", "coordinates": [ 37.4107943, 54.215119 ] } },
{ "type": "Feature", "properties": { "name": "Ямны", "is_admin_centre_district": false }, "geometry": { "type": "Point", "coordinates": [ 37.4763369, 54.2202257 ] } },
{ "type": "Feature", "properties": { "name": "Малые Байдики", "is_admin_centre_district": false }, "geometry": { "type": "Point", "coordinates": [ 37.6532047, 54.3422641 ] } },
{ "type": "Feature", "properties": { "name": "Средние Байдики", "is_admin_centre_district": false }, "geometry": { "type": "Point", "coordinates": [ 37.6498313, 54.3336243 ] } },
{ "type": "Feature", "properties": { "name": "Большие Байдики", "is_admin_centre_district": false }, "geometry": { "type": "Point", "coordinates": [ 37.6526208, 54.3263921 ] } },
{ "type": "Feature", "properties": { "name": "Барыково", "is_admin_centre_district": false }, "geometry": { "type": "Point", "coordinates": [ 37.3729706, 54.2531077 ] } },
{ "type": "Feature", "properties": { "name": "Борщёвка", "is_admin_centre_district": false }, "geometry": { "type": "Point", "coordinates": [ 37.1809156, 54.2347222 ] } },
{ "type": "Feature", "properties": { "name": "Верхние Брусы", "is_admin_centre_district": false }, "geometry": { "type": "Point", "coordinates": [ 37.2213313, 54.2622505 ] } },
{ "type": "Feature", "properties": { "name": "Городенки", "is_admin_centre_district": false }, "geometry": { "type": "Point", "coordinates": [ 37.2406641, 54.204267 ] } },
{ "type": "Feature", "properties": { "name": "Ефимово", "is_admin_centre_district": false }, "geometry": { "type": "Point", "coordinates": [ 37.2863862, 54.2221296 ] } },
{ "type": "Feature", "properties": { "name": "Жировка", "is_admin_centre_district": false }, "geometry": { "type": "Point", "coordinates": [ 37.3422868, 54.2488294 ] } },
{ "type": "Feature", "properties": { "name": "Иврово", "is_admin_centre_district": false }, "geometry": { "type": "Point", "coordinates": [ 37.3418493, 54.2340211 ] } },
{ "type": "Feature", "properties": { "name": "Костомарово", "is_admin_centre_district": false }, "geometry": { "type": "Point", "coordinates": [ 37.3292687, 54.2217571 ] } },
{ "type": "Feature", "properties": { "name": "Крюково", "is_admin_centre_district": false }, "geometry": { "type": "Point", "coordinates": [ 37.3559597, 54.1981824 ] } },
{ "type": "Feature", "properties": { "name": "Липки", "is_admin_centre_district": false }, "geometry": { "type": "Point", "coordinates": [ 37.5139857, 54.3278595 ] } },
{ "type": "Feature", "properties": { "name": "Малое Хлыново", "is_admin_centre_district": false }, "geometry": { "type": "Point", "coordinates": [ 37.3493639, 54.1717113 ] } },
{ "type": "Feature", "properties": { "name": "Медведки", "is_admin_centre_district": false }, "geometry": { "type": "Point", "coordinates": [ 37.2868372, 54.2701361 ] } },
{ "type": "Feature", "properties": { "name": "Мерлиновка", "is_admin_centre_district": false }, "geometry": { "type": "Point", "coordinates": [ 37.1793624, 54.2496692 ] } },
{ "type": "Feature", "properties": { "name": "Натальинка", "is_admin_centre_district": false }, "geometry": { "type": "Point", "coordinates": [ 37.2086546, 54.2470168 ] } },
{ "type": "Feature", "properties": { "name": "Нижние Брусы", "is_admin_centre_district": false }, "geometry": { "type": "Point", "coordinates": [ 37.2065928, 54.2586433 ] } },
{ "type": "Feature", "properties": { "name": "Острики", "is_admin_centre_district": false }, "geometry": { "type": "Point", "coordinates": [ 37.2306445, 54.2835521 ] } },
{ "type": "Feature", "properties": { "name": "Первомайский", "is_admin_centre_district": false }, "geometry": { "type": "Point", "coordinates": [ 37.2883324, 54.2612903 ] } },
{ "type": "Feature", "properties": { "name": "Площанки", "is_admin_centre_district": false }, "geometry": { "type": "Point", "coordinates": [ 37.237317, 54.292578 ] } },
{ "type": "Feature", "properties": { "name": "Полянское", "is_admin_centre_district": false }, "geometry": { "type": "Point", "coordinates": [ 37.2398584, 54.1705632 ] } },
{ "type": "Feature", "properties": { "name": "Помогалово", "is_admin_centre_district": false }, "geometry": { "type": "Point", "coordinates": [ 37.332712, 54.2559268 ] } },
{ "type": "Feature", "properties": { "name": "Рождество", "is_admin_centre_district": false }, "geometry": { "type": "Point", "coordinates": [ 37.3063153, 54.2352409 ] } },
{ "type": "Feature", "properties": { "name": "Рыдомо", "is_admin_centre_district": false }, "geometry": { "type": "Point", "coordinates": [ 37.2731791, 54.2622175 ] } },
{ "type": "Feature", "properties": { "name": "Старое Петрищево", "is_admin_centre_district": false }, "geometry": { "type": "Point", "coordinates": [ 37.294306, 54.2639339 ] } },
{ "type": "Feature", "properties": { "name": "Ильино", "is_admin_centre_district": false }, "geometry": { "type": "Point", "coordinates": [ 37.3557281, 54.3517224 ] } },
{ "type": "Feature", "properties": { "name": "Кривцово", "is_admin_centre_district": false }, "geometry": { "type": "Point", "coordinates": [ 37.3800445, 54.3579154 ] } },
{ "type": "Feature", "properties": { "name": "Пятницкое", "is_admin_centre_district": false }, "geometry": { "type": "Point", "coordinates": [ 37.3476566, 54.3049923 ] } },
{ "type": "Feature", "properties": { "name": "Хомутовка", "is_admin_centre_district": false }, "geometry": { "type": "Point", "coordinates": [ 37.4102826, 54.3809726 ] } },
{ "type": "Feature", "properties": { "name": "Гостеевка", "is_admin_centre_district": false }, "geometry": { "type": "Point", "coordinates": [ 37.6246127, 54.1544099 ] } },
{ "type": "Feature", "properties": { "name": "Зимаровка", "is_admin_centre_district": false }, "geometry": { "type": "Point", "coordinates": [ 37.6447433, 54.1225822 ] } },
{ "type": "Feature", "properties": { "name": "Малая Еловая", "is_admin_centre_district": false }, "geometry": { "type": "Point", "coordinates": [ 37.6590897, 54.1279781 ] } },
{ "type": "Feature", "properties": { "name": "Старое Басово", "is_admin_centre_district": false }, "geometry": { "type": "Point", "coordinates": [ 37.6042482, 54.1351677 ] } },
{ "type": "Feature", "properties": { "name": "Тихвинка", "is_admin_centre_district": false }, "geometry": { "type": "Point", "coordinates": [ 37.6322062, 54.1073179 ] } },
{ "type": "Feature", "properties": { "name": "Медвенка", "is_admin_centre_district": false }, "geometry": { "type": "Point", "coordinates": [ 37.6964407, 54.2560549 ] } },
{ "type": "Feature", "properties": { "name": "Мыза", "is_admin_centre_district": false }, "geometry": { "type": "Point", "coordinates": [ 37.7146928, 54.2478183 ] } },
{ "type": "Feature", "properties": { "name": "Придорожный", "is_admin_centre_district": false }, "geometry": { "type": "Point", "coordinates": [ 37.712, 54.2728 ] } },
{ "type": "Feature", "properties": { "name": "Акульшино", "is_admin_centre_district": false }, "geometry": { "type": "Point", "coordinates": [ 37.5031235, 54.3010657 ] } },
{ "type": "Feature", "properties": { "name": "Барсуки", "is_admin_centre_district": false }, "geometry": { "type": "Point", "coordinates": [ 37.4852, 54.2629 ] } },
{ "type": "Feature", "properties": { "name": "Ионино", "is_admin_centre_district": false }, "geometry": { "type": "Point", "coordinates": [ 37.4866717, 54.2987108 ] } },
{ "type": "Feature", "properties": { "name": "Курлутовка", "is_admin_centre_district": false }, "geometry": { "type": "Point", "coordinates": [ 37.5057272, 54.3732105 ] } },
{ "type": "Feature", "properties": { "name": "Ревякино", "is_admin_centre_district": false }, "geometry": { "type": "Point", "coordinates": [ 37.6155912, 54.3486772 ] } },
{ "type": "Feature", "properties": { "name": "Рождественка", "is_admin_centre_district": false }, "geometry": { "type": "Point", "coordinates": [ 37.5552586, 54.2984074 ] } },
{ "type": "Feature", "properties": { "name": "Самылинка", "is_admin_centre_district": false }, "geometry": { "type": "Point", "coordinates": [ 37.5228517, 54.2772358 ] } },
{ "type": "Feature", "properties": { "name": "Семеновка", "is_admin_centre_district": false }, "geometry": { "type": "Point", "coordinates": [ 37.5748001, 54.301412 ] } },
{ "type": "Feature", "properties": { "name": "Тесницкий", "is_admin_centre_district": false }, "geometry": { "type": "Point", "coordinates": [ 37.4597278, 54.4000197 ] } },
{ "type": "Feature", "properties": { "name": "Ульяновка", "is_admin_centre_district": false }, "geometry": { "type": "Point", "coordinates": [ 37.5649161, 54.2973032 ] } },
{ "type": "Feature", "properties": { "name": "Форино", "is_admin_centre_district": false }, "geometry": { "type": "Point", "coordinates": [ 37.4893053, 54.3382527 ] } },
{ "type": "Feature", "properties": { "name": "Рвы", "is_admin_centre_district": false }, "geometry": { "type": "Point", "coordinates": [ 37.4959767, 54.107551 ] } },
{ "type": "Feature", "properties": { "name": "Ново-Ревякинский", "is_admin_centre_district": false }, "geometry": { "type": "Point", "coordinates": [ 37.635495, 54.3587467 ] } },
{ "type": "Feature", "properties": { "name": "Щепилово", "is_admin_centre_district": false }, "geometry": { "type": "Point", "coordinates": [ 37.4295769, 54.2585646 ] } },
{ "type": "Feature", "properties": { "name": "Бобровские Выселки", "is_admin_centre_district": false }, "geometry": { "type": "Point", "coordinates": [ 37.6034483, 54.4445286 ] } },
{ "type": "Feature", "properties": { "name": "Бяково", "is_admin_centre_district": false }, "geometry": { "type": "Point", "coordinates": [ 37.6309381, 54.3939788 ] } },
{ "type": "Feature", "properties": { "name": "Маслово", "is_admin_centre_district": false }, "geometry": { "type": "Point", "coordinates": [ 37.4977328, 54.2094553 ] } },
{ "type": "Feature", "properties": { "name": "Горюшино", "is_admin_centre_district": false }, "geometry": { "type": "Point", "coordinates": [ 37.4645561, 54.1145392 ] } },
{ "type": "Feature", "properties": { "name": "Струково", "is_admin_centre_district": false }, "geometry": { "type": "Point", "coordinates": [ 37.4794037, 54.1269393 ] } },
{ "type": "Feature", "properties": { "name": "Темненево", "is_admin_centre_district": false }, "geometry": { "type": "Point", "coordinates": [ 37.3562993, 54.1552739 ] } },
{ "type": "Feature", "properties": { "name": "Непрейка", "is_admin_centre_district": false }, "geometry": { "type": "Point", "coordinates": [ 37.3755557, 54.1706978 ] } },
{ "type": "Feature", "properties": { "name": "Малое Хлыново", "is_admin_centre_district": false }, "geometry": { "type": "Point", "coordinates": [ 37.3838506, 54.1727212 ] } },
{ "type": "Feature", "properties": { "name": "Хмелевое", "is_admin_centre_district": false }, "geometry": { "type": "Point", "coordinates": [ 37.4018086, 54.1737313 ] } },
{ "type": "Feature", "properties": { "name": "Верхняя Иншинка", "is_admin_centre_district": false }, "geometry": { "type": "Point", "coordinates": [ 37.4774902, 54.2028855 ] } },
{ "type": "Feature", "properties": { "name": "Барыбино", "is_admin_centre_district": false }, "geometry": { "type": "Point", "coordinates": [ 37.7006726, 54.3494822 ] } },
{ "type": "Feature", "properties": { "name": "Никольское", "is_admin_centre_district": false }, "geometry": { "type": "Point", "coordinates": [ 37.509588, 54.4294162 ] } },
{ "type": "Feature", "properties": { "name": "Малахово", "is_admin_centre_district": false }, "geometry": { "type": "Point", "coordinates": [ 37.5019169, 54.462842 ] } },
{ "type": "Feature", "properties": { "name": "Каверино", "is_admin_centre_district": false }, "geometry": { "type": "Point", "coordinates": [ 37.5865706, 54.4584677 ] } },
{ "type": "Feature", "properties": { "name": "Барсуки", "is_admin_centre_district": false }, "geometry": { "type": "Point", "coordinates": [ 37.6922289, 54.4575552 ] } },
{ "type": "Feature", "properties": { "name": "Хвошня", "is_admin_centre_district": false }, "geometry": { "type": "Point", "coordinates": [ 37.6396966, 54.4660845 ] } },
{ "type": "Feature", "properties": { "name": "Федешово", "is_admin_centre_district": false }, "geometry": { "type": "Point", "coordinates": [ 37.592715, 54.4665647 ] } },
{ "type": "Feature", "properties": { "name": "Севостеево", "is_admin_centre_district": false }, "geometry": { "type": "Point", "coordinates": [ 37.7048957, 54.382713 ] } },
{ "type": "Feature", "properties": { "name": "Кострово", "is_admin_centre_district": false }, "geometry": { "type": "Point", "coordinates": [ 37.484608, 54.425991 ] } },
{ "type": "Feature", "properties": { "name": "Рюриково", "is_admin_centre_district": false }, "geometry": { "type": "Point", "coordinates": [ 37.179955, 54.454678 ] } },
{ "type": "Feature", "properties": { "name": "Тесницкая", "is_admin_centre_district": false }, "geometry": { "type": "Point", "coordinates": [ 37.4552566, 54.4001884 ] } },
{ "type": "Feature", "properties": { "name": "Ревякино", "is_admin_centre_district": false }, "geometry": { "type": "Point", "coordinates": [ 37.6099992, 54.3419362 ] } },
{ "type": "Feature", "properties": { "name": "Обидимо", "is_admin_centre_district": false }, "geometry": { "type": "Point", "coordinates": [ 37.3997783, 54.2978446 ] } },
{ "type": "Feature", "properties": { "name": "Ивановка", "is_admin_centre_district": false }, "geometry": { "type": "Point", "coordinates": [ 37.6528716, 54.26758 ] } },
{ "type": "Feature", "properties": { "name": "ВНИИКОП", "is_admin_centre_district": false }, "geometry": { "type": "Point", "coordinates": [ 37.5486597, 54.3380302 ] } },
{ "type": "Feature", "properties": { "name": "Пахомово", "is_admin_centre_district": false }, "geometry": { "type": "Point", "coordinates": [ 37.386213, 54.1013635 ] } },
{ "type": "Feature", "properties": { "name": "Георгиево", "is_admin_centre_district": false }, "geometry": { "type": "Point", "coordinates": [ 37.3466728, 54.1814784 ] } },
{ "type": "Feature", "properties": { "name": "Военный Городок Берники", "is_admin_centre_district": false }, "geometry": { "type": "Point", "coordinates": [ 37.2487539, 54.2918079 ] } },
{ "type": "Feature", "properties": { "name": "Занино", "is_admin_centre_district": false }, "geometry": { "type": "Point", "coordinates": [ 37.2620094, 54.2988161 ] } },
{ "type": "Feature", "properties": { "name": "Бутырки", "is_admin_centre_district": false }, "geometry": { "type": "Point", "coordinates": [ 37.3899503, 54.1040003 ] } },
{ "type": "Feature", "properties": { "name": "Берники", "is_admin_centre_district": false }, "geometry": { "type": "Point", "coordinates": [ 37.245251, 54.2892945 ] } },
{ "type": "Feature", "properties": { "name": "Балакирево", "is_admin_centre_district": false }, "geometry": { "type": "Point", "coordinates": [ 37.3100371, 54.1391231 ] } },
{ "type": "Feature", "properties": { "name": "Янчерево", "is_admin_centre_district": false }, "geometry": { "type": "Point", "coordinates": [ 37.3769339, 54.1845464 ] } },
{ "type": "Feature", "properties": { "name": "Харино", "is_admin_centre_district": false }, "geometry": { "type": "Point", "coordinates": [ 37.4752299, 54.1563489 ] } },
{ "type": "Feature", "properties": { "name": "Татьево", "is_admin_centre_district": false }, "geometry": { "type": "Point", "coordinates": [ 37.4514689, 54.1694513 ] } },
{ "type": "Feature", "properties": { "name": "Сторожевое", "is_admin_centre_district": false }, "geometry": { "type": "Point", "coordinates": [ 37.3920625, 54.25021 ] } },
{ "type": "Feature", "properties": { "name": "Ратово", "is_admin_centre_district": false }, "geometry": { "type": "Point", "coordinates": [ 37.4790932, 54.1917635 ] } },
{ "type": "Feature", "properties": { "name": "Раздолки", "is_admin_centre_district": false }, "geometry": { "type": "Point", "coordinates": [ 37.4147576, 54.1864606 ] } },
{ "type": "Feature", "properties": { "name": "Петровский", "is_admin_centre_district": false }, "geometry": { "type": "Point", "coordinates": [ 37.5112994, 54.1848314 ] } },
{ "type": "Feature", "properties": { "name": "Петрово", "is_admin_centre_district": false }, "geometry": { "type": "Point", "coordinates": [ 37.5037832, 54.1835266 ] } },
{ "type": "Feature", "properties": { "name": "Глухие Поляны", "is_admin_centre_district": false }, "geometry": { "type": "Point", "coordinates": [ 37.7087718, 54.2045674 ] } },
{ "type": "Feature", "properties": { "name": "Петелино", "is_admin_centre_district": false }, "geometry": { "type": "Point", "coordinates": [ 37.7048289, 54.1342177 ] } },
{ "type": "Feature", "properties": { "name": "Алексеевка", "is_admin_centre_district": false }, "geometry": { "type": "Point", "coordinates": [ 37.4312106, 54.2363518 ] } },
{ "type": "Feature", "properties": { "name": "Новая Мыза", "is_admin_centre_district": false }, "geometry": { "type": "Point", "coordinates": [ 37.4805404, 54.1682104 ] } },
{ "type": "Feature", "properties": { "name": "Мыза", "is_admin_centre_district": false }, "geometry": { "type": "Point", "coordinates": [ 37.4783663, 54.1712358 ] } },
{ "type": "Feature", "properties": { "name": "Ясногорск", "is_admin_centre_district": true }, "geometry": { "type": "Point", "coordinates": [ 37.693329, 54.4792708 ] } },
{ "type": "Feature", "properties": { "name": "Нижнее Романово", "is_admin_centre_district": false }, "geometry": { "type": "Point", "coordinates": [ 37.4351374, 54.8196528 ] } },
{ "type": "Feature", "properties": { "name": "Авангард", "is_admin_centre_district": false }, "geometry": { "type": "Point", "coordinates": [ 37.1142434, 54.4715142 ] } },
{ "type": "Feature", "properties": { "name": "Велегож", "is_admin_centre_district": false }, "geometry": { "type": "Point", "coordinates": [ 37.2712303, 54.6966468 ] } },
{ "type": "Feature", "properties": { "name": "Тяпкино", "is_admin_centre_district": false }, "geometry": { "type": "Point", "coordinates": [ 37.2954215, 54.7254072 ] } },
{ "type": "Feature", "properties": { "name": "Ланьшинский", "is_admin_centre_district": false }, "geometry": { "type": "Point", "coordinates": [ 37.2668517, 54.830368 ] } },
{ "type": "Feature", "properties": { "name": "Искань", "is_admin_centre_district": false }, "geometry": { "type": "Point", "coordinates": [ 37.2902088, 54.791864 ] } },
{ "type": "Feature", "properties": { "name": "Волковичи", "is_admin_centre_district": false }, "geometry": { "type": "Point", "coordinates": [ 37.2947824, 54.8044723 ] } },
{ "type": "Feature", "properties": { "name": "Митино", "is_admin_centre_district": false }, "geometry": { "type": "Point", "coordinates": [ 37.2526227, 54.7779814 ] } },
{ "type": "Feature", "properties": { "name": "Веселёво", "is_admin_centre_district": false }, "geometry": { "type": "Point", "coordinates": [ 37.2662157, 54.7873315 ] } },
{ "type": "Feature", "properties": { "name": "Бёхово", "is_admin_centre_district": false }, "geometry": { "type": "Point", "coordinates": [ 37.2541258, 54.7585948 ] } },
{ "type": "Feature", "properties": { "name": "Страхово", "is_admin_centre_district": false }, "geometry": { "type": "Point", "coordinates": [ 37.2658792, 54.7371099 ] } },
{ "type": "Feature", "properties": { "name": "Бунырево", "is_admin_centre_district": false }, "geometry": { "type": "Point", "coordinates": [ 37.1514089, 54.5711748 ] } },
{ "type": "Feature", "properties": { "name": "Сосновка", "is_admin_centre_district": false }, "geometry": { "type": "Point", "coordinates": [ 37.166037, 54.5738749 ] } },
{ "type": "Feature", "properties": { "name": "Егнышевка", "is_admin_centre_district": false }, "geometry": { "type": "Point", "coordinates": [ 37.2041225, 54.6362798 ] } },
{ "type": "Feature", "properties": { "name": "Нижнее Ламоново", "is_admin_centre_district": false }, "geometry": { "type": "Point", "coordinates": [ 37.2269399, 54.6531575 ] } },
{ "type": "Feature", "properties": { "name": "Антоновка", "is_admin_centre_district": false }, "geometry": { "type": "Point", "coordinates": [ 37.2385763, 54.6792706 ] } },
{ "type": "Feature", "properties": { "name": "Кудашевка", "is_admin_centre_district": false }, "geometry": { "type": "Point", "coordinates": [ 37.140331, 54.501148 ] } },
{ "type": "Feature", "properties": { "name": "Иньшино", "is_admin_centre_district": false }, "geometry": { "type": "Point", "coordinates": [ 37.170414, 54.528217 ] } },
{ "type": "Feature", "properties": { "name": "Турино", "is_admin_centre_district": false }, "geometry": { "type": "Point", "coordinates": [ 37.5284805, 54.5850397 ] } },
{ "type": "Feature", "properties": { "name": "Железня", "is_admin_centre_district": false }, "geometry": { "type": "Point", "coordinates": [ 37.468726, 54.5218009 ] } },
{ "type": "Feature", "properties": { "name": "Симоново", "is_admin_centre_district": false }, "geometry": { "type": "Point", "coordinates": [ 37.4119222, 54.5292803 ] } },
{ "type": "Feature", "properties": { "name": "Казначеево", "is_admin_centre_district": false }, "geometry": { "type": "Point", "coordinates": [ 37.263939, 54.520908 ] } },
{ "type": "Feature", "properties": { "name": "Ненашево", "is_admin_centre_district": false }, "geometry": { "type": "Point", "coordinates": [ 37.462262, 54.5789421 ] } },
{ "type": "Feature", "properties": { "name": "Богородское", "is_admin_centre_district": false }, "geometry": { "type": "Point", "coordinates": [ 37.4712491, 54.494599 ] } },
{ "type": "Feature", "properties": { "name": "Сурнево", "is_admin_centre_district": false }, "geometry": { "type": "Point", "coordinates": [ 37.119202, 54.479855 ] } },
{ "type": "Feature", "properties": { "name": "Малое Шелепино", "is_admin_centre_district": false }, "geometry": { "type": "Point", "coordinates": [ 37.144085, 54.469662 ] } },
{ "type": "Feature", "properties": { "name": "Марьинка", "is_admin_centre_district": false }, "geometry": { "type": "Point", "coordinates": [ 37.2013994, 54.466372 ] } },
{ "type": "Feature", "properties": { "name": "Большое Шелепино", "is_admin_centre_district": false }, "geometry": { "type": "Point", "coordinates": [ 37.159149, 54.481663 ] } },
{ "type": "Feature", "properties": { "name": "Епишково", "is_admin_centre_district": false }, "geometry": { "type": "Point", "coordinates": [ 37.154896, 54.466774 ] } },
{ "type": "Feature", "properties": { "name": "Бухторма", "is_admin_centre_district": false }, "geometry": { "type": "Point", "coordinates": [ 37.130577, 54.485054 ] } },
{ "type": "Feature", "properties": { "name": "Приволье", "is_admin_centre_district": false }, "geometry": { "type": "Point", "coordinates": [ 37.2830459, 54.4984154 ] } },
{ "type": "Feature", "properties": { "name": "Верхняя Яшевка", "is_admin_centre_district": false }, "geometry": { "type": "Point", "coordinates": [ 37.301792, 54.485794 ] } },
{ "type": "Feature", "properties": { "name": "Свиридово", "is_admin_centre_district": false }, "geometry": { "type": "Point", "coordinates": [ 37.234211, 54.483822 ] } },
{ "type": "Feature", "properties": { "name": "Лукино", "is_admin_centre_district": false }, "geometry": { "type": "Point", "coordinates": [ 37.3620173, 54.486185 ] } },
{ "type": "Feature", "properties": { "name": "Нижняя Яшевка", "is_admin_centre_district": false }, "geometry": { "type": "Point", "coordinates": [ 37.290787, 54.489933 ] } },
{ "type": "Feature", "properties": { "name": "Любиково", "is_admin_centre_district": false }, "geometry": { "type": "Point", "coordinates": [ 37.418556, 54.484116 ] } },
{ "type": "Feature", "properties": { "name": "Павловка", "is_admin_centre_district": false }, "geometry": { "type": "Point", "coordinates": [ 37.444286, 54.4782704 ] } },
{ "type": "Feature", "properties": { "name": "Заречье", "is_admin_centre_district": false }, "geometry": { "type": "Point", "coordinates": [ 37.4265874, 54.4968445 ] } },
{ "type": "Feature", "properties": { "name": "Новосёлки", "is_admin_centre_district": false }, "geometry": { "type": "Point", "coordinates": [ 37.4627599, 54.4801586 ] } },
{ "type": "Feature", "properties": { "name": "Мясоедово", "is_admin_centre_district": false }, "geometry": { "type": "Point", "coordinates": [ 37.1795801, 54.5814117 ] } },
{ "type": "Feature", "properties": { "name": "Савино", "is_admin_centre_district": false }, "geometry": { "type": "Point", "coordinates": [ 37.2398603, 54.5266633 ] } },
{ "type": "Feature", "properties": { "name": "Соломасово", "is_admin_centre_district": false }, "geometry": { "type": "Point", "coordinates": [ 37.2457827, 54.5546515 ] } },
{ "type": "Feature", "properties": { "name": "Айдарово", "is_admin_centre_district": false }, "geometry": { "type": "Point", "coordinates": [ 37.154438, 54.595886 ] } },
{ "type": "Feature", "properties": { "name": "Новая Жизнь", "is_admin_centre_district": false }, "geometry": { "type": "Point", "coordinates": [ 37.2507572, 54.5433433 ] } },
{ "type": "Feature", "properties": { "name": "Украинский", "is_admin_centre_district": false }, "geometry": { "type": "Point", "coordinates": [ 37.3195435, 54.6088835 ] } },
{ "type": "Feature", "properties": { "name": "Божениново", "is_admin_centre_district": false }, "geometry": { "type": "Point", "coordinates": [ 37.209026, 54.512371 ] } },
{ "type": "Feature", "properties": { "name": "Юдинки", "is_admin_centre_district": false }, "geometry": { "type": "Point", "coordinates": [ 37.2901511, 54.6128445 ] } },
{ "type": "Feature", "properties": { "name": "Клейменово", "is_admin_centre_district": false }, "geometry": { "type": "Point", "coordinates": [ 37.317879, 54.570065 ] } },
{ "type": "Feature", "properties": { "name": "Карташево", "is_admin_centre_district": false }, "geometry": { "type": "Point", "coordinates": [ 37.196213, 54.557365 ] } },
{ "type": "Feature", "properties": { "name": "Верхнее Ламоново", "is_admin_centre_district": false }, "geometry": { "type": "Point", "coordinates": [ 37.2329147, 54.6409607 ] } },
{ "type": "Feature", "properties": { "name": "Ботня", "is_admin_centre_district": false }, "geometry": { "type": "Point", "coordinates": [ 37.204895, 54.534733 ] } },
{ "type": "Feature", "properties": { "name": "Сотино", "is_admin_centre_district": false }, "geometry": { "type": "Point", "coordinates": [ 37.217289, 54.584667 ] } },
{ "type": "Feature", "properties": { "name": "Абрютино", "is_admin_centre_district": false }, "geometry": { "type": "Point", "coordinates": [ 37.205009, 54.54776 ] } },
{ "type": "Feature", "properties": { "name": "Хатманово", "is_admin_centre_district": false }, "geometry": { "type": "Point", "coordinates": [ 37.278118, 54.564655 ] } },
{ "type": "Feature", "properties": { "name": "Лыткино", "is_admin_centre_district": false }, "geometry": { "type": "Point", "coordinates": [ 37.246902, 54.597237 ] } },
{ "type": "Feature", "properties": { "name": "Сухотино", "is_admin_centre_district": false }, "geometry": { "type": "Point", "coordinates": [ 37.2766726, 54.5465546 ] } },
{ "type": "Feature", "properties": { "name": "Тайдаково", "is_admin_centre_district": false }, "geometry": { "type": "Point", "coordinates": [ 37.526432, 54.478241 ] } },
{ "type": "Feature", "properties": { "name": "Мухановка", "is_admin_centre_district": false }, "geometry": { "type": "Point", "coordinates": [ 37.3503721, 54.5381711 ] } },
{ "type": "Feature", "properties": { "name": "Щепотьево", "is_admin_centre_district": false }, "geometry": { "type": "Point", "coordinates": [ 37.3008813, 54.5328051 ] } },
{ "type": "Feature", "properties": { "name": "Никулино", "is_admin_centre_district": false }, "geometry": { "type": "Point", "coordinates": [ 37.3280245, 54.5170891 ] } },
{ "type": "Feature", "properties": { "name": "Сумароково", "is_admin_centre_district": false }, "geometry": { "type": "Point", "coordinates": [ 37.3482907, 54.5109064 ] } },
{ "type": "Feature", "properties": { "name": "Болдово", "is_admin_centre_district": false }, "geometry": { "type": "Point", "coordinates": [ 37.4183683, 54.5143482 ] } },
{ "type": "Feature", "properties": { "name": "Любички", "is_admin_centre_district": false }, "geometry": { "type": "Point", "coordinates": [ 37.4312837, 54.5168781 ] } },
{ "type": "Feature", "properties": { "name": "Березовка", "is_admin_centre_district": false }, "geometry": { "type": "Point", "coordinates": [ 37.3649477, 54.5219142 ] } },
{ "type": "Feature", "properties": { "name": "Никитино", "is_admin_centre_district": false }, "geometry": { "type": "Point", "coordinates": [ 37.3817665, 54.5511779 ] } },
{ "type": "Feature", "properties": { "name": "Александровка", "is_admin_centre_district": false }, "geometry": { "type": "Point", "coordinates": [ 37.4481115, 54.6767973 ] } },
{ "type": "Feature", "properties": { "name": "Ченцово", "is_admin_centre_district": false }, "geometry": { "type": "Point", "coordinates": [ 37.5856773, 54.682113 ] } },
{ "type": "Feature", "properties": { "name": "Нижняя Городня", "is_admin_centre_district": false }, "geometry": { "type": "Point", "coordinates": [ 37.5354177, 54.7453371 ] } },
{ "type": "Feature", "properties": { "name": "Покровское", "is_admin_centre_district": false }, "geometry": { "type": "Point", "coordinates": [ 37.5302222, 54.7600759 ] } },
{ "type": "Feature", "properties": { "name": "Болынтово", "is_admin_centre_district": false }, "geometry": { "type": "Point", "coordinates": [ 37.6576039, 54.7162342 ] } },
{ "type": "Feature", "properties": { "name": "Федино", "is_admin_centre_district": false }, "geometry": { "type": "Point", "coordinates": [ 37.5361156, 54.7759842 ] } },
{ "type": "Feature", "properties": { "name": "Ярославцево", "is_admin_centre_district": false }, "geometry": { "type": "Point", "coordinates": [ 37.6121177, 54.7245543 ] } },
{ "type": "Feature", "properties": { "name": "Дмитриевское", "is_admin_centre_district": false }, "geometry": { "type": "Point", "coordinates": [ 37.6210427, 54.668424 ] } },
{ "type": "Feature", "properties": { "name": "Ивановское", "is_admin_centre_district": false }, "geometry": { "type": "Point", "coordinates": [ 37.6413953, 54.6704591 ] } },
{ "type": "Feature", "properties": { "name": "Злобино", "is_admin_centre_district": false }, "geometry": { "type": "Point", "coordinates": [ 37.5310408, 54.7242021 ] } },
{ "type": "Feature", "properties": { "name": "Русятино", "is_admin_centre_district": false }, "geometry": { "type": "Point", "coordinates": [ 37.5316178, 54.7015677 ] } },
{ "type": "Feature", "properties": { "name": "Дворяниново", "is_admin_centre_district": false }, "geometry": { "type": "Point", "coordinates": [ 37.5511872, 54.7018157 ] } },
{ "type": "Feature", "properties": { "name": "Прокшино", "is_admin_centre_district": false }, "geometry": { "type": "Point", "coordinates": [ 37.3680889, 54.8192591 ] } },
{ "type": "Feature", "properties": { "name": "Свинская", "is_admin_centre_district": false }, "geometry": { "type": "Point", "coordinates": [ 37.3756097, 54.8277179 ] } },
{ "type": "Feature", "properties": { "name": "Выдумки", "is_admin_centre_district": false }, "geometry": { "type": "Point", "coordinates": [ 37.3168259, 54.727552 ] } },
{ "type": "Feature", "properties": { "name": "Азаровка", "is_admin_centre_district": false }, "geometry": { "type": "Point", "coordinates": [ 37.4925402, 54.7784129 ] } },
{ "type": "Feature", "properties": { "name": "Верхнее Романово", "is_admin_centre_district": false }, "geometry": { "type": "Point", "coordinates": [ 37.4247188, 54.8277795 ] } },
{ "type": "Feature", "properties": { "name": "Вишенки", "is_admin_centre_district": false }, "geometry": { "type": "Point", "coordinates": [ 37.4256881, 54.774632 ] } },
{ "type": "Feature", "properties": { "name": "Костино", "is_admin_centre_district": false }, "geometry": { "type": "Point", "coordinates": [ 37.398128, 54.839006 ] } },
{ "type": "Feature", "properties": { "name": "Маяк", "is_admin_centre_district": false }, "geometry": { "type": "Point", "coordinates": [ 37.4173008, 54.8367684 ] } },
{ "type": "Feature", "properties": { "name": "Панькино", "is_admin_centre_district": false }, "geometry": { "type": "Point", "coordinates": [ 37.4527599, 54.8271062 ] } },
{ "type": "Feature", "properties": { "name": "Паршино", "is_admin_centre_district": false }, "geometry": { "type": "Point", "coordinates": [ 37.401466, 54.819662 ] } },
{ "type": "Feature", "properties": { "name": "Пашково", "is_admin_centre_district": false }, "geometry": { "type": "Point", "coordinates": [ 37.331892, 54.791741 ] } },
{ "type": "Feature", "properties": { "name": "Рождествено", "is_admin_centre_district": false }, "geometry": { "type": "Point", "coordinates": [ 37.461185, 54.782049 ] } },
{ "type": "Feature", "properties": { "name": "Сосновый", "is_admin_centre_district": false }, "geometry": { "type": "Point", "coordinates": [ 37.4428263, 54.8242833 ] } },
{ "type": "Feature", "properties": { "name": "Темьянь", "is_admin_centre_district": false }, "geometry": { "type": "Point", "coordinates": [ 37.357848, 54.729291 ] } },
{ "type": "Feature", "properties": { "name": "Тетерево", "is_admin_centre_district": false }, "geometry": { "type": "Point", "coordinates": [ 37.351274, 54.797592 ] } },
{ "type": "Feature", "properties": { "name": "Чегодаево", "is_admin_centre_district": false }, "geometry": { "type": "Point", "coordinates": [ 37.457405, 54.768976 ] } },
{ "type": "Feature", "properties": { "name": "Яковлево", "is_admin_centre_district": false }, "geometry": { "type": "Point", "coordinates": [ 37.4312101, 54.8021292 ] } },
{ "type": "Feature", "properties": { "name": "Гатница", "is_admin_centre_district": false }, "geometry": { "type": "Point", "coordinates": [ 37.3961661, 54.601586 ] } },
{ "type": "Feature", "properties": { "name": "Лесновка", "is_admin_centre_district": false }, "geometry": { "type": "Point", "coordinates": [ 37.3910969, 54.6073637 ] } },
{ "type": "Feature", "properties": { "name": "Никоновка", "is_admin_centre_district": false }, "geometry": { "type": "Point", "coordinates": [ 37.4157968, 54.6007364 ] } },
{ "type": "Feature", "properties": { "name": "Ушаковка", "is_admin_centre_district": false }, "geometry": { "type": "Point", "coordinates": [ 37.4421993, 54.608455 ] } },
{ "type": "Feature", "properties": { "name": "Домнино", "is_admin_centre_district": false }, "geometry": { "type": "Point", "coordinates": [ 37.4660101, 54.6675477 ] } },
{ "type": "Feature", "properties": { "name": "Мышенки", "is_admin_centre_district": false }, "geometry": { "type": "Point", "coordinates": [ 37.4446842, 54.7100775 ] } },
{ "type": "Feature", "properties": { "name": "Теряево 1-е", "is_admin_centre_district": false }, "geometry": { "type": "Point", "coordinates": [ 37.4544042, 54.630656 ] } },
{ "type": "Feature", "properties": { "name": "Теряево 2-е", "is_admin_centre_district": false }, "geometry": { "type": "Point", "coordinates": [ 37.439772, 54.6270426 ] } },
{ "type": "Feature", "properties": { "name": "Новоселки", "is_admin_centre_district": false }, "geometry": { "type": "Point", "coordinates": [ 37.4372645, 54.7601712 ] } },
{ "type": "Feature", "properties": { "name": "Новогуровский", "is_admin_centre_district": true }, "geometry": { "type": "Point", "coordinates": [ 37.3401784, 54.4681741 ] } },
{ "type": "Feature", "properties": { "name": "Лаптево", "is_admin_centre_district": false }, "geometry": { "type": "Point", "coordinates": [ 37.3980977, 54.6477547 ] } },
{ "type": "Feature", "properties": { "name": "Вороново", "is_admin_centre_district": false }, "geometry": { "type": "Point", "coordinates": [ 37.5810512, 54.6147256 ] } },
{ "type": "Feature", "properties": { "name": "Горохово", "is_admin_centre_district": false }, "geometry": { "type": "Point", "coordinates": [ 37.5904957, 54.6167094 ] } },
{ "type": "Feature", "properties": { "name": "Игнатово", "is_admin_centre_district": false }, "geometry": { "type": "Point", "coordinates": [ 37.5677594, 54.6297078 ] } },
{ "type": "Feature", "properties": { "name": "Каменка", "is_admin_centre_district": false }, "geometry": { "type": "Point", "coordinates": [ 37.6282561, 54.5810631 ] } },
{ "type": "Feature", "properties": { "name": "Клищино", "is_admin_centre_district": false }, "geometry": { "type": "Point", "coordinates": [ 37.5715003, 54.6386278 ] } },
{ "type": "Feature", "properties": { "name": "Кортнево", "is_admin_centre_district": false }, "geometry": { "type": "Point", "coordinates": [ 37.5910214, 54.6047212 ] } },
{ "type": "Feature", "properties": { "name": "Пахомово", "is_admin_centre_district": false }, "geometry": { "type": "Point", "coordinates": [ 37.5534, 54.62715 ] } },
{ "type": "Feature", "properties": { "name": "Пынино", "is_admin_centre_district": false }, "geometry": { "type": "Point", "coordinates": [ 37.5621154, 54.6244533 ] } },
{ "type": "Feature", "properties": { "name": "Шегостово", "is_admin_centre_district": false }, "geometry": { "type": "Point", "coordinates": [ 37.5654319, 54.6322508 ] } },
{ "type": "Feature", "properties": { "name": "Щеблово", "is_admin_centre_district": false }, "geometry": { "type": "Point", "coordinates": [ 37.6143253, 54.586753 ] } },
{ "type": "Feature", "properties": { "name": "Крюково", "is_admin_centre_district": false }, "geometry": { "type": "Point", "coordinates": [ 37.474694, 54.8004876 ] } },
{ "type": "Feature", "properties": { "name": "Зыбино", "is_admin_centre_district": false }, "geometry": { "type": "Point", "coordinates": [ 37.5208307, 54.4990059 ] } },
{ "type": "Feature", "properties": { "name": "Заикино", "is_admin_centre_district": false }, "geometry": { "type": "Point", "coordinates": [ 37.5074735, 54.4840863 ] } },
{ "type": "Feature", "properties": { "name": "Баранцево", "is_admin_centre_district": false }, "geometry": { "type": "Point", "coordinates": [ 37.617591, 54.569876 ] } },
{ "type": "Feature", "properties": { "name": "Быковка", "is_admin_centre_district": false }, "geometry": { "type": "Point", "coordinates": [ 37.6258292, 54.5761229 ] } },
{ "type": "Feature", "properties": { "name": "Верхнее Апасово", "is_admin_centre_district": false }, "geometry": { "type": "Point", "coordinates": [ 37.4925639, 54.5074876 ] } },
{ "type": "Feature", "properties": { "name": "Татарское", "is_admin_centre_district": false }, "geometry": { "type": "Point", "coordinates": [ 37.4387812, 54.6792384 ] } },
{ "type": "Feature", "properties": { "name": "Миротинский", "is_admin_centre_district": false }, "geometry": { "type": "Point", "coordinates": [ 37.703994, 54.6319599 ] } },
{ "type": "Feature", "properties": { "name": "Савино", "is_admin_centre_district": false }, "geometry": { "type": "Point", "coordinates": [ 37.491252, 54.7196534 ] } },
{ "type": "Feature", "properties": { "name": "Сенино", "is_admin_centre_district": false }, "geometry": { "type": "Point", "coordinates": [ 37.5170466, 54.7471204 ] } },
{ "type": "Feature", "properties": { "name": "Хрущево", "is_admin_centre_district": false }, "geometry": { "type": "Point", "coordinates": [ 37.3659385, 54.6223279 ] } },
{ "type": "Feature", "properties": { "name": "Дятлово", "is_admin_centre_district": false }, "geometry": { "type": "Point", "coordinates": [ 37.4932222, 54.7567094 ] } },
{ "type": "Feature", "properties": { "name": "Хворощино", "is_admin_centre_district": false }, "geometry": { "type": "Point", "coordinates": [ 37.700537, 54.6523271 ] } },
{ "type": "Feature", "properties": { "name": "Сонино", "is_admin_centre_district": false }, "geometry": { "type": "Point", "coordinates": [ 37.387954, 54.6227705 ] } },
{ "type": "Feature", "properties": { "name": "Заокский", "is_admin_centre_district": true }, "geometry": { "type": "Point", "coordinates": [ 37.3989781, 54.7331733 ] } },
{ "type": "Feature", "properties": { "name": "Малахово", "is_admin_centre_district": false }, "geometry": { "type": "Point", "coordinates": [ 37.4388081, 54.7472192 ] } },
{ "type": "Feature", "properties": { "name": "Острецово", "is_admin_centre_district": false }, "geometry": { "type": "Point", "coordinates": [ 37.5846134, 54.65196 ] } },
{ "type": "Feature", "properties": { "name": "Нечаевское Лесничество", "is_admin_centre_district": false }, "geometry": { "type": "Point", "coordinates": [ 37.4051111, 54.7208657 ] } },
{ "type": "Feature", "properties": { "name": "Никольское", "is_admin_centre_district": false }, "geometry": { "type": "Point", "coordinates": [ 37.4129968, 54.747883 ] } },
{ "type": "Feature", "properties": { "name": "Татарские Хутора", "is_admin_centre_district": false }, "geometry": { "type": "Point", "coordinates": [ 37.4260592, 54.7165713 ] } },
{ "type": "Feature", "properties": { "name": "Приокская", "is_admin_centre_district": false }, "geometry": { "type": "Point", "coordinates": [ 37.3776454, 54.8295563 ] } },
{ "type": "Feature", "properties": { "name": "Матюшино", "is_admin_centre_district": false }, "geometry": { "type": "Point", "coordinates": [ 37.494638, 54.6941533 ] } },
{ "type": "Feature", "properties": { "name": "Болотово", "is_admin_centre_district": false }, "geometry": { "type": "Point", "coordinates": [ 37.5234288, 54.6741079 ] } },
{ "type": "Feature", "properties": { "name": "Карпищево", "is_admin_centre_district": false }, "geometry": { "type": "Point", "coordinates": [ 37.406506, 54.8134637 ] } },
{ "type": "Feature", "properties": { "name": "Терехово", "is_admin_centre_district": false }, "geometry": { "type": "Point", "coordinates": [ 37.6289653, 54.718363 ] } },
{ "type": "Feature", "properties": { "name": "Молчаново", "is_admin_centre_district": false }, "geometry": { "type": "Point", "coordinates": [ 37.6856567, 54.6736522 ] } },
{ "type": "Feature", "properties": { "name": "Шалеево", "is_admin_centre_district": false }, "geometry": { "type": "Point", "coordinates": [ 37.6170351, 54.6577053 ] } },
{ "type": "Feature", "properties": { "name": "Козловка", "is_admin_centre_district": false }, "geometry": { "type": "Point", "coordinates": [ 37.6709046, 54.6909384 ] } },
{ "type": "Feature", "properties": { "name": "Занино", "is_admin_centre_district": false }, "geometry": { "type": "Point", "coordinates": [ 37.5293565, 54.5365619 ] } },
{ "type": "Feature", "properties": { "name": "Кинеево", "is_admin_centre_district": false }, "geometry": { "type": "Point", "coordinates": [ 37.6498738, 54.6180596 ] } },
{ "type": "Feature", "properties": { "name": "Шеверняево", "is_admin_centre_district": false }, "geometry": { "type": "Point", "coordinates": [ 37.5290618, 54.6133256 ] } },
{ "type": "Feature", "properties": { "name": "Филатово", "is_admin_centre_district": false }, "geometry": { "type": "Point", "coordinates": [ 37.56245, 54.6630487 ] } },
{ "type": "Feature", "properties": { "name": "Калединовка", "is_admin_centre_district": false }, "geometry": { "type": "Point", "coordinates": [ 37.3441744, 54.5510782 ] } },
{ "type": "Feature", "properties": { "name": "Климовка", "is_admin_centre_district": false }, "geometry": { "type": "Point", "coordinates": [ 37.3612815, 54.5463738 ] } },
{ "type": "Feature", "properties": { "name": "Пирогово", "is_admin_centre_district": false }, "geometry": { "type": "Point", "coordinates": [ 37.418021, 54.5836648 ] } },
{ "type": "Feature", "properties": { "name": "Романьково", "is_admin_centre_district": false }, "geometry": { "type": "Point", "coordinates": [ 37.3778523, 54.5852471 ] } },
{ "type": "Feature", "properties": { "name": "Студёный", "is_admin_centre_district": false }, "geometry": { "type": "Point", "coordinates": [ 37.5051231, 54.6537442 ] } },
{ "type": "Feature", "properties": { "name": "Филимоновка", "is_admin_centre_district": false }, "geometry": { "type": "Point", "coordinates": [ 37.403285, 54.5866118 ] } },
{ "type": "Feature", "properties": { "name": "Пахомово", "is_admin_centre_district": false }, "geometry": { "type": "Point", "coordinates": [ 37.5468, 54.6297 ] } },
{ "type": "Feature", "properties": { "name": "Пахомово", "is_admin_centre_district": false }, "geometry": { "type": "Point", "coordinates": [ 37.5325, 54.635 ] } },
{ "type": "Feature", "properties": { "name": "Алешково", "is_admin_centre_district": false }, "geometry": { "type": "Point", "coordinates": [ 37.306523, 54.6526081 ] } },
{ "type": "Feature", "properties": { "name": "База Отдыха \"Металлург\"", "is_admin_centre_district": false }, "geometry": { "type": "Point", "coordinates": [ 37.2580099, 54.6924778 ] } },
{ "type": "Feature", "properties": { "name": "Горки", "is_admin_centre_district": false }, "geometry": { "type": "Point", "coordinates": [ 37.2609523, 54.679522 ] } },
{ "type": "Feature", "properties": { "name": "Дом Отдыха \"Велегож\"", "is_admin_centre_district": false }, "geometry": { "type": "Point", "coordinates": [ 37.2623523, 54.7050697 ] } },
{ "type": "Feature", "properties": { "name": "Ждамирово", "is_admin_centre_district": false }, "geometry": { "type": "Point", "coordinates": [ 37.3249873, 54.6494735 ] } },
{ "type": "Feature", "properties": { "name": "Ждамировский", "is_admin_centre_district": false }, "geometry": { "type": "Point", "coordinates": [ 37.3118338, 54.6426944 ] } },
{ "type": "Feature", "properties": { "name": "Кошкино", "is_admin_centre_district": false }, "geometry": { "type": "Point", "coordinates": [ 37.2998524, 54.7464082 ] } },
{ "type": "Feature", "properties": { "name": "Мосолово", "is_admin_centre_district": false }, "geometry": { "type": "Point", "coordinates": [ 37.2647234, 54.6297538 ] } },
{ "type": "Feature", "properties": { "name": "Петрищево", "is_admin_centre_district": false }, "geometry": { "type": "Point", "coordinates": [ 37.2761926, 54.6562639 ] } },
{ "type": "Feature", "properties": { "name": "Темьянский", "is_admin_centre_district": false }, "geometry": { "type": "Point", "coordinates": [ 37.3741414, 54.7305208 ] } },
{ "type": "Feature", "properties": { "name": "Туркомплекс \"Велегож\"", "is_admin_centre_district": false }, "geometry": { "type": "Point", "coordinates": [ 37.2594637, 54.6951999 ] } },
{ "type": "Feature", "properties": { "name": "Успенский", "is_admin_centre_district": false }, "geometry": { "type": "Point", "coordinates": [ 37.2533616, 54.6364605 ] } },
{ "type": "Feature", "properties": { "name": "Хрипково", "is_admin_centre_district": false }, "geometry": { "type": "Point", "coordinates": [ 37.3139508, 54.6308499 ] } },
{ "type": "Feature", "properties": { "name": "Хрипковские Выселки", "is_admin_centre_district": false }, "geometry": { "type": "Point", "coordinates": [ 37.2921678, 54.6250957 ] } },
{ "type": "Feature", "properties": { "name": "Шевернево", "is_admin_centre_district": false }, "geometry": { "type": "Point", "coordinates": [ 37.3112015, 54.8038829 ] } },
{ "type": "Feature", "properties": { "name": "Недьяково", "is_admin_centre_district": false }, "geometry": { "type": "Point", "coordinates": [ 37.5158198, 54.6273788 ] } },
{ "type": "Feature", "properties": { "name": "Поваляево", "is_admin_centre_district": false }, "geometry": { "type": "Point", "coordinates": [ 37.3311834, 54.6790741 ] } },
{ "type": "Feature", "properties": { "name": "Поленово", "is_admin_centre_district": false }, "geometry": { "type": "Point", "coordinates": [ 37.2351496, 54.7469302 ] } },
{ "type": "Feature", "properties": { "name": "Скрипово", "is_admin_centre_district": false }, "geometry": { "type": "Point", "coordinates": [ 37.3632948, 54.7491718 ] } },
{ "type": "Feature", "properties": { "name": "Конюшино", "is_admin_centre_district": false }, "geometry": { "type": "Point", "coordinates": [ 37.3125379, 54.7597926 ] } },
{ "type": "Feature", "properties": { "name": "Шульгино", "is_admin_centre_district": false }, "geometry": { "type": "Point", "coordinates": [ 37.582368, 54.5537322 ] } },
{ "type": "Feature", "properties": { "name": "Руднево", "is_admin_centre_district": false }, "geometry": { "type": "Point", "coordinates": [ 37.646754, 54.5299375 ] } },
{ "type": "Feature", "properties": { "name": "Венюково", "is_admin_centre_district": false }, "geometry": { "type": "Point", "coordinates": [ 37.5098599, 54.6104536 ] } },
{ "type": "Feature", "properties": { "name": "Санино", "is_admin_centre_district": false }, "geometry": { "type": "Point", "coordinates": [ 37.5426328, 54.5105003 ] } },
{ "type": "Feature", "properties": { "name": "Давыдовское", "is_admin_centre_district": false }, "geometry": { "type": "Point", "coordinates": [ 37.5590694, 54.5245062 ] } },
{ "type": "Feature", "properties": { "name": "Енино", "is_admin_centre_district": false }, "geometry": { "type": "Point", "coordinates": [ 37.5934285, 54.523264 ] } },
{ "type": "Feature", "properties": { "name": "Киреевское", "is_admin_centre_district": false }, "geometry": { "type": "Point", "coordinates": [ 37.5876188, 54.5140942 ] } },
{ "type": "Feature", "properties": { "name": "Матово", "is_admin_centre_district": false }, "geometry": { "type": "Point", "coordinates": [ 37.6514554, 54.4880025 ] } },
{ "type": "Feature", "properties": { "name": "Лаптево", "is_admin_centre_district": false }, "geometry": { "type": "Point", "coordinates": [ 37.6715183, 54.4912056 ] } },
{ "type": "Feature", "properties": { "name": "Качалово", "is_admin_centre_district": false }, "geometry": { "type": "Point", "coordinates": [ 37.6656496, 54.4824244 ] } },
{ "type": "Feature", "properties": { "name": "Вашана", "is_admin_centre_district": false }, "geometry": { "type": "Point", "coordinates": [ 37.5987279, 54.4926298 ] } },
{ "type": "Feature", "properties": { "name": "Бирево", "is_admin_centre_district": false }, "geometry": { "type": "Point", "coordinates": [ 37.5606353, 54.4889329 ] } },
{ "type": "Feature", "properties": { "name": "Тормино", "is_admin_centre_district": false }, "geometry": { "type": "Point", "coordinates": [ 37.6438594, 54.4973246 ] } },
{ "type": "Feature", "properties": { "name": "Тележенка", "is_admin_centre_district": false }, "geometry": { "type": "Point", "coordinates": [ 37.6159465, 54.5114516 ] } },
{ "type": "Feature", "properties": { "name": "Андрюшково", "is_admin_centre_district": false }, "geometry": { "type": "Point", "coordinates": [ 37.6499963, 54.5395219 ] } },
{ "type": "Feature", "properties": { "name": "Сасово-Антоньево", "is_admin_centre_district": false }, "geometry": { "type": "Point", "coordinates": [ 37.6160717, 54.5550671 ] } },
{ "type": "Feature", "properties": { "name": "Малое Макаево", "is_admin_centre_district": false }, "geometry": { "type": "Point", "coordinates": [ 37.6783418, 54.5118644 ] } },
{ "type": "Feature", "properties": { "name": "Рязаново", "is_admin_centre_district": false }, "geometry": { "type": "Point", "coordinates": [ 37.4115222, 54.7012496 ] } },
{ "type": "Feature", "properties": { "name": "Бутиково", "is_admin_centre_district": false }, "geometry": { "type": "Point", "coordinates": [ 37.3805281, 54.704702 ] } },
{ "type": "Feature", "properties": { "name": "Нечаевские выселки", "is_admin_centre_district": false }, "geometry": { "type": "Point", "coordinates": [ 37.3786385, 54.693848 ] } },
{ "type": "Feature", "properties": { "name": "Нечаево", "is_admin_centre_district": false }, "geometry": { "type": "Point", "coordinates": [ 37.3733064, 54.6856651 ] } },
{ "type": "Feature", "properties": { "name": "Наспищи", "is_admin_centre_district": false }, "geometry": { "type": "Point", "coordinates": [ 37.3963501, 54.6902077 ] } },
{ "type": "Feature", "properties": { "name": "Тайдаково", "is_admin_centre_district": false }, "geometry": { "type": "Point", "coordinates": [ 37.4045364, 54.6810985 ] } },
{ "type": "Feature", "properties": { "name": "Немцово", "is_admin_centre_district": false }, "geometry": { "type": "Point", "coordinates": [ 37.4107957, 54.6685744 ] } },
{ "type": "Feature", "properties": { "name": "Приокский", "is_admin_centre_district": false }, "geometry": { "type": "Point", "coordinates": [ 37.3697944, 54.8303364 ] } },
{ "type": "Feature", "properties": { "name": "Яковлевский", "is_admin_centre_district": false }, "geometry": { "type": "Point", "coordinates": [ 37.3968672, 54.7826156 ] } },
{ "type": "Feature", "properties": { "name": "Домнинские Дворики", "is_admin_centre_district": false }, "geometry": { "type": "Point", "coordinates": [ 37.4504936, 54.658691 ] } },
{ "type": "Feature", "properties": { "name": "Шагаев", "is_admin_centre_district": false }, "geometry": { "type": "Point", "coordinates": [ 37.0662467, 53.2858276 ] } },
{ "type": "Feature", "properties": { "name": "Южный", "is_admin_centre_district": false }, "geometry": { "type": "Point", "coordinates": [ 36.9479525, 53.3008999 ] } },
{ "type": "Feature", "properties": { "name": "Каменный Холм", "is_admin_centre_district": false }, "geometry": { "type": "Point", "coordinates": [ 36.8178175, 53.3044006 ] } },
{ "type": "Feature", "properties": { "name": "Платицино 1-е", "is_admin_centre_district": false }, "geometry": { "type": "Point", "coordinates": [ 36.83514, 53.310181 ] } },
{ "type": "Feature", "properties": { "name": "Платицино 2-е", "is_admin_centre_district": false }, "geometry": { "type": "Point", "coordinates": [ 36.8468698, 53.3110119 ] } },
{ "type": "Feature", "properties": { "name": "Чернь", "is_admin_centre_district": true }, "geometry": { "type": "Point", "coordinates": [ 36.910103, 53.450928 ] } },
{ "type": "Feature", "properties": { "name": "Медвежка", "is_admin_centre_district": false }, "geometry": { "type": "Point", "coordinates": [ 36.800307, 53.4322287 ] } },
{ "type": "Feature", "properties": { "name": "Долматово", "is_admin_centre_district": false }, "geometry": { "type": "Point", "coordinates": [ 36.753806, 53.395671 ] } },
{ "type": "Feature", "properties": { "name": "Поповка 1-я", "is_admin_centre_district": false }, "geometry": { "type": "Point", "coordinates": [ 37.0856113, 53.5338705 ] } },
{ "type": "Feature", "properties": { "name": "Кондыревка", "is_admin_centre_district": false }, "geometry": { "type": "Point", "coordinates": [ 37.1201027, 53.5612032 ] } },
{ "type": "Feature", "properties": { "name": "Горбачёво", "is_admin_centre_district": false }, "geometry": { "type": "Point", "coordinates": [ 37.1183344, 53.6007582 ] } },
{ "type": "Feature", "properties": { "name": "Кожинка", "is_admin_centre_district": false }, "geometry": { "type": "Point", "coordinates": [ 36.9923801, 53.3929743 ] } },
{ "type": "Feature", "properties": { "name": "Репно-Никольское", "is_admin_centre_district": false }, "geometry": { "type": "Point", "coordinates": [ 36.9675628, 53.4314506 ] } },
{ "type": "Feature", "properties": { "name": "Сомовка", "is_admin_centre_district": false }, "geometry": { "type": "Point", "coordinates": [ 37.1045831, 53.3762516 ] } },
{ "type": "Feature", "properties": { "name": "Ержино", "is_admin_centre_district": false }, "geometry": { "type": "Point", "coordinates": [ 36.9084542, 53.3316724 ] } },
{ "type": "Feature", "properties": { "name": "Черноусово", "is_admin_centre_district": false }, "geometry": { "type": "Point", "coordinates": [ 36.9130294, 53.3937787 ] } },
{ "type": "Feature", "properties": { "name": "Донок", "is_admin_centre_district": false }, "geometry": { "type": "Point", "coordinates": [ 36.9392453, 53.3701586 ] } },
{ "type": "Feature", "properties": { "name": "Уготь", "is_admin_centre_district": false }, "geometry": { "type": "Point", "coordinates": [ 36.928513, 53.413883 ] } },
{ "type": "Feature", "properties": { "name": "Бортное", "is_admin_centre_district": false }, "geometry": { "type": "Point", "coordinates": [ 36.914158, 53.421059 ] } },
{ "type": "Feature", "properties": { "name": "Велье-Никольское", "is_admin_centre_district": false }, "geometry": { "type": "Point", "coordinates": [ 36.9546705, 53.4697099 ] } },
{ "type": "Feature", "properties": { "name": "Станция Скуратово", "is_admin_centre_district": false }, "geometry": { "type": "Point", "coordinates": [ 37.0234136, 53.5629398 ] } },
{ "type": "Feature", "properties": { "name": "Каратеево", "is_admin_centre_district": false }, "geometry": { "type": "Point", "coordinates": [ 36.6463345, 53.4692142 ] } },
{ "type": "Feature", "properties": { "name": "Овсянниково", "is_admin_centre_district": false }, "geometry": { "type": "Point", "coordinates": [ 36.6375109, 53.4835593 ] } },
{ "type": "Feature", "properties": { "name": "Красный Холм", "is_admin_centre_district": false }, "geometry": { "type": "Point", "coordinates": [ 36.7184324, 53.4675972 ] } },
{ "type": "Feature", "properties": { "name": "Полтево", "is_admin_centre_district": false }, "geometry": { "type": "Point", "coordinates": [ 36.6147711, 53.4768039 ] } },
{ "type": "Feature", "properties": { "name": "Михайловское", "is_admin_centre_district": false }, "geometry": { "type": "Point", "coordinates": [ 37.1208587, 53.6583005 ] } },
{ "type": "Feature", "properties": { "name": "Паринцево", "is_admin_centre_district": false }, "geometry": { "type": "Point", "coordinates": [ 36.7825209, 53.5424036 ] } },
{ "type": "Feature", "properties": { "name": "Бредихино 1-е", "is_admin_centre_district": false }, "geometry": { "type": "Point", "coordinates": [ 36.8718249, 53.3822862 ] } },
{ "type": "Feature", "properties": { "name": "Подберёзово", "is_admin_centre_district": false }, "geometry": { "type": "Point", "coordinates": [ 36.8596477, 53.342905 ] } },
{ "type": "Feature", "properties": { "name": "Сидорово", "is_admin_centre_district": false }, "geometry": { "type": "Point", "coordinates": [ 36.8511079, 53.3499799 ] } },
{ "type": "Feature", "properties": { "name": "Буревестник", "is_admin_centre_district": false }, "geometry": { "type": "Point", "coordinates": [ 36.5804794, 53.6191441 ] } },
{ "type": "Feature", "properties": { "name": "Варварино", "is_admin_centre_district": false }, "geometry": { "type": "Point", "coordinates": [ 36.556599, 53.6622276 ] } },
{ "type": "Feature", "properties": { "name": "Иста", "is_admin_centre_district": false }, "geometry": { "type": "Point", "coordinates": [ 36.6419684, 53.6726312 ] } },
{ "type": "Feature", "properties": { "name": "Кругливаново", "is_admin_centre_district": false }, "geometry": { "type": "Point", "coordinates": [ 36.5567874, 53.5950392 ] } },
{ "type": "Feature", "properties": { "name": "Кругстрахово", "is_admin_centre_district": false }, "geometry": { "type": "Point", "coordinates": [ 36.550242, 53.5922076 ] } },
{ "type": "Feature", "properties": { "name": "Литвиново", "is_admin_centre_district": false }, "geometry": { "type": "Point", "coordinates": [ 36.5625733, 53.6127585 ] } },
{ "type": "Feature", "properties": { "name": "Жизнь", "is_admin_centre_district": false }, "geometry": { "type": "Point", "coordinates": [ 36.5924999, 53.4334386 ] } },
{ "type": "Feature", "properties": { "name": "Бежин Луг", "is_admin_centre_district": false }, "geometry": { "type": "Point", "coordinates": [ 36.6976803, 53.4645113 ] } },
{ "type": "Feature", "properties": { "name": "Белино", "is_admin_centre_district": false }, "geometry": { "type": "Point", "coordinates": [ 36.7566397, 53.5347769 ] } },
{ "type": "Feature", "properties": { "name": "Большая Рябая", "is_admin_centre_district": false }, "geometry": { "type": "Point", "coordinates": [ 36.6620929, 53.4156862 ] } },
{ "type": "Feature", "properties": { "name": "Большие Борзенки", "is_admin_centre_district": false }, "geometry": { "type": "Point", "coordinates": [ 36.5900405, 53.4026626 ] } },
{ "type": "Feature", "properties": { "name": "Васильевское", "is_admin_centre_district": false }, "geometry": { "type": "Point", "coordinates": [ 36.7164369, 53.4623006 ] } },
{ "type": "Feature", "properties": { "name": "Жерлово-Григорьево", "is_admin_centre_district": false }, "geometry": { "type": "Point", "coordinates": [ 36.568305, 53.4254246 ] } },
{ "type": "Feature", "properties": { "name": "Дьяково", "is_admin_centre_district": false }, "geometry": { "type": "Point", "coordinates": [ 36.6383472, 53.5100247 ] } },
{ "type": "Feature", "properties": { "name": "Живой Ключ", "is_admin_centre_district": false }, "geometry": { "type": "Point", "coordinates": [ 36.631919, 53.432806 ] } },
{ "type": "Feature", "properties": { "name": "Кальна", "is_admin_centre_district": false }, "geometry": { "type": "Point", "coordinates": [ 36.5988276, 53.4236959 ] } },
{ "type": "Feature", "properties": { "name": "Костомарово", "is_admin_centre_district": false }, "geometry": { "type": "Point", "coordinates": [ 36.5384621, 53.4423315 ] } },
{ "type": "Feature", "properties": { "name": "Красная Горка", "is_admin_centre_district": false }, "geometry": { "type": "Point", "coordinates": [ 36.7530419, 53.4722446 ] } },
{ "type": "Feature", "properties": { "name": "Кудиново", "is_admin_centre_district": false }, "geometry": { "type": "Point", "coordinates": [ 36.7014624, 53.404074 ] } },
{ "type": "Feature", "properties": { "name": "Лапино", "is_admin_centre_district": false }, "geometry": { "type": "Point", "coordinates": [ 36.6877444, 53.4323907 ] } },
{ "type": "Feature", "properties": { "name": "Липицы", "is_admin_centre_district": false }, "geometry": { "type": "Point", "coordinates": [ 36.7782122, 53.4818012 ] } },
{ "type": "Feature", "properties": { "name": "Лобаново", "is_admin_centre_district": false }, "geometry": { "type": "Point", "coordinates": [ 36.6499879, 53.4421065 ] } },
{ "type": "Feature", "properties": { "name": "Жерлово-Лукино", "is_admin_centre_district": false }, "geometry": { "type": "Point", "coordinates": [ 36.568544, 53.4291471 ] } },
{ "type": "Feature", "properties": { "name": "Малая Рябая", "is_admin_centre_district": false }, "geometry": { "type": "Point", "coordinates": [ 36.6393855, 53.4313745 ] } },
{ "type": "Feature", "properties": { "name": "Меркулово", "is_admin_centre_district": false }, "geometry": { "type": "Point", "coordinates": [ 36.6951869, 53.5917062 ] } },
{ "type": "Feature", "properties": { "name": "Мошерово", "is_admin_centre_district": false }, "geometry": { "type": "Point", "coordinates": [ 36.6585071, 53.4993132 ] } },
{ "type": "Feature", "properties": { "name": "Жерлово-Петрово", "is_admin_centre_district": false }, "geometry": { "type": "Point", "coordinates": [ 36.5796488, 53.431637 ] } },
{ "type": "Feature", "properties": { "name": "Петровское", "is_admin_centre_district": false }, "geometry": { "type": "Point", "coordinates": [ 36.7598584, 53.4686286 ] } },
{ "type": "Feature", "properties": { "name": "Революции", "is_admin_centre_district": false }, "geometry": { "type": "Point", "coordinates": [ 36.5585733, 53.462986 ] } },
{ "type": "Feature", "properties": { "name": "Русино", "is_admin_centre_district": false }, "geometry": { "type": "Point", "coordinates": [ 36.6119746, 53.4330179 ] } },
{ "type": "Feature", "properties": { "name": "Сальница-Слободка", "is_admin_centre_district": false }, "geometry": { "type": "Point", "coordinates": [ 36.5817186, 53.5243864 ] } },
{ "type": "Feature", "properties": { "name": "Санталово", "is_admin_centre_district": false }, "geometry": { "type": "Point", "coordinates": [ 36.6415173, 53.4951326 ] } },
{ "type": "Feature", "properties": { "name": "Семендяй", "is_admin_centre_district": false }, "geometry": { "type": "Point", "coordinates": [ 36.5965282, 53.4735325 ] } },
{ "type": "Feature", "properties": { "name": "Снежедь", "is_admin_centre_district": false }, "geometry": { "type": "Point", "coordinates": [ 36.7462664, 53.4698952 ] } },
{ "type": "Feature", "properties": { "name": "Стекольная Слободка", "is_admin_centre_district": false }, "geometry": { "type": "Point", "coordinates": [ 36.6999247, 53.4595062 ] } },
{ "type": "Feature", "properties": { "name": "Тургенево", "is_admin_centre_district": false }, "geometry": { "type": "Point", "coordinates": [ 36.73449, 53.4633492 ] } },
{ "type": "Feature", "properties": { "name": "Цветной", "is_admin_centre_district": false }, "geometry": { "type": "Point", "coordinates": [ 36.6544702, 53.4395393 ] } },
{ "type": "Feature", "properties": { "name": "Черемисино", "is_admin_centre_district": false }, "geometry": { "type": "Point", "coordinates": [ 36.7001498, 53.4253441 ] } },
{ "type": "Feature", "properties": { "name": "Черёмушки", "is_admin_centre_district": false }, "geometry": { "type": "Point", "coordinates": [ 36.6090676, 53.4035167 ] } },
{ "type": "Feature", "properties": { "name": "Ясное Утро", "is_admin_centre_district": false }, "geometry": { "type": "Point", "coordinates": [ 36.6584231, 53.4494686 ] } },
{ "type": "Feature", "properties": { "name": "Ветрово", "is_admin_centre_district": false }, "geometry": { "type": "Point", "coordinates": [ 36.6215549, 53.4358612 ] } },
{ "type": "Feature", "properties": { "name": "Байдино", "is_admin_centre_district": false }, "geometry": { "type": "Point", "coordinates": [ 36.5893024, 53.64707 ] } },
{ "type": "Feature", "properties": { "name": "Большое Журино", "is_admin_centre_district": false }, "geometry": { "type": "Point", "coordinates": [ 36.6505513, 53.6316203 ] } },
{ "type": "Feature", "properties": { "name": "Будки", "is_admin_centre_district": false }, "geometry": { "type": "Point", "coordinates": [ 36.6265524, 53.623442 ] } },
{ "type": "Feature", "properties": { "name": "Быковка", "is_admin_centre_district": false }, "geometry": { "type": "Point", "coordinates": [ 36.6744342, 53.5999654 ] } },
{ "type": "Feature", "properties": { "name": "Вязовна", "is_admin_centre_district": false }, "geometry": { "type": "Point", "coordinates": [ 36.7575083, 53.4327652 ] } },
{ "type": "Feature", "properties": { "name": "Гремячка", "is_admin_centre_district": false }, "geometry": { "type": "Point", "coordinates": [ 36.5725465, 53.5548743 ] } },
{ "type": "Feature", "properties": { "name": "Ерино", "is_admin_centre_district": false }, "geometry": { "type": "Point", "coordinates": [ 36.7521705, 53.5169597 ] } },
{ "type": "Feature", "properties": { "name": "Круговая", "is_admin_centre_district": false }, "geometry": { "type": "Point", "coordinates": [ 36.742942, 53.4219339 ] } },
{ "type": "Feature", "properties": { "name": "Натаровка", "is_admin_centre_district": false }, "geometry": { "type": "Point", "coordinates": [ 36.6266242, 53.5325455 ] } },
{ "type": "Feature", "properties": { "name": "Парахино", "is_admin_centre_district": false }, "geometry": { "type": "Point", "coordinates": [ 36.6290844, 53.5782446 ] } },
{ "type": "Feature", "properties": { "name": "Синяково", "is_admin_centre_district": false }, "geometry": { "type": "Point", "coordinates": [ 36.5965074, 53.6443423 ] } },
{ "type": "Feature", "properties": { "name": "Сухотиновка", "is_admin_centre_district": false }, "geometry": { "type": "Point", "coordinates": [ 36.7375416, 53.4308839 ] } },
{ "type": "Feature", "properties": { "name": "Хрущи", "is_admin_centre_district": false }, "geometry": { "type": "Point", "coordinates": [ 36.7831743, 53.4348561 ] } },
{ "type": "Feature", "properties": { "name": "Большое Захарово", "is_admin_centre_district": false }, "geometry": { "type": "Point", "coordinates": [ 36.6079053, 53.6838504 ] } },
{ "type": "Feature", "properties": { "name": "Еврееново", "is_admin_centre_district": false }, "geometry": { "type": "Point", "coordinates": [ 36.5520796, 53.6710176 ] } },
{ "type": "Feature", "properties": { "name": "Воропаевский", "is_admin_centre_district": false }, "geometry": { "type": "Point", "coordinates": [ 36.7890732, 53.4313224 ] } },
{ "type": "Feature", "properties": { "name": "Белый Колодезь", "is_admin_centre_district": false }, "geometry": { "type": "Point", "coordinates": [ 36.9104827, 53.6882336 ] } },
{ "type": "Feature", "properties": { "name": "Кресты", "is_admin_centre_district": false }, "geometry": { "type": "Point", "coordinates": [ 36.8764885, 53.5015215 ] } },
{ "type": "Feature", "properties": { "name": "Скуратовский", "is_admin_centre_district": false }, "geometry": { "type": "Point", "coordinates": [ 36.8429479, 53.4398913 ] } },
{ "type": "Feature", "properties": { "name": "Большое Скуратово", "is_admin_centre_district": false }, "geometry": { "type": "Point", "coordinates": [ 36.829861, 53.436581 ] } },
{ "type": "Feature", "properties": { "name": "Лужны", "is_admin_centre_district": false }, "geometry": { "type": "Point", "coordinates": [ 37.0340136, 53.3395023 ] } },
{ "type": "Feature", "properties": { "name": "Архангельское", "is_admin_centre_district": false }, "geometry": { "type": "Point", "coordinates": [ 37.113823, 53.328495 ] } },
{ "type": "Feature", "properties": { "name": "Костомарово-Юдино", "is_admin_centre_district": false }, "geometry": { "type": "Point", "coordinates": [ 36.5437934, 53.429061 ] } },
{ "type": "Feature", "properties": { "name": "Юрьково", "is_admin_centre_district": false }, "geometry": { "type": "Point", "coordinates": [ 36.5249453, 53.586985 ] } },
{ "type": "Feature", "properties": { "name": "Ильинка", "is_admin_centre_district": false }, "geometry": { "type": "Point", "coordinates": [ 36.562652, 53.6676555 ] } },
{ "type": "Feature", "properties": { "name": "Богачёвка", "is_admin_centre_district": false }, "geometry": { "type": "Point", "coordinates": [ 36.6488359, 53.5289911 ] } },
{ "type": "Feature", "properties": { "name": "Гвоздево", "is_admin_centre_district": false }, "geometry": { "type": "Point", "coordinates": [ 36.7256079, 53.5111101 ] } },
{ "type": "Feature", "properties": { "name": "Чёрный Верх", "is_admin_centre_district": false }, "geometry": { "type": "Point", "coordinates": [ 36.7062739, 53.6651615 ] } },
{ "type": "Feature", "properties": { "name": "Дорогомыжка", "is_admin_centre_district": false }, "geometry": { "type": "Point", "coordinates": [ 36.7271821, 53.6703732 ] } },
{ "type": "Feature", "properties": { "name": "Красное", "is_admin_centre_district": false }, "geometry": { "type": "Point", "coordinates": [ 36.7487307, 53.6684895 ] } },
{ "type": "Feature", "properties": { "name": "Любимово", "is_admin_centre_district": false }, "geometry": { "type": "Point", "coordinates": [ 36.7797324, 53.6672712 ] } },
{ "type": "Feature", "properties": { "name": "Мокрое", "is_admin_centre_district": false }, "geometry": { "type": "Point", "coordinates": [ 36.8252021, 53.6491431 ] } },
{ "type": "Feature", "properties": { "name": "Александровка", "is_admin_centre_district": false }, "geometry": { "type": "Point", "coordinates": [ 36.7827754, 53.3428895 ] } },
{ "type": "Feature", "properties": { "name": "Шушмино", "is_admin_centre_district": false }, "geometry": { "type": "Point", "coordinates": [ 36.7517223, 53.3532623 ] } },
{ "type": "Feature", "properties": { "name": "Воскресенское Сельцо", "is_admin_centre_district": false }, "geometry": { "type": "Point", "coordinates": [ 37.1047008, 53.3705537 ] } },
{ "type": "Feature", "properties": { "name": "Воскресенское", "is_admin_centre_district": false }, "geometry": { "type": "Point", "coordinates": [ 37.1221808, 53.3783844 ] } },
{ "type": "Feature", "properties": { "name": "Дмитровка", "is_admin_centre_district": false }, "geometry": { "type": "Point", "coordinates": [ 37.1276015, 53.3859526 ] } },
{ "type": "Feature", "properties": { "name": "Луговка", "is_admin_centre_district": false }, "geometry": { "type": "Point", "coordinates": [ 37.1103362, 53.3781668 ] } },
{ "type": "Feature", "properties": { "name": "Богородское", "is_admin_centre_district": false }, "geometry": { "type": "Point", "coordinates": [ 36.9134057, 53.3237483 ] } },
{ "type": "Feature", "properties": { "name": "Красивка", "is_admin_centre_district": false }, "geometry": { "type": "Point", "coordinates": [ 36.9952023, 53.434857 ] } },
{ "type": "Feature", "properties": { "name": "Красная Звезда", "is_admin_centre_district": false }, "geometry": { "type": "Point", "coordinates": [ 37.0423697, 53.3512142 ] } },
{ "type": "Feature", "properties": { "name": "Лутово", "is_admin_centre_district": false }, "geometry": { "type": "Point", "coordinates": [ 36.8969369, 53.3259799 ] } },
{ "type": "Feature", "properties": { "name": "Миллионная", "is_admin_centre_district": false }, "geometry": { "type": "Point", "coordinates": [ 36.9247138, 53.3999896 ] } },
{ "type": "Feature", "properties": { "name": "Петровское", "is_admin_centre_district": false }, "geometry": { "type": "Point", "coordinates": [ 37.054681, 53.3444317 ] } },
{ "type": "Feature", "properties": { "name": "Пишково", "is_admin_centre_district": false }, "geometry": { "type": "Point", "coordinates": [ 36.9935071, 53.3313958 ] } },
{ "type": "Feature", "properties": { "name": "Пишково-Слобода", "is_admin_centre_district": false }, "geometry": { "type": "Point", "coordinates": [ 37.0105016, 53.3296274 ] } },
{ "type": "Feature", "properties": { "name": "Рассоха", "is_admin_centre_district": false }, "geometry": { "type": "Point", "coordinates": [ 36.9420409, 53.4447017 ] } },
{ "type": "Feature", "properties": { "name": "Сторожевое", "is_admin_centre_district": false }, "geometry": { "type": "Point", "coordinates": [ 37.0344679, 53.3478903 ] } },
{ "type": "Feature", "properties": { "name": "Шаталово", "is_admin_centre_district": false }, "geometry": { "type": "Point", "coordinates": [ 36.9142613, 53.3403288 ] } },
{ "type": "Feature", "properties": { "name": "Богатый", "is_admin_centre_district": false }, "geometry": { "type": "Point", "coordinates": [ 36.8868604, 53.499594 ] } },
{ "type": "Feature", "properties": { "name": "Богородицкое", "is_admin_centre_district": false }, "geometry": { "type": "Point", "coordinates": [ 37.0532217, 53.5256047 ] } },
{ "type": "Feature", "properties": { "name": "Выползово", "is_admin_centre_district": false }, "geometry": { "type": "Point", "coordinates": [ 36.9172015, 53.4705085 ] } },
{ "type": "Feature", "properties": { "name": "Есино-Гать", "is_admin_centre_district": false }, "geometry": { "type": "Point", "coordinates": [ 37.0350846, 53.5296481 ] } },
{ "type": "Feature", "properties": { "name": "Западное", "is_admin_centre_district": false }, "geometry": { "type": "Point", "coordinates": [ 37.0769968, 53.5187351 ] } },
{ "type": "Feature", "properties": { "name": "Леонтьево", "is_admin_centre_district": false }, "geometry": { "type": "Point", "coordinates": [ 37.1280232, 53.5181546 ] } },
{ "type": "Feature", "properties": { "name": "Льва Толстого", "is_admin_centre_district": false }, "geometry": { "type": "Point", "coordinates": [ 37.0164164, 53.5438607 ] } },
{ "type": "Feature", "properties": { "name": "Максима Горького", "is_admin_centre_district": false }, "geometry": { "type": "Point", "coordinates": [ 37.1109965, 53.5435228 ] } },
{ "type": "Feature", "properties": { "name": "Михайловка", "is_admin_centre_district": false }, "geometry": { "type": "Point", "coordinates": [ 37.0931705, 53.5896286 ] } },
{ "type": "Feature", "properties": { "name": "Подгорный", "is_admin_centre_district": false }, "geometry": { "type": "Point", "coordinates": [ 37.0394244, 53.5011511 ] } },
{ "type": "Feature", "properties": { "name": "Поповка 2-я", "is_admin_centre_district": false }, "geometry": { "type": "Point", "coordinates": [ 37.0739498, 53.5276328 ] } },
{ "type": "Feature", "properties": { "name": "Слободка", "is_admin_centre_district": false }, "geometry": { "type": "Point", "coordinates": [ 36.9899001, 53.5179186 ] } },
{ "type": "Feature", "properties": { "name": "Степные Выселки", "is_admin_centre_district": false }, "geometry": { "type": "Point", "coordinates": [ 37.0722493, 53.5790178 ] } },
{ "type": "Feature", "properties": { "name": "Темное", "is_admin_centre_district": false }, "geometry": { "type": "Point", "coordinates": [ 36.9896641, 53.52968 ] } },
{ "type": "Feature", "properties": { "name": "Агничное", "is_admin_centre_district": false }, "geometry": { "type": "Point", "coordinates": [ 37.0155581, 53.4810252 ] } },
{ "type": "Feature", "properties": { "name": "Девочкино", "is_admin_centre_district": false }, "geometry": { "type": "Point", "coordinates": [ 36.9309988, 53.4923309 ] } },
{ "type": "Feature", "properties": { "name": "Орлик", "is_admin_centre_district": false }, "geometry": { "type": "Point", "coordinates": [ 37.0055159, 53.4954775 ] } },
{ "type": "Feature", "properties": { "name": "Воскресеновка", "is_admin_centre_district": false }, "geometry": { "type": "Point", "coordinates": [ 37.0967184, 53.4828041 ] } },
{ "type": "Feature", "properties": { "name": "Дубки", "is_admin_centre_district": false }, "geometry": { "type": "Point", "coordinates": [ 37.1318902, 53.4440526 ] } },
{ "type": "Feature", "properties": { "name": "Малый Конь", "is_admin_centre_district": false }, "geometry": { "type": "Point", "coordinates": [ 37.019503, 53.4362814 ] } },
{ "type": "Feature", "properties": { "name": "Сукманово 1", "is_admin_centre_district": false }, "geometry": { "type": "Point", "coordinates": [ 37.0920836, 53.4882177 ] } },
{ "type": "Feature", "properties": { "name": "Сукманово 2", "is_admin_centre_district": false }, "geometry": { "type": "Point", "coordinates": [ 37.0835434, 53.4890858 ] } },
{ "type": "Feature", "properties": { "name": "Сукманово 3", "is_admin_centre_district": false }, "geometry": { "type": "Point", "coordinates": [ 37.0866977, 53.4844385 ] } },
{ "type": "Feature", "properties": { "name": "Зарница", "is_admin_centre_district": false }, "geometry": { "type": "Point", "coordinates": [ 36.8516895, 53.5083906 ] } },
{ "type": "Feature", "properties": { "name": "Красные Камушки", "is_admin_centre_district": false }, "geometry": { "type": "Point", "coordinates": [ 36.8121014, 53.5239208 ] } },
{ "type": "Feature", "properties": { "name": "Ленина 1", "is_admin_centre_district": false }, "geometry": { "type": "Point", "coordinates": [ 37.0331468, 53.573376 ] } },
{ "type": "Feature", "properties": { "name": "Майский", "is_admin_centre_district": false }, "geometry": { "type": "Point", "coordinates": [ 37.0283564, 53.596291 ] } },
{ "type": "Feature", "properties": { "name": "Малое Скуратово", "is_admin_centre_district": false }, "geometry": { "type": "Point", "coordinates": [ 36.9993761, 53.5584363 ] } },
{ "type": "Feature", "properties": { "name": "Малое Федулово", "is_admin_centre_district": false }, "geometry": { "type": "Point", "coordinates": [ 37.0024453, 53.5799742 ] } },
{ "type": "Feature", "properties": { "name": "Медведки", "is_admin_centre_district": false }, "geometry": { "type": "Point", "coordinates": [ 36.97953, 53.5940703 ] } },
{ "type": "Feature", "properties": { "name": "Наумовка", "is_admin_centre_district": false }, "geometry": { "type": "Point", "coordinates": [ 37.0808446, 53.5997607 ] } },
{ "type": "Feature", "properties": { "name": "Покровское", "is_admin_centre_district": false }, "geometry": { "type": "Point", "coordinates": [ 36.8112026, 53.4917707 ] } },
{ "type": "Feature", "properties": { "name": "Снежедь 2", "is_admin_centre_district": false }, "geometry": { "type": "Point", "coordinates": [ 36.8246228, 53.5229612 ] } },
{ "type": "Feature", "properties": { "name": "Снежедь 1", "is_admin_centre_district": false }, "geometry": { "type": "Point", "coordinates": [ 36.801194, 53.5004196 ] } },
{ "type": "Feature", "properties": { "name": "Сосновка", "is_admin_centre_district": false }, "geometry": { "type": "Point", "coordinates": [ 36.9009071, 53.5216091 ] } },
{ "type": "Feature", "properties": { "name": "Степной", "is_admin_centre_district": false }, "geometry": { "type": "Point", "coordinates": [ 37.0420517, 53.5954492 ] } },
{ "type": "Feature", "properties": { "name": "Федоровка", "is_admin_centre_district": false }, "geometry": { "type": "Point", "coordinates": [ 37.0138051, 53.5917915 ] } },
{ "type": "Feature", "properties": { "name": "Хитрово", "is_admin_centre_district": false }, "geometry": { "type": "Point", "coordinates": [ 36.8168989, 53.5096287 ] } },
{ "type": "Feature", "properties": { "name": "Звезда", "is_admin_centre_district": false }, "geometry": { "type": "Point", "coordinates": [ 36.8695087, 53.5301393 ] } },
{ "type": "Feature", "properties": { "name": "Михайловка 1", "is_admin_centre_district": false }, "geometry": { "type": "Point", "coordinates": [ 36.8493723, 53.5473944 ] } },
{ "type": "Feature", "properties": { "name": "Синегубово 1", "is_admin_centre_district": false }, "geometry": { "type": "Point", "coordinates": [ 36.7630343, 53.5505589 ] } },
{ "type": "Feature", "properties": { "name": "Синегубово 2", "is_admin_centre_district": false }, "geometry": { "type": "Point", "coordinates": [ 36.7725971, 53.5509532 ] } },
{ "type": "Feature", "properties": { "name": "Синегубово 3", "is_admin_centre_district": false }, "geometry": { "type": "Point", "coordinates": [ 36.7751331, 53.5535077 ] } },
{ "type": "Feature", "properties": { "name": "Щетинино 1", "is_admin_centre_district": false }, "geometry": { "type": "Point", "coordinates": [ 36.8034042, 53.5764277 ] } },
{ "type": "Feature", "properties": { "name": "Щетинино 2", "is_admin_centre_district": false }, "geometry": { "type": "Point", "coordinates": [ 36.7877376, 53.574595 ] } },
{ "type": "Feature", "properties": { "name": "Щетинино 3", "is_admin_centre_district": false }, "geometry": { "type": "Point", "coordinates": [ 36.7938175, 53.5793317 ] } },
{ "type": "Feature", "properties": { "name": "Ленина 2", "is_admin_centre_district": false }, "geometry": { "type": "Point", "coordinates": [ 37.055856, 53.5722461 ] } },
{ "type": "Feature", "properties": { "name": "Бредихино 2-е", "is_admin_centre_district": false }, "geometry": { "type": "Point", "coordinates": [ 36.8750323, 53.3762249 ] } },
{ "type": "Feature", "properties": { "name": "Гуньково", "is_admin_centre_district": false }, "geometry": { "type": "Point", "coordinates": [ 36.8096568, 53.4499715 ] } },
{ "type": "Feature", "properties": { "name": "Ильинка", "is_admin_centre_district": false }, "geometry": { "type": "Point", "coordinates": [ 36.8461932, 53.4537048 ] } },
{ "type": "Feature", "properties": { "name": "Николо-Вяземское", "is_admin_centre_district": false }, "geometry": { "type": "Point", "coordinates": [ 36.819813, 53.311302 ] } },
{ "type": "Feature", "properties": { "name": "Облучье", "is_admin_centre_district": false }, "geometry": { "type": "Point", "coordinates": [ 36.8865056, 53.3823007 ] } },
{ "type": "Feature", "properties": { "name": "Спасское", "is_admin_centre_district": false }, "geometry": { "type": "Point", "coordinates": [ 36.8586441, 53.436859 ] } },
{ "type": "Feature", "properties": { "name": "Филатьево", "is_admin_centre_district": false }, "geometry": { "type": "Point", "coordinates": [ 36.8026294, 53.4409234 ] } },
{ "type": "Feature", "properties": { "name": "Хмелевая", "is_admin_centre_district": false }, "geometry": { "type": "Point", "coordinates": [ 36.8276224, 53.4622251 ] } },
{ "type": "Feature", "properties": { "name": "Ясный Уголок", "is_admin_centre_district": false }, "geometry": { "type": "Point", "coordinates": [ 36.8798865, 53.4269307 ] } },
{ "type": "Feature", "properties": { "name": "Гринево", "is_admin_centre_district": false }, "geometry": { "type": "Point", "coordinates": [ 36.7459059, 53.3371269 ] } },
{ "type": "Feature", "properties": { "name": "Богослово", "is_admin_centre_district": false }, "geometry": { "type": "Point", "coordinates": [ 36.7085951, 53.3562617 ] } },
{ "type": "Feature", "properties": { "name": "Каверино", "is_admin_centre_district": false }, "geometry": { "type": "Point", "coordinates": [ 36.7788287, 53.3918884 ] } },
{ "type": "Feature", "properties": { "name": "Кукуевка", "is_admin_centre_district": false }, "geometry": { "type": "Point", "coordinates": [ 36.6983511, 53.3679081 ] } },
{ "type": "Feature", "properties": { "name": "Льгово", "is_admin_centre_district": false }, "geometry": { "type": "Point", "coordinates": [ 36.7921673, 53.4069889 ] } },
{ "type": "Feature", "properties": { "name": "Ползиково", "is_admin_centre_district": false }, "geometry": { "type": "Point", "coordinates": [ 36.7306775, 53.3904277 ] } },
{ "type": "Feature", "properties": { "name": "Старухино", "is_admin_centre_district": false }, "geometry": { "type": "Point", "coordinates": [ 36.7232981, 53.3801369 ] } },
{ "type": "Feature", "properties": { "name": "Хмелины", "is_admin_centre_district": false }, "geometry": { "type": "Point", "coordinates": [ 36.7697818, 53.3813855 ] } },
{ "type": "Feature", "properties": { "name": "Первомайский", "is_admin_centre_district": false }, "geometry": { "type": "Point", "coordinates": [ 36.8634421, 53.6698412 ] } },
{ "type": "Feature", "properties": { "name": "Истьино", "is_admin_centre_district": false }, "geometry": { "type": "Point", "coordinates": [ 36.8913182, 53.6732333 ] } },
{ "type": "Feature", "properties": { "name": "Ивановка 2-я", "is_admin_centre_district": false }, "geometry": { "type": "Point", "coordinates": [ 36.9269808, 53.6612719 ] } },
{ "type": "Feature", "properties": { "name": "Новая Локна", "is_admin_centre_district": false }, "geometry": { "type": "Point", "coordinates": [ 37.1002078, 53.6543675 ] } },
{ "type": "Feature", "properties": { "name": "Никольское-2", "is_admin_centre_district": false }, "geometry": { "type": "Point", "coordinates": [ 37.1185112, 53.6539859 ] } },
{ "type": "Feature", "properties": { "name": "Селезнёво", "is_admin_centre_district": false }, "geometry": { "type": "Point", "coordinates": [ 37.1147785, 53.6092702 ] } },
{ "type": "Feature", "properties": { "name": "Румянцевский", "is_admin_centre_district": false }, "geometry": { "type": "Point", "coordinates": [ 37.1201527, 53.5965546 ] } },
{ "type": "Feature", "properties": { "name": "Юсупово", "is_admin_centre_district": false }, "geometry": { "type": "Point", "coordinates": [ 37.0145022, 53.693489 ] } },
{ "type": "Feature", "properties": { "name": "Арсеньево", "is_admin_centre_district": false }, "geometry": { "type": "Point", "coordinates": [ 37.0347404, 53.6961475 ] } },
{ "type": "Feature", "properties": { "name": "Выползово", "is_admin_centre_district": false }, "geometry": { "type": "Point", "coordinates": [ 36.8816936, 53.5104459 ] } },
{ "type": "Feature", "properties": { "name": "Чернь", "is_admin_centre_district": false }, "geometry": { "type": "Point", "coordinates": [ 36.7882347, 53.4328464 ] } },
{ "type": "Feature", "properties": { "name": "Чаплыгино", "is_admin_centre_district": false }, "geometry": { "type": "Point", "coordinates": [ 36.7141517, 53.5054085 ] } },
{ "type": "Feature", "properties": { "name": "Синюково", "is_admin_centre_district": false }, "geometry": { "type": "Point", "coordinates": [ 36.8402559, 53.3265549 ] } },
{ "type": "Feature", "properties": { "name": "Никольское", "is_admin_centre_district": false }, "geometry": { "type": "Point", "coordinates": [ 36.7051818, 53.4934528 ] } },
{ "type": "Feature", "properties": { "name": "Красное Тургенево", "is_admin_centre_district": false }, "geometry": { "type": "Point", "coordinates": [ 36.725994, 53.4709272 ] } },
{ "type": "Feature", "properties": { "name": "Велевашево", "is_admin_centre_district": false }, "geometry": { "type": "Point", "coordinates": [ 36.7042197, 53.482192 ] } },
{ "type": "Feature", "properties": { "name": "Большое Кондаурово", "is_admin_centre_district": false }, "geometry": { "type": "Point", "coordinates": [ 36.645509, 53.5140187 ] } },
{ "type": "Feature", "properties": { "name": "Малое Кондаурово", "is_admin_centre_district": false }, "geometry": { "type": "Point", "coordinates": [ 36.6622138, 53.511454 ] } },
{ "type": "Feature", "properties": { "name": "Толстая Дубрава", "is_admin_centre_district": false }, "geometry": { "type": "Point", "coordinates": [ 37.0131616, 53.6346351 ] } },
{ "type": "Feature", "properties": { "name": "Новоселок", "is_admin_centre_district": false }, "geometry": { "type": "Point", "coordinates": [ 36.7376441, 53.4742062 ] } },
{ "type": "Feature", "properties": { "name": "Успенское", "is_admin_centre_district": false }, "geometry": { "type": "Point", "coordinates": [ 37.0244407, 53.3419176 ] } },
{ "type": "Feature", "properties": { "name": "Одоев", "is_admin_centre_district": false }, "geometry": { "type": "Point", "coordinates": [ 36.687901, 53.936798 ] } },
{ "type": "Feature", "properties": { "name": "Филимоново", "is_admin_centre_district": false }, "geometry": { "type": "Point", "coordinates": [ 36.7685108, 53.9708618 ] } },
{ "type": "Feature", "properties": { "name": "Красенки", "is_admin_centre_district": false }, "geometry": { "type": "Point", "coordinates": [ 36.7804668, 53.9715261 ] } },
{ "type": "Feature", "properties": { "name": "Татьево", "is_admin_centre_district": false }, "geometry": { "type": "Point", "coordinates": [ 36.7519306, 53.9782913 ] } },
{ "type": "Feature", "properties": { "name": "Нестерово", "is_admin_centre_district": false }, "geometry": { "type": "Point", "coordinates": [ 36.7363477, 53.9929041 ] } },
{ "type": "Feature", "properties": { "name": "Новый Городок", "is_admin_centre_district": false }, "geometry": { "type": "Point", "coordinates": [ 36.7244349, 53.9729721 ] } },
{ "type": "Feature", "properties": { "name": "Мишенское", "is_admin_centre_district": false }, "geometry": { "type": "Point", "coordinates": [ 36.7946308, 53.9627055 ] } },
{ "type": "Feature", "properties": { "name": "Никольские Выселки", "is_admin_centre_district": false }, "geometry": { "type": "Point", "coordinates": [ 36.8617934, 54.0208359 ] } },
{ "type": "Feature", "properties": { "name": "Вялино", "is_admin_centre_district": false }, "geometry": { "type": "Point", "coordinates": [ 36.9163233, 54.0196927 ] } },
{ "type": "Feature", "properties": { "name": "Шатово", "is_admin_centre_district": false }, "geometry": { "type": "Point", "coordinates": [ 36.9374767, 54.0210907 ] } },
{ "type": "Feature", "properties": { "name": "Павлицкий", "is_admin_centre_district": false }, "geometry": { "type": "Point", "coordinates": [ 36.9696355, 54.0355702 ] } },
{ "type": "Feature", "properties": { "name": "Радуговище", "is_admin_centre_district": false }, "geometry": { "type": "Point", "coordinates": [ 36.995147, 54.0305488 ] } },
{ "type": "Feature", "properties": { "name": "Лужное", "is_admin_centre_district": false }, "geometry": { "type": "Point", "coordinates": [ 37.0674506, 54.0802351 ] } },
{ "type": "Feature", "properties": { "name": "Кузьмино-Кропоткино", "is_admin_centre_district": false }, "geometry": { "type": "Point", "coordinates": [ 37.0800974, 54.0241854 ] } },
{ "type": "Feature", "properties": { "name": "Апухтино", "is_admin_centre_district": false }, "geometry": { "type": "Point", "coordinates": [ 36.7009536, 53.9796973 ] } },
{ "type": "Feature", "properties": { "name": "Красное", "is_admin_centre_district": false }, "geometry": { "type": "Point", "coordinates": [ 36.687859, 53.967419 ] } },
{ "type": "Feature", "properties": { "name": "Анастасово", "is_admin_centre_district": false }, "geometry": { "type": "Point", "coordinates": [ 36.719254, 53.949291 ] } },
{ "type": "Feature", "properties": { "name": "Нижний Посад", "is_admin_centre_district": false }, "geometry": { "type": "Point", "coordinates": [ 36.694443, 53.951508 ] } },
{ "type": "Feature", "properties": { "name": "Северо-Ватцевское лесничество", "is_admin_centre_district": false }, "geometry": { "type": "Point", "coordinates": [ 36.577048, 54.050538 ] } },
{ "type": "Feature", "properties": { "name": "Говоренки", "is_admin_centre_district": false }, "geometry": { "type": "Point", "coordinates": [ 36.6027603, 54.0289388 ] } },
{ "type": "Feature", "properties": { "name": "Новоархангельский", "is_admin_centre_district": false }, "geometry": { "type": "Point", "coordinates": [ 36.6619126, 54.000513 ] } },
{ "type": "Feature", "properties": { "name": "Северо-Одоевское лесничество", "is_admin_centre_district": false }, "geometry": { "type": "Point", "coordinates": [ 36.7771417, 54.0080583 ] } },
{ "type": "Feature", "properties": { "name": "Глинищи", "is_admin_centre_district": false }, "geometry": { "type": "Point", "coordinates": [ 36.7348381, 54.0309195 ] } },
{ "type": "Feature", "properties": { "name": "Кирилловка", "is_admin_centre_district": false }, "geometry": { "type": "Point", "coordinates": [ 36.7179022, 54.0594228 ] } },
{ "type": "Feature", "properties": { "name": "Павловка", "is_admin_centre_district": false }, "geometry": { "type": "Point", "coordinates": [ 36.7389992, 54.0567974 ] } },
{ "type": "Feature", "properties": { "name": "Зыбино", "is_admin_centre_district": false }, "geometry": { "type": "Point", "coordinates": [ 36.7380738, 54.0267208 ] } },
{ "type": "Feature", "properties": { "name": "Сорокино", "is_admin_centre_district": false }, "geometry": { "type": "Point", "coordinates": [ 36.7474826, 54.033811 ] } },
{ "type": "Feature", "properties": { "name": "Высокое", "is_admin_centre_district": false }, "geometry": { "type": "Point", "coordinates": [ 36.7396171, 54.0701594 ] } },
{ "type": "Feature", "properties": { "name": "Денисово", "is_admin_centre_district": false }, "geometry": { "type": "Point", "coordinates": [ 36.592821, 54.0365724 ] } },
{ "type": "Feature", "properties": { "name": "Юшково", "is_admin_centre_district": false }, "geometry": { "type": "Point", "coordinates": [ 36.6558152, 54.0287503 ] } },
{ "type": "Feature", "properties": { "name": "Окороково", "is_admin_centre_district": false }, "geometry": { "type": "Point", "coordinates": [ 36.6687316, 54.0365772 ] } },
{ "type": "Feature", "properties": { "name": "Ореховский", "is_admin_centre_district": false }, "geometry": { "type": "Point", "coordinates": [ 36.6010996, 54.0530426 ] } },
{ "type": "Feature", "properties": { "name": "Лужки", "is_admin_centre_district": false }, "geometry": { "type": "Point", "coordinates": [ 36.6781029, 54.0626447 ] } },
{ "type": "Feature", "properties": { "name": "Кузьменки", "is_admin_centre_district": false }, "geometry": { "type": "Point", "coordinates": [ 36.7501643, 54.0479809 ] } },
{ "type": "Feature", "properties": { "name": "Ленино", "is_admin_centre_district": false }, "geometry": { "type": "Point", "coordinates": [ 36.5336326, 53.9837876 ] } },
{ "type": "Feature", "properties": { "name": "Батьково", "is_admin_centre_district": false }, "geometry": { "type": "Point", "coordinates": [ 36.5546894, 54.0358135 ] } },
{ "type": "Feature", "properties": { "name": "Аниковка", "is_admin_centre_district": false }, "geometry": { "type": "Point", "coordinates": [ 36.5743011, 54.0231387 ] } },
{ "type": "Feature", "properties": { "name": "Болотское", "is_admin_centre_district": false }, "geometry": { "type": "Point", "coordinates": [ 36.6295812, 53.967927 ] } },
{ "type": "Feature", "properties": { "name": "Зелёная Горка", "is_admin_centre_district": false }, "geometry": { "type": "Point", "coordinates": [ 36.7827805, 53.9945993 ] } },
{ "type": "Feature", "properties": { "name": "Слободка", "is_admin_centre_district": false }, "geometry": { "type": "Point", "coordinates": [ 36.9006005, 53.9445373 ] } },
{ "type": "Feature", "properties": { "name": "Павловское", "is_admin_centre_district": false }, "geometry": { "type": "Point", "coordinates": [ 36.847878, 53.965481 ] } },
{ "type": "Feature", "properties": { "name": "Прудки", "is_admin_centre_district": false }, "geometry": { "type": "Point", "coordinates": [ 36.9329579, 53.9532956 ] } },
{ "type": "Feature", "properties": { "name": "Рождествено", "is_admin_centre_district": false }, "geometry": { "type": "Point", "coordinates": [ 36.9474556, 53.9591307 ] } },
{ "type": "Feature", "properties": { "name": "Прокудино", "is_admin_centre_district": false }, "geometry": { "type": "Point", "coordinates": [ 36.9585142, 53.9499258 ] } },
{ "type": "Feature", "properties": { "name": "Козюлькино", "is_admin_centre_district": false }, "geometry": { "type": "Point", "coordinates": [ 36.9600517, 53.9613104 ] } },
{ "type": "Feature", "properties": { "name": "Майково", "is_admin_centre_district": false }, "geometry": { "type": "Point", "coordinates": [ 36.9797997, 53.9540291 ] } },
{ "type": "Feature", "properties": { "name": "Каменка", "is_admin_centre_district": false }, "geometry": { "type": "Point", "coordinates": [ 37.007549, 53.9607434 ] } },
{ "type": "Feature", "properties": { "name": "Каменские Выселки", "is_admin_centre_district": false }, "geometry": { "type": "Point", "coordinates": [ 37.0250829, 53.945202 ] } },
{ "type": "Feature", "properties": { "name": "Старое Русаново", "is_admin_centre_district": false }, "geometry": { "type": "Point", "coordinates": [ 37.0548873, 53.9515929 ] } },
{ "type": "Feature", "properties": { "name": "Большое Тризново", "is_admin_centre_district": false }, "geometry": { "type": "Point", "coordinates": [ 37.0971513, 53.9537348 ] } },
{ "type": "Feature", "properties": { "name": "Ильинское", "is_admin_centre_district": false }, "geometry": { "type": "Point", "coordinates": [ 36.8163498, 53.9434635 ] } },
{ "type": "Feature", "properties": { "name": "Жемчужниково", "is_admin_centre_district": false }, "geometry": { "type": "Point", "coordinates": [ 36.8125307, 53.9340575 ] } },
{ "type": "Feature", "properties": { "name": "Жердево", "is_admin_centre_district": false }, "geometry": { "type": "Point", "coordinates": [ 37.1130925, 53.9383146 ] } },
{ "type": "Feature", "properties": { "name": "Головинское", "is_admin_centre_district": false }, "geometry": { "type": "Point", "coordinates": [ 36.745978, 53.939891 ] } },
{ "type": "Feature", "properties": { "name": "Дорогонка", "is_admin_centre_district": false }, "geometry": { "type": "Point", "coordinates": [ 36.893475, 53.937477 ] } },
{ "type": "Feature", "properties": { "name": "Хмелевичи", "is_admin_centre_district": false }, "geometry": { "type": "Point", "coordinates": [ 36.8079366, 53.9461823 ] } },
{ "type": "Feature", "properties": { "name": "Левенское", "is_admin_centre_district": false }, "geometry": { "type": "Point", "coordinates": [ 37.0253814, 53.9368705 ] } },
{ "type": "Feature", "properties": { "name": "Завалово", "is_admin_centre_district": false }, "geometry": { "type": "Point", "coordinates": [ 36.9173127, 53.9517883 ] } },
{ "type": "Feature", "properties": { "name": "Ченцовы Дворы", "is_admin_centre_district": false }, "geometry": { "type": "Point", "coordinates": [ 36.9994637, 53.9212657 ] } },
{ "type": "Feature", "properties": { "name": "Холяпино", "is_admin_centre_district": false }, "geometry": { "type": "Point", "coordinates": [ 36.9410247, 53.9425828 ] } },
{ "type": "Feature", "properties": { "name": "Октябрьский", "is_admin_centre_district": false }, "geometry": { "type": "Point", "coordinates": [ 36.957838, 53.7237999 ] } },
{ "type": "Feature", "properties": { "name": "Сычевка", "is_admin_centre_district": false }, "geometry": { "type": "Point", "coordinates": [ 36.7824113, 53.7482174 ] } },
{ "type": "Feature", "properties": { "name": "Малое Тризново", "is_admin_centre_district": false }, "geometry": { "type": "Point", "coordinates": [ 37.0503595, 53.9697534 ] } },
{ "type": "Feature", "properties": { "name": "Снедка", "is_admin_centre_district": false }, "geometry": { "type": "Point", "coordinates": [ 36.8265761, 53.9612838 ] } },
{ "type": "Feature", "properties": { "name": "Кошкино", "is_admin_centre_district": false }, "geometry": { "type": "Point", "coordinates": [ 36.5802878, 53.9650325 ] } },
{ "type": "Feature", "properties": { "name": "Николо-Жупань", "is_admin_centre_district": false }, "geometry": { "type": "Point", "coordinates": [ 36.646469, 53.956711 ] } },
{ "type": "Feature", "properties": { "name": "Петровское", "is_admin_centre_district": false }, "geometry": { "type": "Point", "coordinates": [ 36.5397797, 53.9359799 ] } },
{ "type": "Feature", "properties": { "name": "Сидорово", "is_admin_centre_district": false }, "geometry": { "type": "Point", "coordinates": [ 36.5457441, 53.9592672 ] } },
{ "type": "Feature", "properties": { "name": "Скомонтово", "is_admin_centre_district": false }, "geometry": { "type": "Point", "coordinates": [ 36.5334333, 53.9750479 ] } },
{ "type": "Feature", "properties": { "name": "Боброво", "is_admin_centre_district": false }, "geometry": { "type": "Point", "coordinates": [ 36.650606, 53.7015511 ] } },
{ "type": "Feature", "properties": { "name": "Малое Захарово", "is_admin_centre_district": false }, "geometry": { "type": "Point", "coordinates": [ 36.6049823, 53.6918851 ] } },
{ "type": "Feature", "properties": { "name": "Нариманово", "is_admin_centre_district": false }, "geometry": { "type": "Point", "coordinates": [ 36.5772557, 53.7137223 ] } },
{ "type": "Feature", "properties": { "name": "Рахлеево", "is_admin_centre_district": false }, "geometry": { "type": "Point", "coordinates": [ 36.5699325, 53.7622557 ] } },
{ "type": "Feature", "properties": { "name": "Савенки", "is_admin_centre_district": false }, "geometry": { "type": "Point", "coordinates": [ 36.6133376, 53.7003849 ] } },
{ "type": "Feature", "properties": { "name": "Сомово", "is_admin_centre_district": false }, "geometry": { "type": "Point", "coordinates": [ 36.518249, 53.8616202 ] } },
{ "type": "Feature", "properties": { "name": "Стромок", "is_admin_centre_district": false }, "geometry": { "type": "Point", "coordinates": [ 36.5597584, 53.7727598 ] } },
{ "type": "Feature", "properties": { "name": "Рылево", "is_admin_centre_district": false }, "geometry": { "type": "Point", "coordinates": [ 36.8372152, 53.849151 ] } },
{ "type": "Feature", "properties": { "name": "Стрелецкий", "is_admin_centre_district": false }, "geometry": { "type": "Point", "coordinates": [ 36.6413689, 53.7878634 ] } },
{ "type": "Feature", "properties": { "name": "Богородицкое", "is_admin_centre_district": false }, "geometry": { "type": "Point", "coordinates": [ 36.981885, 54.0196109 ] } },
{ "type": "Feature", "properties": { "name": "Екатерининка", "is_admin_centre_district": false }, "geometry": { "type": "Point", "coordinates": [ 36.9430383, 54.0584223 ] } },
{ "type": "Feature", "properties": { "name": "Сидоровка", "is_admin_centre_district": false }, "geometry": { "type": "Point", "coordinates": [ 36.9660757, 54.061873 ] } },
{ "type": "Feature", "properties": { "name": "Храбрищево", "is_admin_centre_district": false }, "geometry": { "type": "Point", "coordinates": [ 37.037867, 54.0562787 ] } },
{ "type": "Feature", "properties": { "name": "Арсеньево", "is_admin_centre_district": true }, "geometry": { "type": "Point", "coordinates": [ 36.6620997, 53.7357884 ] } },
{ "type": "Feature", "properties": { "name": "Скобачево", "is_admin_centre_district": false }, "geometry": { "type": "Point", "coordinates": [ 37.0238393, 53.8729613 ] } },
{ "type": "Feature", "properties": { "name": "Крупец", "is_admin_centre_district": false }, "geometry": { "type": "Point", "coordinates": [ 36.6111321, 53.9696074 ] } },
{ "type": "Feature", "properties": { "name": "Минино", "is_admin_centre_district": false }, "geometry": { "type": "Point", "coordinates": [ 37.0264596, 54.012136 ] } },
{ "type": "Feature", "properties": { "name": "Шушково", "is_admin_centre_district": false }, "geometry": { "type": "Point", "coordinates": [ 37.0216745, 54.0055537 ] } },
{ "type": "Feature", "properties": { "name": "Кузьмино-Доможирово", "is_admin_centre_district": false }, "geometry": { "type": "Point", "coordinates": [ 37.0706669, 54.0230451 ] } },
{ "type": "Feature", "properties": { "name": "Арсеньево", "is_admin_centre_district": false }, "geometry": { "type": "Point", "coordinates": [ 37.0592553, 54.0369533 ] } },
{ "type": "Feature", "properties": { "name": "Брусна", "is_admin_centre_district": false }, "geometry": { "type": "Point", "coordinates": [ 36.623653, 53.945274 ] } },
{ "type": "Feature", "properties": { "name": "Прилепы", "is_admin_centre_district": false }, "geometry": { "type": "Point", "coordinates": [ 36.6547614, 53.7121835 ] } },
{ "type": "Feature", "properties": { "name": "Полуэктово", "is_admin_centre_district": false }, "geometry": { "type": "Point", "coordinates": [ 36.6120136, 53.7476555 ] } },
{ "type": "Feature", "properties": { "name": "Елизаветино-Блиновка", "is_admin_centre_district": false }, "geometry": { "type": "Point", "coordinates": [ 36.8199539, 53.7385916 ] } },
{ "type": "Feature", "properties": { "name": "Дубрава", "is_admin_centre_district": false }, "geometry": { "type": "Point", "coordinates": [ 36.8717012, 53.7405549 ] } },
{ "type": "Feature", "properties": { "name": "Гольтяево", "is_admin_centre_district": false }, "geometry": { "type": "Point", "coordinates": [ 36.6231179, 53.7497278 ] } },
{ "type": "Feature", "properties": { "name": "Аненково", "is_admin_centre_district": false }, "geometry": { "type": "Point", "coordinates": [ 36.6028485, 53.7487605 ] } },
{ "type": "Feature", "properties": { "name": "Нивны", "is_admin_centre_district": false }, "geometry": { "type": "Point", "coordinates": [ 36.6581762, 53.7662004 ] } },
{ "type": "Feature", "properties": { "name": "Мизгея", "is_admin_centre_district": false }, "geometry": { "type": "Point", "coordinates": [ 36.5891397, 53.7925265 ] } },
{ "type": "Feature", "properties": { "name": "Верхнее Касимово", "is_admin_centre_district": false }, "geometry": { "type": "Point", "coordinates": [ 36.571913, 53.8208085 ] } },
{ "type": "Feature", "properties": { "name": "Малое Касимово", "is_admin_centre_district": false }, "geometry": { "type": "Point", "coordinates": [ 36.565108, 53.8194152 ] } },
{ "type": "Feature", "properties": { "name": "Амутна Дрель", "is_admin_centre_district": false }, "geometry": { "type": "Point", "coordinates": [ 36.5695761, 53.8146165 ] } },
{ "type": "Feature", "properties": { "name": "Ивановское", "is_admin_centre_district": false }, "geometry": { "type": "Point", "coordinates": [ 36.70677, 53.7554458 ] } },
{ "type": "Feature", "properties": { "name": "Докукино", "is_admin_centre_district": false }, "geometry": { "type": "Point", "coordinates": [ 36.7378882, 53.7621368 ] } },
{ "type": "Feature", "properties": { "name": "Островский", "is_admin_centre_district": false }, "geometry": { "type": "Point", "coordinates": [ 37.0447435, 54.0164208 ] } },
{ "type": "Feature", "properties": { "name": "Большое Сонино", "is_admin_centre_district": false }, "geometry": { "type": "Point", "coordinates": [ 36.5448124, 53.8468795 ] } },
{ "type": "Feature", "properties": { "name": "Нижнее Покровское", "is_admin_centre_district": false }, "geometry": { "type": "Point", "coordinates": [ 36.5500255, 53.8398761 ] } },
{ "type": "Feature", "properties": { "name": "Шмелевка", "is_admin_centre_district": false }, "geometry": { "type": "Point", "coordinates": [ 36.7172522, 53.7279592 ] } },
{ "type": "Feature", "properties": { "name": "Выковка", "is_admin_centre_district": false }, "geometry": { "type": "Point", "coordinates": [ 36.7460653, 53.7148423 ] } },
{ "type": "Feature", "properties": { "name": "Астапово", "is_admin_centre_district": false }, "geometry": { "type": "Point", "coordinates": [ 36.680864, 53.7518903 ] } },
{ "type": "Feature", "properties": { "name": "Ботвиньево", "is_admin_centre_district": false }, "geometry": { "type": "Point", "coordinates": [ 36.9823226, 53.8005183 ] } },
{ "type": "Feature", "properties": { "name": "Архангельское", "is_admin_centre_district": false }, "geometry": { "type": "Point", "coordinates": [ 37.0831312, 53.8557967 ] } },
{ "type": "Feature", "properties": { "name": "Малое Сонино", "is_admin_centre_district": false }, "geometry": { "type": "Point", "coordinates": [ 36.5485926, 53.856369 ] } },
{ "type": "Feature", "properties": { "name": "Никулино", "is_admin_centre_district": false }, "geometry": { "type": "Point", "coordinates": [ 36.5312176, 53.8725924 ] } },
{ "type": "Feature", "properties": { "name": "Новая Дмитриевка", "is_admin_centre_district": false }, "geometry": { "type": "Point", "coordinates": [ 36.5359775, 53.8762016 ] } },
{ "type": "Feature", "properties": { "name": "Красноколье", "is_admin_centre_district": false }, "geometry": { "type": "Point", "coordinates": [ 36.5748376, 53.8896298 ] } },
{ "type": "Feature", "properties": { "name": "Рассыльная Слобода", "is_admin_centre_district": false }, "geometry": { "type": "Point", "coordinates": [ 36.613687, 53.8876196 ] } },
{ "type": "Feature", "properties": { "name": "Площадский", "is_admin_centre_district": false }, "geometry": { "type": "Point", "coordinates": [ 36.6429173, 53.8811899 ] } },
{ "type": "Feature", "properties": { "name": "Калиновка", "is_admin_centre_district": false }, "geometry": { "type": "Point", "coordinates": [ 36.6693368, 53.8662946 ] } },
{ "type": "Feature", "properties": { "name": "Какуренка", "is_admin_centre_district": false }, "geometry": { "type": "Point", "coordinates": [ 36.6109398, 53.9082611 ] } },
{ "type": "Feature", "properties": { "name": "Александровка", "is_admin_centre_district": false }, "geometry": { "type": "Point", "coordinates": [ 36.5987194, 53.9117735 ] } },
{ "type": "Feature", "properties": { "name": "Маловель", "is_admin_centre_district": false }, "geometry": { "type": "Point", "coordinates": [ 36.6001513, 53.9210341 ] } },
{ "type": "Feature", "properties": { "name": "Колышкино", "is_admin_centre_district": false }, "geometry": { "type": "Point", "coordinates": [ 36.584851, 54.0010319 ] } },
{ "type": "Feature", "properties": { "name": "Пчельня", "is_admin_centre_district": false }, "geometry": { "type": "Point", "coordinates": [ 36.6920251, 53.87552 ] } },
{ "type": "Feature", "properties": { "name": "Немцово", "is_admin_centre_district": false }, "geometry": { "type": "Point", "coordinates": [ 36.7167877, 53.8635434 ] } },
{ "type": "Feature", "properties": { "name": "Нижнее Исаково", "is_admin_centre_district": false }, "geometry": { "type": "Point", "coordinates": [ 36.7203022, 53.85839 ] } },
{ "type": "Feature", "properties": { "name": "Жестовое", "is_admin_centre_district": false }, "geometry": { "type": "Point", "coordinates": [ 36.7241452, 53.8744711 ] } },
{ "type": "Feature", "properties": { "name": "Подроманово", "is_admin_centre_district": false }, "geometry": { "type": "Point", "coordinates": [ 36.7580606, 53.8824501 ] } },
{ "type": "Feature", "properties": { "name": "Брусна", "is_admin_centre_district": false }, "geometry": { "type": "Point", "coordinates": [ 36.7807498, 53.8912292 ] } },
{ "type": "Feature", "properties": { "name": "Сомово", "is_admin_centre_district": false }, "geometry": { "type": "Point", "coordinates": [ 36.786712, 53.8893023 ] } },
{ "type": "Feature", "properties": { "name": "Стояново", "is_admin_centre_district": false }, "geometry": { "type": "Point", "coordinates": [ 36.8034118, 53.8884562 ] } },
{ "type": "Feature", "properties": { "name": "Ларинский", "is_admin_centre_district": false }, "geometry": { "type": "Point", "coordinates": [ 36.6619582, 53.8059875 ] } },
{ "type": "Feature", "properties": { "name": "Лосинское", "is_admin_centre_district": false }, "geometry": { "type": "Point", "coordinates": [ 36.7067189, 53.8113597 ] } },
{ "type": "Feature", "properties": { "name": "Лески", "is_admin_centre_district": false }, "geometry": { "type": "Point", "coordinates": [ 37.0796997, 53.7397576 ] } },
{ "type": "Feature", "properties": { "name": "Ивановка", "is_admin_centre_district": false }, "geometry": { "type": "Point", "coordinates": [ 37.0861183, 53.7452714 ] } },
{ "type": "Feature", "properties": { "name": "Красногорье", "is_admin_centre_district": false }, "geometry": { "type": "Point", "coordinates": [ 37.1061242, 53.7456927 ] } },
{ "type": "Feature", "properties": { "name": "Воскресенское", "is_admin_centre_district": false }, "geometry": { "type": "Point", "coordinates": [ 37.0031737, 53.8079841 ] } },
{ "type": "Feature", "properties": { "name": "Холохольня", "is_admin_centre_district": false }, "geometry": { "type": "Point", "coordinates": [ 36.9897421, 53.8065727 ] } },
{ "type": "Feature", "properties": { "name": "Быковка", "is_admin_centre_district": false }, "geometry": { "type": "Point", "coordinates": [ 37.0062065, 53.8110982 ] } },
{ "type": "Feature", "properties": { "name": "Зиброво", "is_admin_centre_district": false }, "geometry": { "type": "Point", "coordinates": [ 36.7534196, 53.9177669 ] } },
{ "type": "Feature", "properties": { "name": "Липки", "is_admin_centre_district": false }, "geometry": { "type": "Point", "coordinates": [ 36.7398567, 53.9062413 ] } },
{ "type": "Feature", "properties": { "name": "Башево", "is_admin_centre_district": false }, "geometry": { "type": "Point", "coordinates": [ 37.069012, 53.8859435 ] } },
{ "type": "Feature", "properties": { "name": "Ясенки", "is_admin_centre_district": false }, "geometry": { "type": "Point", "coordinates": [ 36.8000976, 53.7514268 ] } },
{ "type": "Feature", "properties": { "name": "Часовня", "is_admin_centre_district": false }, "geometry": { "type": "Point", "coordinates": [ 36.8262545, 53.6976409 ] } },
{ "type": "Feature", "properties": { "name": "Троицкое", "is_admin_centre_district": false }, "geometry": { "type": "Point", "coordinates": [ 36.9079093, 53.726613 ] } },
{ "type": "Feature", "properties": { "name": "Рязанцево", "is_admin_centre_district": false }, "geometry": { "type": "Point", "coordinates": [ 36.7452289, 53.7672029 ] } },
{ "type": "Feature", "properties": { "name": "Никольское-Кукуй", "is_admin_centre_district": false }, "geometry": { "type": "Point", "coordinates": [ 36.9600739, 53.7368609 ] } },
{ "type": "Feature", "properties": { "name": "Железница-Обрезково", "is_admin_centre_district": false }, "geometry": { "type": "Point", "coordinates": [ 36.9040307, 53.7459864 ] } },
{ "type": "Feature", "properties": { "name": "Вязок", "is_admin_centre_district": false }, "geometry": { "type": "Point", "coordinates": [ 36.7554357, 53.7280781 ] } },
{ "type": "Feature", "properties": { "name": "Щербаков", "is_admin_centre_district": false }, "geometry": { "type": "Point", "coordinates": [ 36.6947516, 54.0391628 ] } },
{ "type": "Feature", "properties": { "name": "Крутовка", "is_admin_centre_district": false }, "geometry": { "type": "Point", "coordinates": [ 36.8081207, 53.8601438 ] } },
{ "type": "Feature", "properties": { "name": "Чебышовка", "is_admin_centre_district": false }, "geometry": { "type": "Point", "coordinates": [ 36.8544434, 53.859492 ] } },
{ "type": "Feature", "properties": { "name": "Мызовка", "is_admin_centre_district": false }, "geometry": { "type": "Point", "coordinates": [ 36.9063171, 53.8679797 ] } },
{ "type": "Feature", "properties": { "name": "Ивицы", "is_admin_centre_district": false }, "geometry": { "type": "Point", "coordinates": [ 36.9180112, 53.8671706 ] } },
{ "type": "Feature", "properties": { "name": "Алехино", "is_admin_centre_district": false }, "geometry": { "type": "Point", "coordinates": [ 36.9067537, 53.8603941 ] } },
{ "type": "Feature", "properties": { "name": "Слободка", "is_admin_centre_district": false }, "geometry": { "type": "Point", "coordinates": [ 36.894033, 53.8645319 ] } },
{ "type": "Feature", "properties": { "name": "Буландино", "is_admin_centre_district": false }, "geometry": { "type": "Point", "coordinates": [ 36.9392476, 53.8868044 ] } },
{ "type": "Feature", "properties": { "name": "Андрейчищево", "is_admin_centre_district": false }, "geometry": { "type": "Point", "coordinates": [ 36.9701704, 53.899473 ] } },
{ "type": "Feature", "properties": { "name": "Ланское", "is_admin_centre_district": false }, "geometry": { "type": "Point", "coordinates": [ 37.0657701, 54.0110579 ] } },
{ "type": "Feature", "properties": { "name": "Веригино", "is_admin_centre_district": false }, "geometry": { "type": "Point", "coordinates": [ 37.0650229, 54.0028793 ] } },
{ "type": "Feature", "properties": { "name": "Козюлькинские Выселки", "is_admin_centre_district": false }, "geometry": { "type": "Point", "coordinates": [ 36.9934996, 53.9488866 ] } },
{ "type": "Feature", "properties": { "name": "Филатово", "is_admin_centre_district": false }, "geometry": { "type": "Point", "coordinates": [ 36.5117243, 53.9290612 ] } },
{ "type": "Feature", "properties": { "name": "Площадь", "is_admin_centre_district": false }, "geometry": { "type": "Point", "coordinates": [ 36.6356277, 53.860715 ] } },
{ "type": "Feature", "properties": { "name": "Перепутье", "is_admin_centre_district": false }, "geometry": { "type": "Point", "coordinates": [ 36.6515708, 53.8237724 ] } },
{ "type": "Feature", "properties": { "name": "Угольное", "is_admin_centre_district": false }, "geometry": { "type": "Point", "coordinates": [ 37.0503402, 53.8822477 ] } },
{ "type": "Feature", "properties": { "name": "Стубле", "is_admin_centre_district": false }, "geometry": { "type": "Point", "coordinates": [ 36.8188977, 53.8286864 ] } },
{ "type": "Feature", "properties": { "name": "Севрюково", "is_admin_centre_district": false }, "geometry": { "type": "Point", "coordinates": [ 36.8052399, 53.8299275 ] } },
{ "type": "Feature", "properties": { "name": "Рылевский", "is_admin_centre_district": false }, "geometry": { "type": "Point", "coordinates": [ 36.8925833, 53.8406399 ] } },
{ "type": "Feature", "properties": { "name": "Пришня-Шевелёвка", "is_admin_centre_district": false }, "geometry": { "type": "Point", "coordinates": [ 37.0050966, 53.907786 ] } },
{ "type": "Feature", "properties": { "name": "Никольское", "is_admin_centre_district": false }, "geometry": { "type": "Point", "coordinates": [ 36.8573801, 53.8951879 ] } },
{ "type": "Feature", "properties": { "name": "Кореневка", "is_admin_centre_district": false }, "geometry": { "type": "Point", "coordinates": [ 36.9524717, 53.9062976 ] } },
{ "type": "Feature", "properties": { "name": "Гостыж", "is_admin_centre_district": false }, "geometry": { "type": "Point", "coordinates": [ 36.9123923, 53.8156723 ] } },
{ "type": "Feature", "properties": { "name": "Берёзово", "is_admin_centre_district": false }, "geometry": { "type": "Point", "coordinates": [ 36.9411153, 53.8363952 ] } },
{ "type": "Feature", "properties": { "name": "Безлепкино", "is_admin_centre_district": false }, "geometry": { "type": "Point", "coordinates": [ 36.759181, 53.9260632 ] } },
{ "type": "Feature", "properties": { "name": "Ефимовка", "is_admin_centre_district": false }, "geometry": { "type": "Point", "coordinates": [ 37.0275735, 53.8204411 ] } },
{ "type": "Feature", "properties": { "name": "Княгинино", "is_admin_centre_district": false }, "geometry": { "type": "Point", "coordinates": [ 37.0382931, 53.8262899 ] } },
{ "type": "Feature", "properties": { "name": "Бегино", "is_admin_centre_district": false }, "geometry": { "type": "Point", "coordinates": [ 37.0448026, 53.8252028 ] } },
{ "type": "Feature", "properties": { "name": "Стрешнево", "is_admin_centre_district": false }, "geometry": { "type": "Point", "coordinates": [ 37.0291614, 53.6996919 ] } },
{ "type": "Feature", "properties": { "name": "Лунино", "is_admin_centre_district": false }, "geometry": { "type": "Point", "coordinates": [ 37.0194625, 53.7024484 ] } },
{ "type": "Feature", "properties": { "name": "Сорочинка", "is_admin_centre_district": false }, "geometry": { "type": "Point", "coordinates": [ 37.1116488, 53.8080944 ] } },
{ "type": "Feature", "properties": { "name": "Редочь", "is_admin_centre_district": false }, "geometry": { "type": "Point", "coordinates": [ 37.0545888, 53.9730638 ] } },
{ "type": "Feature", "properties": { "name": "Новое Русаново", "is_admin_centre_district": false }, "geometry": { "type": "Point", "coordinates": [ 37.0573139, 53.9481558 ] } },
{ "type": "Feature", "properties": { "name": "Малыхино", "is_admin_centre_district": false }, "geometry": { "type": "Point", "coordinates": [ 36.5738122, 53.7995012 ] } },
{ "type": "Feature", "properties": { "name": "Новое Шатово", "is_admin_centre_district": false }, "geometry": { "type": "Point", "coordinates": [ 36.917049, 54.0423195 ] } },
{ "type": "Feature", "properties": { "name": "Дубна", "is_admin_centre_district": true }, "geometry": { "type": "Point", "coordinates": [ 36.9591856, 54.1524925 ] } },
{ "type": "Feature", "properties": { "name": "Суворов", "is_admin_centre_district": true }, "geometry": { "type": "Point", "coordinates": [ 36.500027, 54.12236 ] } },
{ "type": "Feature", "properties": { "name": "Якшино", "is_admin_centre_district": false }, "geometry": { "type": "Point", "coordinates": [ 37.0773463, 54.2298339 ] } },
{ "type": "Feature", "properties": { "name": "Опочня", "is_admin_centre_district": false }, "geometry": { "type": "Point", "coordinates": [ 37.0842484, 54.1626371 ] } },
{ "type": "Feature", "properties": { "name": "Новое Берковое", "is_admin_centre_district": false }, "geometry": { "type": "Point", "coordinates": [ 37.0956213, 54.1724726 ] } },
{ "type": "Feature", "properties": { "name": "Поречье", "is_admin_centre_district": false }, "geometry": { "type": "Point", "coordinates": [ 37.0657677, 54.1841885 ] } },
{ "type": "Feature", "properties": { "name": "Елисеевка", "is_admin_centre_district": false }, "geometry": { "type": "Point", "coordinates": [ 37.0474789, 54.1932169 ] } },
{ "type": "Feature", "properties": { "name": "Протасово", "is_admin_centre_district": false }, "geometry": { "type": "Point", "coordinates": [ 36.9951703, 54.173375 ] } },
{ "type": "Feature", "properties": { "name": "Веригино", "is_admin_centre_district": false }, "geometry": { "type": "Point", "coordinates": [ 37.1005744, 54.1400008 ] } },
{ "type": "Feature", "properties": { "name": "Мичурина", "is_admin_centre_district": false }, "geometry": { "type": "Point", "coordinates": [ 36.9288918, 54.451575 ] } },
{ "type": "Feature", "properties": { "name": "Дулево", "is_admin_centre_district": false }, "geometry": { "type": "Point", "coordinates": [ 36.945866, 54.460434 ] } },
{ "type": "Feature", "properties": { "name": "Лобжа", "is_admin_centre_district": false }, "geometry": { "type": "Point", "coordinates": [ 36.8529126, 54.2412504 ] } },
{ "type": "Feature", "properties": { "name": "Гурьевка", "is_admin_centre_district": false }, "geometry": { "type": "Point", "coordinates": [ 36.9090405, 54.1323046 ] } },
{ "type": "Feature", "properties": { "name": "Центральный", "is_admin_centre_district": false }, "geometry": { "type": "Point", "coordinates": [ 36.4948002, 54.1615359 ] } },
{ "type": "Feature", "properties": { "name": "Ханино", "is_admin_centre_district": false }, "geometry": { "type": "Point", "coordinates": [ 36.611565, 54.210621 ] } },
{ "type": "Feature", "properties": { "name": "Юрово", "is_admin_centre_district": false }, "geometry": { "type": "Point", "coordinates": [ 36.5569305, 54.2342614 ] } },
{ "type": "Feature", "properties": { "name": "Михайловский", "is_admin_centre_district": false }, "geometry": { "type": "Point", "coordinates": [ 36.5325149, 54.2381086 ] } },
{ "type": "Feature", "properties": { "name": "Малиновка", "is_admin_centre_district": false }, "geometry": { "type": "Point", "coordinates": [ 36.6138068, 54.2713521 ] } },
{ "type": "Feature", "properties": { "name": "Глубоковский", "is_admin_centre_district": false }, "geometry": { "type": "Point", "coordinates": [ 36.535294, 54.172932 ] } },
{ "type": "Feature", "properties": { "name": "Платово", "is_admin_centre_district": false }, "geometry": { "type": "Point", "coordinates": [ 36.5451689, 54.0845191 ] } },
{ "type": "Feature", "properties": { "name": "Коровино", "is_admin_centre_district": false }, "geometry": { "type": "Point", "coordinates": [ 36.964794, 54.446724 ] } },
{ "type": "Feature", "properties": { "name": "Картавцево", "is_admin_centre_district": false }, "geometry": { "type": "Point", "coordinates": [ 36.992088, 54.444923 ] } },
{ "type": "Feature", "properties": { "name": "Лукерьино", "is_admin_centre_district": false }, "geometry": { "type": "Point", "coordinates": [ 37.02351, 54.448414 ] } },
{ "type": "Feature", "properties": { "name": "Сенево", "is_admin_centre_district": false }, "geometry": { "type": "Point", "coordinates": [ 37.05072, 54.430458 ] } },
{ "type": "Feature", "properties": { "name": "Соколово", "is_admin_centre_district": false }, "geometry": { "type": "Point", "coordinates": [ 36.989826, 54.431305 ] } },
{ "type": "Feature", "properties": { "name": "Сукромна", "is_admin_centre_district": false }, "geometry": { "type": "Point", "coordinates": [ 37.091671, 54.454868 ] } },
{ "type": "Feature", "properties": { "name": "Душкино", "is_admin_centre_district": false }, "geometry": { "type": "Point", "coordinates": [ 37.06707, 54.435982 ] } },
{ "type": "Feature", "properties": { "name": "Слободка", "is_admin_centre_district": false }, "geometry": { "type": "Point", "coordinates": [ 36.8911915, 54.4377477 ] } },
{ "type": "Feature", "properties": { "name": "Сычево", "is_admin_centre_district": false }, "geometry": { "type": "Point", "coordinates": [ 37.046848, 54.390671 ] } },
{ "type": "Feature", "properties": { "name": "Нелюбинка", "is_admin_centre_district": false }, "geometry": { "type": "Point", "coordinates": [ 36.995461, 54.385944 ] } },
{ "type": "Feature", "properties": { "name": "Богатьково", "is_admin_centre_district": false }, "geometry": { "type": "Point", "coordinates": [ 37.0769099, 54.4103133 ] } },
{ "type": "Feature", "properties": { "name": "Дальнерусаново", "is_admin_centre_district": false }, "geometry": { "type": "Point", "coordinates": [ 36.7428058, 54.2468055 ] } },
{ "type": "Feature", "properties": { "name": "Богданово", "is_admin_centre_district": false }, "geometry": { "type": "Point", "coordinates": [ 36.6575867, 54.2264084 ] } },
{ "type": "Feature", "properties": { "name": "Аргуново", "is_admin_centre_district": false }, "geometry": { "type": "Point", "coordinates": [ 36.7042191, 54.240932 ] } },
{ "type": "Feature", "properties": { "name": "Коробки", "is_admin_centre_district": false }, "geometry": { "type": "Point", "coordinates": [ 36.95047, 54.340416 ] } },
{ "type": "Feature", "properties": { "name": "Афанасьево", "is_admin_centre_district": false }, "geometry": { "type": "Point", "coordinates": [ 37.0106229, 54.3356158 ] } },
{ "type": "Feature", "properties": { "name": "Мазалки", "is_admin_centre_district": false }, "geometry": { "type": "Point", "coordinates": [ 37.094887, 54.301624 ] } },
{ "type": "Feature", "properties": { "name": "Малое Панское", "is_admin_centre_district": false }, "geometry": { "type": "Point", "coordinates": [ 37.0762642, 54.365205 ] } },
{ "type": "Feature", "properties": { "name": "Большое Панское", "is_admin_centre_district": false }, "geometry": { "type": "Point", "coordinates": [ 37.0778607, 54.3596885 ] } },
{ "type": "Feature", "properties": { "name": "Занинка", "is_admin_centre_district": false }, "geometry": { "type": "Point", "coordinates": [ 37.072842, 54.34021 ] } },
{ "type": "Feature", "properties": { "name": "Петрушино", "is_admin_centre_district": false }, "geometry": { "type": "Point", "coordinates": [ 37.0949015, 54.3298036 ] } },
{ "type": "Feature", "properties": { "name": "Синютино", "is_admin_centre_district": false }, "geometry": { "type": "Point", "coordinates": [ 37.007195, 54.359825 ] } },
{ "type": "Feature", "properties": { "name": "Пластово", "is_admin_centre_district": false }, "geometry": { "type": "Point", "coordinates": [ 37.052925, 54.288174 ] } },
{ "type": "Feature", "properties": { "name": "Хованское", "is_admin_centre_district": false }, "geometry": { "type": "Point", "coordinates": [ 37.005711, 54.294056 ] } },
{ "type": "Feature", "properties": { "name": "Высокое", "is_admin_centre_district": false }, "geometry": { "type": "Point", "coordinates": [ 36.9168263, 54.2621133 ] } },
{ "type": "Feature", "properties": { "name": "Надеждино", "is_admin_centre_district": false }, "geometry": { "type": "Point", "coordinates": [ 36.8571148, 54.1979446 ] } },
{ "type": "Feature", "properties": { "name": "Свойно", "is_admin_centre_district": false }, "geometry": { "type": "Point", "coordinates": [ 36.6437091, 54.1536823 ] } },
{ "type": "Feature", "properties": { "name": "Столбово", "is_admin_centre_district": false }, "geometry": { "type": "Point", "coordinates": [ 36.8476972, 54.2739832 ] } },
{ "type": "Feature", "properties": { "name": "Ясеновая", "is_admin_centre_district": false }, "geometry": { "type": "Point", "coordinates": [ 36.782358, 54.1658917 ] } },
{ "type": "Feature", "properties": { "name": "Гвардейский", "is_admin_centre_district": false }, "geometry": { "type": "Point", "coordinates": [ 36.9417083, 54.117454 ] } },
{ "type": "Feature", "properties": { "name": "Полагино", "is_admin_centre_district": false }, "geometry": { "type": "Point", "coordinates": [ 36.4939707, 54.1874009 ] } },
{ "type": "Feature", "properties": { "name": "Шмарово", "is_admin_centre_district": false }, "geometry": { "type": "Point", "coordinates": [ 36.5530543, 54.1209731 ] } },
{ "type": "Feature", "properties": { "name": "Батьково", "is_admin_centre_district": false }, "geometry": { "type": "Point", "coordinates": [ 36.9258865, 54.2047991 ] } },
{ "type": "Feature", "properties": { "name": "Скоморошки", "is_admin_centre_district": false }, "geometry": { "type": "Point", "coordinates": [ 36.9427922, 54.0798609 ] } },
{ "type": "Feature", "properties": { "name": "Карачево", "is_admin_centre_district": false }, "geometry": { "type": "Point", "coordinates": [ 37.0423405, 54.1549476 ] } },
{ "type": "Feature", "properties": { "name": "Коптево", "is_admin_centre_district": false }, "geometry": { "type": "Point", "coordinates": [ 37.0454063, 54.1331867 ] } },
{ "type": "Feature", "properties": { "name": "Хотетово", "is_admin_centre_district": false }, "geometry": { "type": "Point", "coordinates": [ 37.0591229, 54.1389051 ] } },
{ "type": "Feature", "properties": { "name": "Верховье", "is_admin_centre_district": false }, "geometry": { "type": "Point", "coordinates": [ 37.0017532, 54.1272154 ] } },
{ "type": "Feature", "properties": { "name": "Ивановка", "is_admin_centre_district": false }, "geometry": { "type": "Point", "coordinates": [ 36.9059773, 54.1752075 ] } },
{ "type": "Feature", "properties": { "name": "Михино", "is_admin_centre_district": false }, "geometry": { "type": "Point", "coordinates": [ 37.0450339, 54.1741436 ] } },
{ "type": "Feature", "properties": { "name": "Морево", "is_admin_centre_district": false }, "geometry": { "type": "Point", "coordinates": [ 37.0227747, 54.1063156 ] } },
{ "type": "Feature", "properties": { "name": "Березово", "is_admin_centre_district": false }, "geometry": { "type": "Point", "coordinates": [ 36.997078, 54.211849 ] } },
{ "type": "Feature", "properties": { "name": "Братьково", "is_admin_centre_district": false }, "geometry": { "type": "Point", "coordinates": [ 36.8726791, 54.1920624 ] } },
{ "type": "Feature", "properties": { "name": "Востьяново", "is_admin_centre_district": false }, "geometry": { "type": "Point", "coordinates": [ 36.9624329, 54.2123011 ] } },
{ "type": "Feature", "properties": { "name": "Головино", "is_admin_centre_district": false }, "geometry": { "type": "Point", "coordinates": [ 36.9462045, 54.2165804 ] } },
{ "type": "Feature", "properties": { "name": "Марьино", "is_admin_centre_district": false }, "geometry": { "type": "Point", "coordinates": [ 36.8115284, 54.1804982 ] } },
{ "type": "Feature", "properties": { "name": "Тимофеевка", "is_admin_centre_district": false }, "geometry": { "type": "Point", "coordinates": [ 37.0293446, 54.2118606 ] } },
{ "type": "Feature", "properties": { "name": "Фирсово", "is_admin_centre_district": false }, "geometry": { "type": "Point", "coordinates": [ 36.8436216, 54.1783421 ] } },
{ "type": "Feature", "properties": { "name": "Якшинские Выселки", "is_admin_centre_district": false }, "geometry": { "type": "Point", "coordinates": [ 37.0424353, 54.2235424 ] } },
{ "type": "Feature", "properties": { "name": "Азаровка", "is_admin_centre_district": false }, "geometry": { "type": "Point", "coordinates": [ 36.8867639, 54.2260771 ] } },
{ "type": "Feature", "properties": { "name": "Андреевка", "is_admin_centre_district": false }, "geometry": { "type": "Point", "coordinates": [ 37.0202592, 54.2778036 ] } },
{ "type": "Feature", "properties": { "name": "Гармоново", "is_admin_centre_district": false }, "geometry": { "type": "Point", "coordinates": [ 36.9648978, 54.2750996 ] } },
{ "type": "Feature", "properties": { "name": "Григорьевка", "is_admin_centre_district": false }, "geometry": { "type": "Point", "coordinates": [ 37.0654943, 54.2622775 ] } },
{ "type": "Feature", "properties": { "name": "Красноселы", "is_admin_centre_district": false }, "geometry": { "type": "Point", "coordinates": [ 36.9139624, 54.2289913 ] } },
{ "type": "Feature", "properties": { "name": "Крушма", "is_admin_centre_district": false }, "geometry": { "type": "Point", "coordinates": [ 36.8581105, 54.2104735 ] } },
{ "type": "Feature", "properties": { "name": "Негелево", "is_admin_centre_district": false }, "geometry": { "type": "Point", "coordinates": [ 36.9746039, 54.2355867 ] } },
{ "type": "Feature", "properties": { "name": "Пролетарка", "is_admin_centre_district": false }, "geometry": { "type": "Point", "coordinates": [ 37.0852463, 54.2765569 ] } },
{ "type": "Feature", "properties": { "name": "Пустошино", "is_admin_centre_district": false }, "geometry": { "type": "Point", "coordinates": [ 36.9528136, 54.0912091 ] } },
{ "type": "Feature", "properties": { "name": "Семеновка", "is_admin_centre_district": false }, "geometry": { "type": "Point", "coordinates": [ 36.9877926, 54.0940339 ] } },
{ "type": "Feature", "properties": { "name": "Сухарево", "is_admin_centre_district": false }, "geometry": { "type": "Point", "coordinates": [ 37.0177711, 54.0917732 ] } },
{ "type": "Feature", "properties": { "name": "Сухаревский", "is_admin_centre_district": false }, "geometry": { "type": "Point", "coordinates": [ 37.0220158, 54.0954962 ] } },
{ "type": "Feature", "properties": { "name": "Филино", "is_admin_centre_district": false }, "geometry": { "type": "Point", "coordinates": [ 36.8759467, 54.2399275 ] } },
{ "type": "Feature", "properties": { "name": "Брусовое", "is_admin_centre_district": false }, "geometry": { "type": "Point", "coordinates": [ 36.8093268, 54.0865378 ] } },
{ "type": "Feature", "properties": { "name": "Дроково", "is_admin_centre_district": false }, "geometry": { "type": "Point", "coordinates": [ 36.8453654, 54.2005311 ] } },
{ "type": "Feature", "properties": { "name": "Лесной", "is_admin_centre_district": false }, "geometry": { "type": "Point", "coordinates": [ 36.9619072, 54.1340267 ] } },
{ "type": "Feature", "properties": { "name": "Поречье", "is_admin_centre_district": false }, "geometry": { "type": "Point", "coordinates": [ 37.0507751, 54.2059365 ] } },
{ "type": "Feature", "properties": { "name": "Савенки", "is_admin_centre_district": false }, "geometry": { "type": "Point", "coordinates": [ 36.9558857, 54.1351299 ] } },
{ "type": "Feature", "properties": { "name": "Сизенево", "is_admin_centre_district": false }, "geometry": { "type": "Point", "coordinates": [ 36.8552805, 54.0799426 ] } },
{ "type": "Feature", "properties": { "name": "Красное Михайлово", "is_admin_centre_district": false }, "geometry": { "type": "Point", "coordinates": [ 36.5234745, 54.2352654 ] } },
{ "type": "Feature", "properties": { "name": "Копылово", "is_admin_centre_district": false }, "geometry": { "type": "Point", "coordinates": [ 36.9102484, 54.0863239 ] } },
{ "type": "Feature", "properties": { "name": "Новоалександровка", "is_admin_centre_district": false }, "geometry": { "type": "Point", "coordinates": [ 36.6555834, 54.1747291 ] } },
{ "type": "Feature", "properties": { "name": "Житня", "is_admin_centre_district": false }, "geometry": { "type": "Point", "coordinates": [ 36.604514, 54.1712933 ] } },
{ "type": "Feature", "properties": { "name": "Зябрево", "is_admin_centre_district": false }, "geometry": { "type": "Point", "coordinates": [ 36.5700389, 54.1777202 ] } },
{ "type": "Feature", "properties": { "name": "Борисово", "is_admin_centre_district": false }, "geometry": { "type": "Point", "coordinates": [ 36.5153284, 54.1847412 ] } },
{ "type": "Feature", "properties": { "name": "Матюково 2", "is_admin_centre_district": false }, "geometry": { "type": "Point", "coordinates": [ 36.5940779, 54.1940649 ] } },
{ "type": "Feature", "properties": { "name": "Матюково 1", "is_admin_centre_district": false }, "geometry": { "type": "Point", "coordinates": [ 36.5890231, 54.1969411 ] } },
{ "type": "Feature", "properties": { "name": "Клевцово", "is_admin_centre_district": false }, "geometry": { "type": "Point", "coordinates": [ 36.6809747, 54.1993304 ] } },
{ "type": "Feature", "properties": { "name": "Ханинское лесничество", "is_admin_centre_district": false }, "geometry": { "type": "Point", "coordinates": [ 36.6867113, 54.1772476 ] } },
{ "type": "Feature", "properties": { "name": "Завалье", "is_admin_centre_district": false }, "geometry": { "type": "Point", "coordinates": [ 36.6960983, 54.2171833 ] } },
{ "type": "Feature", "properties": { "name": "Марково", "is_admin_centre_district": false }, "geometry": { "type": "Point", "coordinates": [ 36.5746296, 54.150935 ] } },
{ "type": "Feature", "properties": { "name": "Бутырки", "is_admin_centre_district": false }, "geometry": { "type": "Point", "coordinates": [ 36.6512517, 54.2313297 ] } },
{ "type": "Feature", "properties": { "name": "Митинка", "is_admin_centre_district": false }, "geometry": { "type": "Point", "coordinates": [ 36.6655107, 54.2385714 ] } },
{ "type": "Feature", "properties": { "name": "Лисово", "is_admin_centre_district": false }, "geometry": { "type": "Point", "coordinates": [ 36.6257367, 54.2327022 ] } },
{ "type": "Feature", "properties": { "name": "Галкино", "is_admin_centre_district": false }, "geometry": { "type": "Point", "coordinates": [ 36.6133675, 54.1894263 ] } },
{ "type": "Feature", "properties": { "name": "Колонтаево", "is_admin_centre_district": false }, "geometry": { "type": "Point", "coordinates": [ 36.644592, 54.2005681 ] } },
{ "type": "Feature", "properties": { "name": "Касторово", "is_admin_centre_district": false }, "geometry": { "type": "Point", "coordinates": [ 36.6619913, 54.1974846 ] } },
{ "type": "Feature", "properties": { "name": "Судово", "is_admin_centre_district": false }, "geometry": { "type": "Point", "coordinates": [ 36.6627946, 54.1374307 ] } },
{ "type": "Feature", "properties": { "name": "Воробьево", "is_admin_centre_district": false }, "geometry": { "type": "Point", "coordinates": [ 36.6273812, 54.1303207 ] } },
{ "type": "Feature", "properties": { "name": "Новое Ханино", "is_admin_centre_district": false }, "geometry": { "type": "Point", "coordinates": [ 36.7020866, 54.1835831 ] } },
{ "type": "Feature", "properties": { "name": "Вольный", "is_admin_centre_district": false }, "geometry": { "type": "Point", "coordinates": [ 36.8347916, 54.0839368 ] } },
{ "type": "Feature", "properties": { "name": "Андреевка", "is_admin_centre_district": false }, "geometry": { "type": "Point", "coordinates": [ 36.566419, 54.1336994 ] } },
{ "type": "Feature", "properties": { "name": "Михайловка", "is_admin_centre_district": false }, "geometry": { "type": "Point", "coordinates": [ 36.555081, 54.0882972 ] } },
{ "type": "Feature", "properties": { "name": "Точна", "is_admin_centre_district": false }, "geometry": { "type": "Point", "coordinates": [ 36.5144483, 54.218892 ] } },
{ "type": "Feature", "properties": { "name": "Мосолово", "is_admin_centre_district": false }, "geometry": { "type": "Point", "coordinates": [ 36.5169374, 54.2050639 ] } },
{ "type": "Feature", "properties": { "name": "Беляево", "is_admin_centre_district": false }, "geometry": { "type": "Point", "coordinates": [ 36.6919903, 54.2785752 ] } },
{ "type": "Feature", "properties": { "name": "Исаково", "is_admin_centre_district": false }, "geometry": { "type": "Point", "coordinates": [ 36.677138, 54.2761464 ] } },
{ "type": "Feature", "properties": { "name": "Терешаты", "is_admin_centre_district": false }, "geometry": { "type": "Point", "coordinates": [ 36.6358998, 54.265692 ] } },
{ "type": "Feature", "properties": { "name": "Кошелевка", "is_admin_centre_district": false }, "geometry": { "type": "Point", "coordinates": [ 36.679701, 54.2962077 ] } },
{ "type": "Feature", "properties": { "name": "Аварийный", "is_admin_centre_district": false }, "geometry": { "type": "Point", "coordinates": [ 36.5242195, 54.1744301 ] } },
{ "type": "Feature", "properties": { "name": "Суворово", "is_admin_centre_district": false }, "geometry": { "type": "Point", "coordinates": [ 36.5479731, 54.155888 ] } },
{ "type": "Feature", "properties": { "name": "Старое Ханино", "is_admin_centre_district": false }, "geometry": { "type": "Point", "coordinates": [ 36.6232252, 54.1942319 ] } },
{ "type": "Feature", "properties": { "name": "Родионовский", "is_admin_centre_district": false }, "geometry": { "type": "Point", "coordinates": [ 36.7071354, 54.1847591 ] } },
{ "type": "Feature", "properties": { "name": "Леохино", "is_admin_centre_district": false }, "geometry": { "type": "Point", "coordinates": [ 36.7273271, 54.2636325 ] } },
{ "type": "Feature", "properties": { "name": "Иванчиково", "is_admin_centre_district": false }, "geometry": { "type": "Point", "coordinates": [ 36.5537572, 54.2432764 ] } },
{ "type": "Feature", "properties": { "name": "Желтиково", "is_admin_centre_district": false }, "geometry": { "type": "Point", "coordinates": [ 36.5211296, 54.1308379 ] } },
{ "type": "Feature", "properties": { "name": "Первомайский", "is_admin_centre_district": false }, "geometry": { "type": "Point", "coordinates": [ 36.5153575, 54.1305488 ] } },
{ "type": "Feature", "properties": { "name": "Дмитриевка", "is_admin_centre_district": false }, "geometry": { "type": "Point", "coordinates": [ 36.5370405, 54.192989 ] } },
{ "type": "Feature", "properties": { "name": "Алексин", "is_admin_centre_district": true }, "geometry": { "type": "Point", "coordinates": [ 37.0667213, 54.5028103 ] } },
{ "type": "Feature", "properties": { "name": "Колосово", "is_admin_centre_district": false }, "geometry": { "type": "Point", "coordinates": [ 37.067039, 54.547962 ] } },
{ "type": "Feature", "properties": { "name": "Колюпаново", "is_admin_centre_district": false }, "geometry": { "type": "Point", "coordinates": [ 37.0741759, 54.4752995 ] } },
{ "type": "Feature", "properties": { "name": "Щукино", "is_admin_centre_district": false }, "geometry": { "type": "Point", "coordinates": [ 37.0105475, 54.4684711 ] } },
{ "type": "Feature", "properties": { "name": "Фомищево", "is_admin_centre_district": false }, "geometry": { "type": "Point", "coordinates": [ 37.034191, 54.477192 ] } },
{ "type": "Feature", "properties": { "name": "Киевцы", "is_admin_centre_district": false }, "geometry": { "type": "Point", "coordinates": [ 37.050911, 54.471111 ] } },
{ "type": "Feature", "properties": { "name": "Кузнецы", "is_admin_centre_district": false }, "geometry": { "type": "Point", "coordinates": [ 36.941448, 54.572994 ] } },
{ "type": "Feature", "properties": { "name": "Морозово", "is_admin_centre_district": false }, "geometry": { "type": "Point", "coordinates": [ 37.003502, 54.570183 ] } },
{ "type": "Feature", "properties": { "name": "Андреевка", "is_admin_centre_district": false }, "geometry": { "type": "Point", "coordinates": [ 36.9926125, 54.5585307 ] } },
{ "type": "Feature", "properties": { "name": "Обухово", "is_admin_centre_district": false }, "geometry": { "type": "Point", "coordinates": [ 37.017162, 54.541424 ] } },
{ "type": "Feature", "properties": { "name": "Солопенки", "is_admin_centre_district": false }, "geometry": { "type": "Point", "coordinates": [ 36.9989539, 54.5465614 ] } },
{ "type": "Feature", "properties": { "name": "Мякинино", "is_admin_centre_district": false }, "geometry": { "type": "Point", "coordinates": [ 37.035786, 54.573334 ] } },
{ "type": "Feature", "properties": { "name": "Шопино", "is_admin_centre_district": false }, "geometry": { "type": "Point", "coordinates": [ 37.027206, 54.57803 ] } },
{ "type": "Feature", "properties": { "name": "Жуково", "is_admin_centre_district": false }, "geometry": { "type": "Point", "coordinates": [ 36.9441023, 54.5837257 ] } },
{ "type": "Feature", "properties": { "name": "Малое Савватеево", "is_admin_centre_district": false }, "geometry": { "type": "Point", "coordinates": [ 36.996669, 54.585392 ] } },
{ "type": "Feature", "properties": { "name": "Большое Савватеево", "is_admin_centre_district": false }, "geometry": { "type": "Point", "coordinates": [ 36.981168, 54.5808625 ] } },
{ "type": "Feature", "properties": { "name": "Пушкино", "is_admin_centre_district": false }, "geometry": { "type": "Point", "coordinates": [ 36.9536857, 54.4793399 ] } },
{ "type": "Feature", "properties": { "name": "Зайцево", "is_admin_centre_district": false }, "geometry": { "type": "Point", "coordinates": [ 36.9655956, 54.4812986 ] } },
{ "type": "Feature", "properties": { "name": "Ковша", "is_admin_centre_district": false }, "geometry": { "type": "Point", "coordinates": [ 36.9751809, 54.4900779 ] } },
{ "type": "Feature", "properties": { "name": "Сахаровка", "is_admin_centre_district": false }, "geometry": { "type": "Point", "coordinates": [ 36.9499273, 54.5099553 ] } },
{ "type": "Feature", "properties": { "name": "Павлово", "is_admin_centre_district": false }, "geometry": { "type": "Point", "coordinates": [ 36.9666927, 54.5033285 ] } },
{ "type": "Feature", "properties": { "name": "Красное", "is_admin_centre_district": false }, "geometry": { "type": "Point", "coordinates": [ 36.9115707, 54.4619473 ] } },
{ "type": "Feature", "properties": { "name": "Лозовая", "is_admin_centre_district": false }, "geometry": { "type": "Point", "coordinates": [ 36.8976331, 54.4926589 ] } },
{ "type": "Feature", "properties": { "name": "Среднево", "is_admin_centre_district": false }, "geometry": { "type": "Point", "coordinates": [ 36.915726, 54.492481 ] } },
{ "type": "Feature", "properties": { "name": "Кирзино", "is_admin_centre_district": false }, "geometry": { "type": "Point", "coordinates": [ 36.935543, 54.492733 ] } },
{ "type": "Feature", "properties": { "name": "Самойлово", "is_admin_centre_district": false }, "geometry": { "type": "Point", "coordinates": [ 36.902969, 54.507111 ] } },
{ "type": "Feature", "properties": { "name": "Новинки", "is_admin_centre_district": false }, "geometry": { "type": "Point", "coordinates": [ 36.915039, 54.570637 ] } },
{ "type": "Feature", "properties": { "name": "Шемякино", "is_admin_centre_district": false }, "geometry": { "type": "Point", "coordinates": [ 36.970985, 54.556255 ] } },
{ "type": "Feature", "properties": { "name": "Тихоновка", "is_admin_centre_district": false }, "geometry": { "type": "Point", "coordinates": [ 36.9486025, 54.5440175 ] } },
{ "type": "Feature", "properties": { "name": "Курагино", "is_admin_centre_district": false }, "geometry": { "type": "Point", "coordinates": [ 36.999828, 54.526089 ] } },
{ "type": "Feature", "properties": { "name": "Лелюхино", "is_admin_centre_district": false }, "geometry": { "type": "Point", "coordinates": [ 36.4444878, 53.6548062 ] } },
{ "type": "Feature", "properties": { "name": "Кузьменки", "is_admin_centre_district": false }, "geometry": { "type": "Point", "coordinates": [ 36.4234566, 53.672812 ] } },
{ "type": "Feature", "properties": { "name": "Араны", "is_admin_centre_district": false }, "geometry": { "type": "Point", "coordinates": [ 36.4741707, 53.5855313 ] } },
{ "type": "Feature", "properties": { "name": "Славный", "is_admin_centre_district": true }, "geometry": { "type": "Point", "coordinates": [ 36.472999, 53.5476674 ] } },
{ "type": "Feature", "properties": { "name": "Шамордино", "is_admin_centre_district": false }, "geometry": { "type": "Point", "coordinates": [ 36.0464389, 53.5706214 ] } },
{ "type": "Feature", "properties": { "name": "Большие Голубочки", "is_admin_centre_district": false }, "geometry": { "type": "Point", "coordinates": [ 36.3510615, 53.5271811 ] } },
{ "type": "Feature", "properties": { "name": "Хлопово", "is_admin_centre_district": false }, "geometry": { "type": "Point", "coordinates": [ 36.431576, 53.5306338 ] } },
{ "type": "Feature", "properties": { "name": "Фурсово", "is_admin_centre_district": false }, "geometry": { "type": "Point", "coordinates": [ 36.3488215, 53.5527235 ] } },
{ "type": "Feature", "properties": { "name": "Будоговищи", "is_admin_centre_district": false }, "geometry": { "type": "Point", "coordinates": [ 36.3074237, 53.5722547 ] } },
{ "type": "Feature", "properties": { "name": "Железница", "is_admin_centre_district": false }, "geometry": { "type": "Point", "coordinates": [ 36.3094857, 53.614055 ] } },
{ "type": "Feature", "properties": { "name": "Беляево", "is_admin_centre_district": false }, "geometry": { "type": "Point", "coordinates": [ 36.2581603, 53.6454704 ] } },
{ "type": "Feature", "properties": { "name": "Юшково", "is_admin_centre_district": false }, "geometry": { "type": "Point", "coordinates": [ 36.2497481, 53.6537057 ] } },
{ "type": "Feature", "properties": { "name": "Черногрязка", "is_admin_centre_district": false }, "geometry": { "type": "Point", "coordinates": [ 36.2519019, 53.6625405 ] } },
{ "type": "Feature", "properties": { "name": "Гамово", "is_admin_centre_district": false }, "geometry": { "type": "Point", "coordinates": [ 36.2832159, 53.6642704 ] } },
{ "type": "Feature", "properties": { "name": "Бандиково", "is_admin_centre_district": false }, "geometry": { "type": "Point", "coordinates": [ 36.4908901, 53.5061353 ] } },
{ "type": "Feature", "properties": { "name": "Дерюжкино", "is_admin_centre_district": false }, "geometry": { "type": "Point", "coordinates": [ 36.4857223, 53.5085228 ] } },
{ "type": "Feature", "properties": { "name": "Корытинка", "is_admin_centre_district": false }, "geometry": { "type": "Point", "coordinates": [ 36.4527824, 53.4952228 ] } },
{ "type": "Feature", "properties": { "name": "Комарево", "is_admin_centre_district": false }, "geometry": { "type": "Point", "coordinates": [ 36.374185, 53.5245191 ] } },
{ "type": "Feature", "properties": { "name": "Красный", "is_admin_centre_district": false }, "geometry": { "type": "Point", "coordinates": [ 36.3325541, 53.4776648 ] } },
{ "type": "Feature", "properties": { "name": "Кудеяровка", "is_admin_centre_district": false }, "geometry": { "type": "Point", "coordinates": [ 36.5033881, 53.6640173 ] } },
{ "type": "Feature", "properties": { "name": "Малая Сальница", "is_admin_centre_district": false }, "geometry": { "type": "Point", "coordinates": [ 36.4513701, 53.4395631 ] } },
{ "type": "Feature", "properties": { "name": "Нижние Ростоки", "is_admin_centre_district": false }, "geometry": { "type": "Point", "coordinates": [ 36.3503867, 53.4820186 ] } },
{ "type": "Feature", "properties": { "name": "Прилепы", "is_admin_centre_district": false }, "geometry": { "type": "Point", "coordinates": [ 36.4324038, 53.5435506 ] } },
{ "type": "Feature", "properties": { "name": "Протасово", "is_admin_centre_district": false }, "geometry": { "type": "Point", "coordinates": [ 36.3813545, 53.5188409 ] } },
{ "type": "Feature", "properties": { "name": "Средние Ростоки", "is_admin_centre_district": false }, "geometry": { "type": "Point", "coordinates": [ 36.3290856, 53.4967539 ] } },
{ "type": "Feature", "properties": { "name": "Стрикино", "is_admin_centre_district": false }, "geometry": { "type": "Point", "coordinates": [ 36.4166149, 53.534291 ] } },
{ "type": "Feature", "properties": { "name": "Троицкое-Бачурино", "is_admin_centre_district": false }, "geometry": { "type": "Point", "coordinates": [ 36.4753011, 53.4325968 ] } },
{ "type": "Feature", "properties": { "name": "Тшлыково", "is_admin_centre_district": false }, "geometry": { "type": "Point", "coordinates": [ 36.4247692, 53.4442397 ] } },
{ "type": "Feature", "properties": { "name": "Колодези", "is_admin_centre_district": false }, "geometry": { "type": "Point", "coordinates": [ 36.4420526, 53.563926 ] } },
{ "type": "Feature", "properties": { "name": "Красноселье", "is_admin_centre_district": false }, "geometry": { "type": "Point", "coordinates": [ 36.4297245, 53.6269588 ] } },
{ "type": "Feature", "properties": { "name": "Мощевский", "is_admin_centre_district": false }, "geometry": { "type": "Point", "coordinates": [ 36.426762, 53.5703594 ] } },
{ "type": "Feature", "properties": { "name": "Нагорный", "is_admin_centre_district": false }, "geometry": { "type": "Point", "coordinates": [ 36.4560955, 53.6026094 ] } },
{ "type": "Feature", "properties": { "name": "Огневой", "is_admin_centre_district": false }, "geometry": { "type": "Point", "coordinates": [ 36.4506282, 53.6014936 ] } },
{ "type": "Feature", "properties": { "name": "Песочное", "is_admin_centre_district": false }, "geometry": { "type": "Point", "coordinates": [ 36.4464628, 53.5837901 ] } },
{ "type": "Feature", "properties": { "name": "Рыбкин 2-й", "is_admin_centre_district": false }, "geometry": { "type": "Point", "coordinates": [ 36.4486029, 53.6141875 ] } },
{ "type": "Feature", "properties": { "name": "Сороколетово", "is_admin_centre_district": false }, "geometry": { "type": "Point", "coordinates": [ 36.4150421, 53.625423 ] } },
{ "type": "Feature", "properties": { "name": "Спасские Выселки", "is_admin_centre_district": false }, "geometry": { "type": "Point", "coordinates": [ 36.3503518, 53.6661087 ] } },
{ "type": "Feature", "properties": { "name": "Теремец", "is_admin_centre_district": false }, "geometry": { "type": "Point", "coordinates": [ 36.2555477, 53.5524035 ] } },
{ "type": "Feature", "properties": { "name": "Федящево", "is_admin_centre_district": false }, "geometry": { "type": "Point", "coordinates": [ 36.2342661, 53.6001116 ] } },
{ "type": "Feature", "properties": { "name": "Заводской", "is_admin_centre_district": false }, "geometry": { "type": "Point", "coordinates": [ 36.5196427, 53.3985117 ] } },
{ "type": "Feature", "properties": { "name": "Распопово", "is_admin_centre_district": false }, "geometry": { "type": "Point", "coordinates": [ 36.5157167, 53.4310794 ] } },
{ "type": "Feature", "properties": { "name": "Снежедь", "is_admin_centre_district": false }, "geometry": { "type": "Point", "coordinates": [ 36.4902815, 53.423913 ] } },
{ "type": "Feature", "properties": { "name": "Большая Сальница", "is_admin_centre_district": false }, "geometry": { "type": "Point", "coordinates": [ 36.5318008, 53.4601081 ] } },
{ "type": "Feature", "properties": { "name": "Лунино", "is_admin_centre_district": false }, "geometry": { "type": "Point", "coordinates": [ 36.5041692, 53.4677723 ] } },
{ "type": "Feature", "properties": { "name": "Бобрики", "is_admin_centre_district": false }, "geometry": { "type": "Point", "coordinates": [ 36.1754023, 53.6667828 ] } },
{ "type": "Feature", "properties": { "name": "Зайцево", "is_admin_centre_district": false }, "geometry": { "type": "Point", "coordinates": [ 36.0582531, 53.6471866 ] } },
{ "type": "Feature", "properties": { "name": "Башкино", "is_admin_centre_district": false }, "geometry": { "type": "Point", "coordinates": [ 36.059904, 53.6021098 ] } },
{ "type": "Feature", "properties": { "name": "Боровое", "is_admin_centre_district": false }, "geometry": { "type": "Point", "coordinates": [ 36.0423567, 53.5909633 ] } },
{ "type": "Feature", "properties": { "name": "Жуковские Выселки", "is_admin_centre_district": false }, "geometry": { "type": "Point", "coordinates": [ 36.0928143, 53.571804 ] } },
{ "type": "Feature", "properties": { "name": "Ключниковские Выселки", "is_admin_centre_district": false }, "geometry": { "type": "Point", "coordinates": [ 36.0921346, 53.5802946 ] } },
{ "type": "Feature", "properties": { "name": "Игнатьево", "is_admin_centre_district": false }, "geometry": { "type": "Point", "coordinates": [ 36.1999519, 53.6498117 ] } },
{ "type": "Feature", "properties": { "name": "Петрищево", "is_admin_centre_district": false }, "geometry": { "type": "Point", "coordinates": [ 36.1876271, 53.6347804 ] } },
{ "type": "Feature", "properties": { "name": "Совхозный", "is_admin_centre_district": false }, "geometry": { "type": "Point", "coordinates": [ 36.1504158, 53.6299876 ] } },
{ "type": "Feature", "properties": { "name": "Сухочево", "is_admin_centre_district": false }, "geometry": { "type": "Point", "coordinates": [ 36.130586, 53.6730168 ] } },
{ "type": "Feature", "properties": { "name": "Уткино", "is_admin_centre_district": false }, "geometry": { "type": "Point", "coordinates": [ 36.1707336, 53.6587709 ] } },
{ "type": "Feature", "properties": { "name": "Борково", "is_admin_centre_district": false }, "geometry": { "type": "Point", "coordinates": [ 36.129875, 53.5715917 ] } },
{ "type": "Feature", "properties": { "name": "Кочерово", "is_admin_centre_district": false }, "geometry": { "type": "Point", "coordinates": [ 36.1533598, 53.5739171 ] } },
{ "type": "Feature", "properties": { "name": "Ментелово", "is_admin_centre_district": false }, "geometry": { "type": "Point", "coordinates": [ 36.1548993, 53.5841995 ] } },
{ "type": "Feature", "properties": { "name": "Борисовка", "is_admin_centre_district": false }, "geometry": { "type": "Point", "coordinates": [ 36.1032457, 53.5985037 ] } },
{ "type": "Feature", "properties": { "name": "Верхние Дольцы", "is_admin_centre_district": false }, "geometry": { "type": "Point", "coordinates": [ 36.1114771, 53.614925 ] } },
{ "type": "Feature", "properties": { "name": "Зубково", "is_admin_centre_district": false }, "geometry": { "type": "Point", "coordinates": [ 36.1395086, 53.6115227 ] } },
{ "type": "Feature", "properties": { "name": "Луна", "is_admin_centre_district": false }, "geometry": { "type": "Point", "coordinates": [ 36.1119592, 53.6496288 ] } },
{ "type": "Feature", "properties": { "name": "Малое Самолково", "is_admin_centre_district": false }, "geometry": { "type": "Point", "coordinates": [ 36.232843, 53.672213 ] } },
{ "type": "Feature", "properties": { "name": "Марьинский", "is_admin_centre_district": false }, "geometry": { "type": "Point", "coordinates": [ 36.1263429, 53.5980828 ] } },
{ "type": "Feature", "properties": { "name": "Михнево", "is_admin_centre_district": false }, "geometry": { "type": "Point", "coordinates": [ 36.2375282, 53.6164207 ] } },
{ "type": "Feature", "properties": { "name": "Николаевка", "is_admin_centre_district": false }, "geometry": { "type": "Point", "coordinates": [ 36.1247223, 53.6440522 ] } },
{ "type": "Feature", "properties": { "name": "Рыдань", "is_admin_centre_district": false }, "geometry": { "type": "Point", "coordinates": [ 36.3873185, 53.6465261 ] } },
{ "type": "Feature", "properties": { "name": "Малые Голубочки", "is_admin_centre_district": false }, "geometry": { "type": "Point", "coordinates": [ 36.354463, 53.5356743 ] } },
{ "type": "Feature", "properties": { "name": "Поляны", "is_admin_centre_district": false }, "geometry": { "type": "Point", "coordinates": [ 36.3867977, 53.497171 ] } },
{ "type": "Feature", "properties": { "name": "Батурский", "is_admin_centre_district": false }, "geometry": { "type": "Point", "coordinates": [ 36.3594407, 53.552244 ] } },
{ "type": "Feature", "properties": { "name": "Сороколетовское Лесничество", "is_admin_centre_district": false }, "geometry": { "type": "Point", "coordinates": [ 36.4420157, 53.6169139 ] } },
{ "type": "Feature", "properties": { "name": "Рыбкин 1-й", "is_admin_centre_district": false }, "geometry": { "type": "Point", "coordinates": [ 36.4533381, 53.6082942 ] } },
{ "type": "Feature", "properties": { "name": "Новые Дольцы", "is_admin_centre_district": false }, "geometry": { "type": "Point", "coordinates": [ 36.1272096, 53.6123423 ] } },
{ "type": "Feature", "properties": { "name": "Белёв", "is_admin_centre_district": true }, "geometry": { "type": "Point", "coordinates": [ 36.137001, 53.811798 ] } },
{ "type": "Feature", "properties": { "name": "Кулешово", "is_admin_centre_district": false }, "geometry": { "type": "Point", "coordinates": [ 36.352818, 54.021759 ] } },
{ "type": "Feature", "properties": { "name": "Манаенки", "is_admin_centre_district": false }, "geometry": { "type": "Point", "coordinates": [ 36.4563535, 53.7075278 ] } },
{ "type": "Feature", "properties": { "name": "Малахово", "is_admin_centre_district": false }, "geometry": { "type": "Point", "coordinates": [ 36.4807193, 53.9649952 ] } },
{ "type": "Feature", "properties": { "name": "Безово", "is_admin_centre_district": false }, "geometry": { "type": "Point", "coordinates": [ 36.4520467, 54.0662767 ] } },
{ "type": "Feature", "properties": { "name": "Сенюхино", "is_admin_centre_district": false }, "geometry": { "type": "Point", "coordinates": [ 36.0788368, 53.7833799 ] } },
{ "type": "Feature", "properties": { "name": "Алексеевка", "is_admin_centre_district": false }, "geometry": { "type": "Point", "coordinates": [ 36.2840989, 53.8693513 ] } },
{ "type": "Feature", "properties": { "name": "Берёзово", "is_admin_centre_district": false }, "geometry": { "type": "Point", "coordinates": [ 36.4070323, 54.0468412 ] } },
{ "type": "Feature", "properties": { "name": "Ближнерусаново", "is_admin_centre_district": false }, "geometry": { "type": "Point", "coordinates": [ 36.299531, 53.9664649 ] } },
{ "type": "Feature", "properties": { "name": "Володьково", "is_admin_centre_district": false }, "geometry": { "type": "Point", "coordinates": [ 36.2177804, 53.865705 ] } },
{ "type": "Feature", "properties": { "name": "Георгиевка", "is_admin_centre_district": false }, "geometry": { "type": "Point", "coordinates": [ 36.216479, 53.8890564 ] } },
{ "type": "Feature", "properties": { "name": "Карманье", "is_admin_centre_district": false }, "geometry": { "type": "Point", "coordinates": [ 36.2835218, 53.8768667 ] } },
{ "type": "Feature", "properties": { "name": "Кураково", "is_admin_centre_district": false }, "geometry": { "type": "Point", "coordinates": [ 36.2097494, 53.8160804 ] } },
{ "type": "Feature", "properties": { "name": "Льва Толстого", "is_admin_centre_district": false }, "geometry": { "type": "Point", "coordinates": [ 36.4146521, 53.978655 ] } },
{ "type": "Feature", "properties": { "name": "Матюхинский", "is_admin_centre_district": false }, "geometry": { "type": "Point", "coordinates": [ 36.2999636, 54.004712 ] } },
{ "type": "Feature", "properties": { "name": "Мишнево", "is_admin_centre_district": false }, "geometry": { "type": "Point", "coordinates": [ 36.3510134, 53.9729159 ] } },
{ "type": "Feature", "properties": { "name": "Многополье", "is_admin_centre_district": false }, "geometry": { "type": "Point", "coordinates": [ 36.2342105, 53.8678632 ] } },
{ "type": "Feature", "properties": { "name": "Мощены", "is_admin_centre_district": false }, "geometry": { "type": "Point", "coordinates": [ 36.2357295, 53.9401868 ] } },
{ "type": "Feature", "properties": { "name": "Николо-Гастунь", "is_admin_centre_district": false }, "geometry": { "type": "Point", "coordinates": [ 36.2188783, 53.9480356 ] } },
{ "type": "Feature", "properties": { "name": "Оматы", "is_admin_centre_district": false }, "geometry": { "type": "Point", "coordinates": [ 36.3132144, 53.9915458 ] } },
{ "type": "Feature", "properties": { "name": "Подрусановский", "is_admin_centre_district": false }, "geometry": { "type": "Point", "coordinates": [ 36.2970337, 53.9810556 ] } },
{ "type": "Feature", "properties": { "name": "Скорятино", "is_admin_centre_district": false }, "geometry": { "type": "Point", "coordinates": [ 36.3027845, 53.9418642 ] } },
{ "type": "Feature", "properties": { "name": "Хрящ", "is_admin_centre_district": false }, "geometry": { "type": "Point", "coordinates": [ 36.2297641, 53.9184977 ] } },
{ "type": "Feature", "properties": { "name": "Горбуново", "is_admin_centre_district": false }, "geometry": { "type": "Point", "coordinates": [ 36.2200558, 53.8544661 ] } },
{ "type": "Feature", "properties": { "name": "Рождественка", "is_admin_centre_district": false }, "geometry": { "type": "Point", "coordinates": [ 36.2708954, 53.7955218 ] } },
{ "type": "Feature", "properties": { "name": "Сергеевка", "is_admin_centre_district": false }, "geometry": { "type": "Point", "coordinates": [ 36.2522422, 53.8087412 ] } },
{ "type": "Feature", "properties": { "name": "Центральный", "is_admin_centre_district": false }, "geometry": { "type": "Point", "coordinates": [ 36.4241732, 53.7649746 ] } },
{ "type": "Feature", "properties": { "name": "Астафьево", "is_admin_centre_district": false }, "geometry": { "type": "Point", "coordinates": [ 36.3155322, 53.7503934 ] } },
{ "type": "Feature", "properties": { "name": "Болото", "is_admin_centre_district": false }, "geometry": { "type": "Point", "coordinates": [ 36.3256541, 53.8077109 ] } },
{ "type": "Feature", "properties": { "name": "Животово", "is_admin_centre_district": false }, "geometry": { "type": "Point", "coordinates": [ 36.2668895, 53.7502185 ] } },
{ "type": "Feature", "properties": { "name": "Куриловка", "is_admin_centre_district": false }, "geometry": { "type": "Point", "coordinates": [ 36.2139223, 53.7545221 ] } },
{ "type": "Feature", "properties": { "name": "Новая Велична", "is_admin_centre_district": false }, "geometry": { "type": "Point", "coordinates": [ 36.2416336, 53.7583069 ] } },
{ "type": "Feature", "properties": { "name": "Сестрики", "is_admin_centre_district": false }, "geometry": { "type": "Point", "coordinates": [ 36.1989266, 53.7890392 ] } },
{ "type": "Feature", "properties": { "name": "Старая Велична", "is_admin_centre_district": false }, "geometry": { "type": "Point", "coordinates": [ 36.228041, 53.7541074 ] } },
{ "type": "Feature", "properties": { "name": "Старое Алопово", "is_admin_centre_district": false }, "geometry": { "type": "Point", "coordinates": [ 36.2443521, 53.7491295 ] } },
{ "type": "Feature", "properties": { "name": "Темрянь", "is_admin_centre_district": false }, "geometry": { "type": "Point", "coordinates": [ 36.2157639, 53.7667567 ] } },
{ "type": "Feature", "properties": { "name": "Песковатое", "is_admin_centre_district": false }, "geometry": { "type": "Point", "coordinates": [ 36.2611407, 53.6832981 ] } },
{ "type": "Feature", "properties": { "name": "Абинь", "is_admin_centre_district": false }, "geometry": { "type": "Point", "coordinates": [ 36.295562, 53.6981581 ] } },
{ "type": "Feature", "properties": { "name": "Кожурово", "is_admin_centre_district": false }, "geometry": { "type": "Point", "coordinates": [ 36.2427013, 53.7090546 ] } },
{ "type": "Feature", "properties": { "name": "Семьюново", "is_admin_centre_district": false }, "geometry": { "type": "Point", "coordinates": [ 36.2338567, 53.7208875 ] } },
{ "type": "Feature", "properties": { "name": "Зелёная", "is_admin_centre_district": false }, "geometry": { "type": "Point", "coordinates": [ 36.3576081, 53.7134831 ] } },
{ "type": "Feature", "properties": { "name": "Каратеево", "is_admin_centre_district": false }, "geometry": { "type": "Point", "coordinates": [ 36.3315224, 53.7094011 ] } },
{ "type": "Feature", "properties": { "name": "Яхонтово", "is_admin_centre_district": false }, "geometry": { "type": "Point", "coordinates": [ 36.4775577, 53.8224648 ] } },
{ "type": "Feature", "properties": { "name": "Богданово", "is_admin_centre_district": false }, "geometry": { "type": "Point", "coordinates": [ 36.4340716, 53.8312796 ] } },
{ "type": "Feature", "properties": { "name": "Булычёво", "is_admin_centre_district": false }, "geometry": { "type": "Point", "coordinates": [ 36.3660037, 53.7917088 ] } },
{ "type": "Feature", "properties": { "name": "Бутырки", "is_admin_centre_district": false }, "geometry": { "type": "Point", "coordinates": [ 36.4416568, 53.9320401 ] } },
{ "type": "Feature", "properties": { "name": "Вязовна", "is_admin_centre_district": false }, "geometry": { "type": "Point", "coordinates": [ 36.4437892, 53.9183325 ] } },
{ "type": "Feature", "properties": { "name": "Горбачёво", "is_admin_centre_district": false }, "geometry": { "type": "Point", "coordinates": [ 36.4937892, 53.9030155 ] } },
{ "type": "Feature", "properties": { "name": "Животово", "is_admin_centre_district": false }, "geometry": { "type": "Point", "coordinates": [ 36.4473392, 53.8734165 ] } },
{ "type": "Feature", "properties": { "name": "Кашово", "is_admin_centre_district": false }, "geometry": { "type": "Point", "coordinates": [ 36.465489, 53.9260412 ] } },
{ "type": "Feature", "properties": { "name": "Пронино", "is_admin_centre_district": false }, "geometry": { "type": "Point", "coordinates": [ 36.3947968, 53.8052634 ] } },
{ "type": "Feature", "properties": { "name": "Семёновское", "is_admin_centre_district": false }, "geometry": { "type": "Point", "coordinates": [ 36.330855, 53.8351495 ] } },
{ "type": "Feature", "properties": { "name": "Стрешнево", "is_admin_centre_district": false }, "geometry": { "type": "Point", "coordinates": [ 36.4158415, 53.8268675 ] } },
{ "type": "Feature", "properties": { "name": "Приупский", "is_admin_centre_district": false }, "geometry": { "type": "Point", "coordinates": [ 36.4921574, 53.9556284 ] } },
{ "type": "Feature", "properties": { "name": "Фединское", "is_admin_centre_district": false }, "geometry": { "type": "Point", "coordinates": [ 36.1865124, 53.7370171 ] } },
{ "type": "Feature", "properties": { "name": "Рука", "is_admin_centre_district": false }, "geometry": { "type": "Point", "coordinates": [ 36.1679549, 53.7346947 ] } },
{ "type": "Feature", "properties": { "name": "Лиховищи", "is_admin_centre_district": false }, "geometry": { "type": "Point", "coordinates": [ 36.0902173, 53.7599356 ] } },
{ "type": "Feature", "properties": { "name": "Карцово", "is_admin_centre_district": false }, "geometry": { "type": "Point", "coordinates": [ 36.0645968, 53.7995452 ] } },
{ "type": "Feature", "properties": { "name": "Жуково", "is_admin_centre_district": false }, "geometry": { "type": "Point", "coordinates": [ 36.1710758, 53.8340267 ] } },
{ "type": "Feature", "properties": { "name": "Белёвское Лесничество", "is_admin_centre_district": false }, "geometry": { "type": "Point", "coordinates": [ 36.291357, 53.7972475 ] } },
{ "type": "Feature", "properties": { "name": "Боровна", "is_admin_centre_district": false }, "geometry": { "type": "Point", "coordinates": [ 36.2177837, 53.8355614 ] } },
{ "type": "Feature", "properties": { "name": "Городна", "is_admin_centre_district": false }, "geometry": { "type": "Point", "coordinates": [ 36.2988737, 53.7524125 ] } },
{ "type": "Feature", "properties": { "name": "Губино", "is_admin_centre_district": false }, "geometry": { "type": "Point", "coordinates": [ 36.2900506, 53.7096474 ] } },
{ "type": "Feature", "properties": { "name": "Дмитриевка", "is_admin_centre_district": false }, "geometry": { "type": "Point", "coordinates": [ 36.34887, 53.8043797 ] } },
{ "type": "Feature", "properties": { "name": "Жабынь", "is_admin_centre_district": false }, "geometry": { "type": "Point", "coordinates": [ 36.2060794, 53.8484834 ] } },
{ "type": "Feature", "properties": { "name": "Каменка", "is_admin_centre_district": false }, "geometry": { "type": "Point", "coordinates": [ 36.100101, 53.7781159 ] } },
{ "type": "Feature", "properties": { "name": "Киселевка", "is_admin_centre_district": false }, "geometry": { "type": "Point", "coordinates": [ 36.2702882, 53.7553356 ] } },
{ "type": "Feature", "properties": { "name": "Красный Пахарь", "is_admin_centre_district": false }, "geometry": { "type": "Point", "coordinates": [ 36.4141578, 53.77533 ] } },
{ "type": "Feature", "properties": { "name": "Кузнецово", "is_admin_centre_district": false }, "geometry": { "type": "Point", "coordinates": [ 36.0587502, 53.7546414 ] } },
{ "type": "Feature", "properties": { "name": "Кузнецовский", "is_admin_centre_district": false }, "geometry": { "type": "Point", "coordinates": [ 36.0901417, 53.7749356 ] } },
{ "type": "Feature", "properties": { "name": "Курентяево", "is_admin_centre_district": false }, "geometry": { "type": "Point", "coordinates": [ 35.9697263, 53.7415999 ] } },
{ "type": "Feature", "properties": { "name": "Нижние Савинки", "is_admin_centre_district": false }, "geometry": { "type": "Point", "coordinates": [ 36.3637623, 53.7377565 ] } },
{ "type": "Feature", "properties": { "name": "Ровно", "is_admin_centre_district": false }, "geometry": { "type": "Point", "coordinates": [ 36.0475802, 53.7775742 ] } },
{ "type": "Feature", "properties": { "name": "Слобода", "is_admin_centre_district": false }, "geometry": { "type": "Point", "coordinates": [ 35.9828155, 53.7606543 ] } },
{ "type": "Feature", "properties": { "name": "Слободка", "is_admin_centre_district": false }, "geometry": { "type": "Point", "coordinates": [ 36.4326604, 53.7768337 ] } },
{ "type": "Feature", "properties": { "name": "Тутово", "is_admin_centre_district": false }, "geometry": { "type": "Point", "coordinates": [ 36.2916652, 53.7186872 ] } },
{ "type": "Feature", "properties": { "name": "Зюзнево", "is_admin_centre_district": false }, "geometry": { "type": "Point", "coordinates": [ 36.001588, 53.7486498 ] } },
{ "type": "Feature", "properties": { "name": "Чермошна", "is_admin_centre_district": false }, "geometry": { "type": "Point", "coordinates": [ 36.0026364, 53.7641264 ] } },
{ "type": "Feature", "properties": { "name": "разъезд Веженка", "is_admin_centre_district": false }, "geometry": { "type": "Point", "coordinates": [ 36.2566085, 53.7932399 ] } },
{ "type": "Feature", "properties": { "name": "Березово", "is_admin_centre_district": false }, "geometry": { "type": "Point", "coordinates": [ 36.0215534, 53.8586329 ] } },
{ "type": "Feature", "properties": { "name": "Вишневая", "is_admin_centre_district": false }, "geometry": { "type": "Point", "coordinates": [ 36.031351, 53.7397288 ] } },
{ "type": "Feature", "properties": { "name": "Долбинский", "is_admin_centre_district": false }, "geometry": { "type": "Point", "coordinates": [ 36.0348927, 53.8098895 ] } },
{ "type": "Feature", "properties": { "name": "Дубна", "is_admin_centre_district": false }, "geometry": { "type": "Point", "coordinates": [ 35.9366173, 53.776627 ] } },
{ "type": "Feature", "properties": { "name": "Конново", "is_admin_centre_district": false }, "geometry": { "type": "Point", "coordinates": [ 35.9988737, 53.8424907 ] } },
{ "type": "Feature", "properties": { "name": "Ретюнь", "is_admin_centre_district": false }, "geometry": { "type": "Point", "coordinates": [ 35.9762094, 53.7797999 ] } },
{ "type": "Feature", "properties": { "name": "Бакино", "is_admin_centre_district": false }, "geometry": { "type": "Point", "coordinates": [ 36.0946985, 53.7185136 ] } },
{ "type": "Feature", "properties": { "name": "Карлово", "is_admin_centre_district": false }, "geometry": { "type": "Point", "coordinates": [ 36.057613, 53.7265079 ] } },
{ "type": "Feature", "properties": { "name": "Мочилки", "is_admin_centre_district": false }, "geometry": { "type": "Point", "coordinates": [ 36.1613624, 53.7052498 ] } },
{ "type": "Feature", "properties": { "name": "Прокино", "is_admin_centre_district": false }, "geometry": { "type": "Point", "coordinates": [ 36.0679987, 53.7136185 ] } },
{ "type": "Feature", "properties": { "name": "Рязанцево", "is_admin_centre_district": false }, "geometry": { "type": "Point", "coordinates": [ 36.0984547, 53.7412903 ] } },
{ "type": "Feature", "properties": { "name": "Слобода", "is_admin_centre_district": false }, "geometry": { "type": "Point", "coordinates": [ 36.0918493, 53.6845348 ] } },
{ "type": "Feature", "properties": { "name": "Ганьшино", "is_admin_centre_district": false }, "geometry": { "type": "Point", "coordinates": [ 36.0825237, 53.8156468 ] } },
{ "type": "Feature", "properties": { "name": "Ганьшинский", "is_admin_centre_district": false }, "geometry": { "type": "Point", "coordinates": [ 36.0892513, 53.8215067 ] } },
{ "type": "Feature", "properties": { "name": "Долбино", "is_admin_centre_district": false }, "geometry": { "type": "Point", "coordinates": [ 36.0154892, 53.7827811 ] } },
{ "type": "Feature", "properties": { "name": "Ишутино", "is_admin_centre_district": false }, "geometry": { "type": "Point", "coordinates": [ 36.0603695, 53.8356649 ] } },
{ "type": "Feature", "properties": { "name": "Каталаново", "is_admin_centre_district": false }, "geometry": { "type": "Point", "coordinates": [ 36.0606804, 53.843881 ] } },
{ "type": "Feature", "properties": { "name": "Пахинские Выселки", "is_admin_centre_district": false }, "geometry": { "type": "Point", "coordinates": [ 36.0932683, 53.8040677 ] } },
{ "type": "Feature", "properties": { "name": "Умрышенки", "is_admin_centre_district": false }, "geometry": { "type": "Point", "coordinates": [ 36.0546779, 53.8190612 ] } },
{ "type": "Feature", "properties": { "name": "Ходыкино", "is_admin_centre_district": false }, "geometry": { "type": "Point", "coordinates": [ 36.0887405, 53.8358704 ] } },
{ "type": "Feature", "properties": { "name": "Алферово", "is_admin_centre_district": false }, "geometry": { "type": "Point", "coordinates": [ 36.0797693, 53.9500025 ] } },
{ "type": "Feature", "properties": { "name": "Береговая", "is_admin_centre_district": false }, "geometry": { "type": "Point", "coordinates": [ 36.182422, 53.8596606 ] } },
{ "type": "Feature", "properties": { "name": "Беседино", "is_admin_centre_district": false }, "geometry": { "type": "Point", "coordinates": [ 36.1546453, 53.8563061 ] } },
{ "type": "Feature", "properties": { "name": "Болтенки", "is_admin_centre_district": false }, "geometry": { "type": "Point", "coordinates": [ 36.1689443, 53.8669114 ] } },
{ "type": "Feature", "properties": { "name": "Давыдово", "is_admin_centre_district": false }, "geometry": { "type": "Point", "coordinates": [ 36.1364356, 53.9028634 ] } },
{ "type": "Feature", "properties": { "name": "Зеново", "is_admin_centre_district": false }, "geometry": { "type": "Point", "coordinates": [ 36.1588625, 53.9426745 ] } },
{ "type": "Feature", "properties": { "name": "Иваново", "is_admin_centre_district": false }, "geometry": { "type": "Point", "coordinates": [ 36.1596707, 53.921424 ] } },
{ "type": "Feature", "properties": { "name": "Какурино", "is_admin_centre_district": false }, "geometry": { "type": "Point", "coordinates": [ 36.099829, 53.9128078 ] } },
{ "type": "Feature", "properties": { "name": "Кащеево", "is_admin_centre_district": false }, "geometry": { "type": "Point", "coordinates": [ 36.1283471, 53.8788475 ] } },
{ "type": "Feature", "properties": { "name": "Козино", "is_admin_centre_district": false }, "geometry": { "type": "Point", "coordinates": [ 36.1858787, 53.9463841 ] } },
{ "type": "Feature", "properties": { "name": "Кондратово", "is_admin_centre_district": false }, "geometry": { "type": "Point", "coordinates": [ 36.2127578, 53.9356538 ] } },
{ "type": "Feature", "properties": { "name": "Кудрино", "is_admin_centre_district": false }, "geometry": { "type": "Point", "coordinates": [ 36.1352693, 53.9296933 ] } },
{ "type": "Feature", "properties": { "name": "Ламоново", "is_admin_centre_district": false }, "geometry": { "type": "Point", "coordinates": [ 36.13736, 53.8294335 ] } },
{ "type": "Feature", "properties": { "name": "Марково", "is_admin_centre_district": false }, "geometry": { "type": "Point", "coordinates": [ 36.0981063, 53.9368198 ] } },
{ "type": "Feature", "properties": { "name": "Полевая", "is_admin_centre_district": false }, "geometry": { "type": "Point", "coordinates": [ 36.1466875, 53.8808729 ] } },
{ "type": "Feature", "properties": { "name": "Рядово", "is_admin_centre_district": false }, "geometry": { "type": "Point", "coordinates": [ 36.1234129, 53.8499452 ] } },
{ "type": "Feature", "properties": { "name": "Сальково", "is_admin_centre_district": false }, "geometry": { "type": "Point", "coordinates": [ 36.1786919, 53.9683121 ] } },
{ "type": "Feature", "properties": { "name": "Скрылево", "is_admin_centre_district": false }, "geometry": { "type": "Point", "coordinates": [ 36.0735108, 53.9363205 ] } },
{ "type": "Feature", "properties": { "name": "Сныхово", "is_admin_centre_district": false }, "geometry": { "type": "Point", "coordinates": [ 36.181053, 53.9015907 ] } },
{ "type": "Feature", "properties": { "name": "Староселье", "is_admin_centre_district": false }, "geometry": { "type": "Point", "coordinates": [ 36.161073, 53.95545 ] } },
{ "type": "Feature", "properties": { "name": "Толстовский", "is_admin_centre_district": false }, "geometry": { "type": "Point", "coordinates": [ 36.1312806, 53.8938219 ] } },
{ "type": "Feature", "properties": { "name": "Александровка", "is_admin_centre_district": false }, "geometry": { "type": "Point", "coordinates": [ 36.1593991, 53.759837 ] } },
{ "type": "Feature", "properties": { "name": "Кализна", "is_admin_centre_district": false }, "geometry": { "type": "Point", "coordinates": [ 36.1794592, 53.7645165 ] } },
{ "type": "Feature", "properties": { "name": "Леонтьево", "is_admin_centre_district": false }, "geometry": { "type": "Point", "coordinates": [ 36.1624576, 53.7271192 ] } },
{ "type": "Feature", "properties": { "name": "Маршуково", "is_admin_centre_district": false }, "geometry": { "type": "Point", "coordinates": [ 36.1324976, 53.6874529 ] } },
{ "type": "Feature", "properties": { "name": "Мишенское", "is_admin_centre_district": false }, "geometry": { "type": "Point", "coordinates": [ 36.1326823, 53.7705778 ] } },
{ "type": "Feature", "properties": { "name": "Петрово", "is_admin_centre_district": false }, "geometry": { "type": "Point", "coordinates": [ 36.1901521, 53.7069047 ] } },
{ "type": "Feature", "properties": { "name": "Пронино", "is_admin_centre_district": false }, "geometry": { "type": "Point", "coordinates": [ 36.1490332, 53.6920374 ] } },
{ "type": "Feature", "properties": { "name": "Садовая", "is_admin_centre_district": false }, "geometry": { "type": "Point", "coordinates": [ 36.129264, 53.7338776 ] } },
{ "type": "Feature", "properties": { "name": "Таратухино", "is_admin_centre_district": false }, "geometry": { "type": "Point", "coordinates": [ 36.1807955, 53.6934313 ] } },
{ "type": "Feature", "properties": { "name": "Фатьяново", "is_admin_centre_district": false }, "geometry": { "type": "Point", "coordinates": [ 36.1463556, 53.7804123 ] } },
{ "type": "Feature", "properties": { "name": "Шишкино", "is_admin_centre_district": false }, "geometry": { "type": "Point", "coordinates": [ 36.1225832, 53.7098501 ] } },
{ "type": "Feature", "properties": { "name": "Монастырский", "is_admin_centre_district": false }, "geometry": { "type": "Point", "coordinates": [ 36.2099735, 53.9009775 ] } },
{ "type": "Feature", "properties": { "name": "Большое Самолково", "is_admin_centre_district": false }, "geometry": { "type": "Point", "coordinates": [ 36.2363915, 53.6894725 ] } },
{ "type": "Feature", "properties": { "name": "Желоба 1", "is_admin_centre_district": false }, "geometry": { "type": "Point", "coordinates": [ 36.1681608, 54.0349717 ] } },
{ "type": "Feature", "properties": { "name": "Желоба 2", "is_admin_centre_district": false }, "geometry": { "type": "Point", "coordinates": [ 36.1607271, 54.0440547 ] } },
{ "type": "Feature", "properties": { "name": "Переславичи", "is_admin_centre_district": false }, "geometry": { "type": "Point", "coordinates": [ 36.1976589, 54.0251044 ] } },
{ "type": "Feature", "properties": { "name": "Жеремино", "is_admin_centre_district": false }, "geometry": { "type": "Point", "coordinates": [ 36.3168717, 54.0349087 ] } },
{ "type": "Feature", "properties": { "name": "Телятинки", "is_admin_centre_district": false }, "geometry": { "type": "Point", "coordinates": [ 36.3874017, 54.0600345 ] } },
{ "type": "Feature", "properties": { "name": "Миново", "is_admin_centre_district": false }, "geometry": { "type": "Point", "coordinates": [ 36.4992615, 53.6962365 ] } },
{ "type": "Feature", "properties": { "name": "Белое", "is_admin_centre_district": false }, "geometry": { "type": "Point", "coordinates": [ 36.3531373, 54.0508057 ] } },
{ "type": "Feature", "properties": { "name": "Крюковка", "is_admin_centre_district": false }, "geometry": { "type": "Point", "coordinates": [ 36.175016, 53.9971655 ] } },
{ "type": "Feature", "properties": { "name": "Спасское", "is_admin_centre_district": false }, "geometry": { "type": "Point", "coordinates": [ 36.4542578, 53.8866594 ] } },
{ "type": "Feature", "properties": { "name": "Песковатское", "is_admin_centre_district": false }, "geometry": { "type": "Point", "coordinates": [ 36.2663914, 54.0470832 ] } },
{ "type": "Feature", "properties": { "name": "Павловка", "is_admin_centre_district": false }, "geometry": { "type": "Point", "coordinates": [ 36.1506843, 54.0183852 ] } },
{ "type": "Feature", "properties": { "name": "Лихвинка", "is_admin_centre_district": false }, "geometry": { "type": "Point", "coordinates": [ 36.2918114, 54.0523344 ] } },
{ "type": "Feature", "properties": { "name": "Курьяново", "is_admin_centre_district": false }, "geometry": { "type": "Point", "coordinates": [ 36.2538957, 54.0624105 ] } },
{ "type": "Feature", "properties": { "name": "Кипеть", "is_admin_centre_district": false }, "geometry": { "type": "Point", "coordinates": [ 36.2529516, 54.009055 ] } },
{ "type": "Feature", "properties": { "name": "Мыжбор", "is_admin_centre_district": false }, "geometry": { "type": "Point", "coordinates": [ 36.1956596, 54.0548284 ] } },
{ "type": "Feature", "properties": { "name": "Измайловка", "is_admin_centre_district": false }, "geometry": { "type": "Point", "coordinates": [ 36.2133837, 54.0580403 ] } },
{ "type": "Feature", "properties": { "name": "Новая Слободка", "is_admin_centre_district": false }, "geometry": { "type": "Point", "coordinates": [ 36.1976552, 53.995081 ] } },
{ "type": "Feature", "properties": { "name": "Горки", "is_admin_centre_district": false }, "geometry": { "type": "Point", "coordinates": [ 36.1793947, 53.9919779 ] } },
{ "type": "Feature", "properties": { "name": "Александрия", "is_admin_centre_district": false }, "geometry": { "type": "Point", "coordinates": [ 36.1534524, 54.031948 ] } },
{ "type": "Feature", "properties": { "name": "Новослободский", "is_admin_centre_district": false }, "geometry": { "type": "Point", "coordinates": [ 36.1149291, 53.9936319 ] } },
{ "type": "Feature", "properties": { "name": "Черепеть", "is_admin_centre_district": false }, "geometry": { "type": "Point", "coordinates": [ 36.378567, 54.117241 ] } },
{ "type": "Feature", "properties": { "name": "Чекалин", "is_admin_centre_district": false }, "geometry": { "type": "Point", "coordinates": [ 36.2448438, 54.0970949 ] } },
{ "type": "Feature", "properties": { "name": "Шахтёрский", "is_admin_centre_district": false }, "geometry": { "type": "Point", "coordinates": [ 36.4611211, 54.156212 ] } },
{ "type": "Feature", "properties": { "name": "Острый Клин", "is_admin_centre_district": false }, "geometry": { "type": "Point", "coordinates": [ 36.3758589, 54.1865856 ] } },
{ "type": "Feature", "properties": { "name": "Песоченский", "is_admin_centre_district": false }, "geometry": { "type": "Point", "coordinates": [ 36.1093936, 54.1732528 ] } },
{ "type": "Feature", "properties": { "name": "Збродово", "is_admin_centre_district": false }, "geometry": { "type": "Point", "coordinates": [ 36.4065941, 54.1827385 ] } },
{ "type": "Feature", "properties": { "name": "Курорт Краинка", "is_admin_centre_district": false }, "geometry": { "type": "Point", "coordinates": [ 36.338673, 54.110142 ] } },
{ "type": "Feature", "properties": { "name": "Збродовский", "is_admin_centre_district": false }, "geometry": { "type": "Point", "coordinates": [ 36.4281574, 54.1814329 ] } },
{ "type": "Feature", "properties": { "name": "Токарево", "is_admin_centre_district": false }, "geometry": { "type": "Point", "coordinates": [ 36.4844306, 54.1936933 ] } },
{ "type": "Feature", "properties": { "name": "Селюково", "is_admin_centre_district": false }, "geometry": { "type": "Point", "coordinates": [ 36.139014, 54.1087711 ] } },
{ "type": "Feature", "properties": { "name": "Агеево", "is_admin_centre_district": false }, "geometry": { "type": "Point", "coordinates": [ 36.4739169, 54.1594074 ] } },
{ "type": "Feature", "properties": { "name": "Бойтово", "is_admin_centre_district": false }, "geometry": { "type": "Point", "coordinates": [ 36.1831843, 54.1224952 ] } },
{ "type": "Feature", "properties": { "name": "Самарово", "is_admin_centre_district": false }, "geometry": { "type": "Point", "coordinates": [ 36.1909931, 54.1024943 ] } },
{ "type": "Feature", "properties": { "name": "Краинка", "is_admin_centre_district": false }, "geometry": { "type": "Point", "coordinates": [ 36.343271, 54.1168457 ] } },
{ "type": "Feature", "properties": { "name": "Новая Черепеть", "is_admin_centre_district": false }, "geometry": { "type": "Point", "coordinates": [ 36.3425268, 54.1017499 ] } },
{ "type": "Feature", "properties": { "name": "Рождествено", "is_admin_centre_district": false }, "geometry": { "type": "Point", "coordinates": [ 36.3240854, 54.10941 ] } },
{ "type": "Feature", "properties": { "name": "Западное", "is_admin_centre_district": false }, "geometry": { "type": "Point", "coordinates": [ 36.2996916, 54.1252674 ] } },
{ "type": "Feature", "properties": { "name": "Машковичи", "is_admin_centre_district": false }, "geometry": { "type": "Point", "coordinates": [ 36.2779207, 54.1881927 ] } },
{ "type": "Feature", "properties": { "name": "Камышинка", "is_admin_centre_district": false }, "geometry": { "type": "Point", "coordinates": [ 36.0050492, 54.1806503 ] } },
{ "type": "Feature", "properties": { "name": "Лужки", "is_admin_centre_district": false }, "geometry": { "type": "Point", "coordinates": [ 36.4234588, 54.1273131 ] } },
{ "type": "Feature", "properties": { "name": "Веретье", "is_admin_centre_district": false }, "geometry": { "type": "Point", "coordinates": [ 36.2726929, 54.1327067 ] } },
{ "type": "Feature", "properties": { "name": "Цепинка", "is_admin_centre_district": false }, "geometry": { "type": "Point", "coordinates": [ 36.3788666, 54.1365082 ] } },
{ "type": "Feature", "properties": { "name": "Бобровка", "is_admin_centre_district": false }, "geometry": { "type": "Point", "coordinates": [ 36.3692397, 54.1435061 ] } },
{ "type": "Feature", "properties": { "name": "Балево", "is_admin_centre_district": false }, "geometry": { "type": "Point", "coordinates": [ 36.4297411, 54.113357 ] } },
{ "type": "Feature", "properties": { "name": "Доброе", "is_admin_centre_district": false }, "geometry": { "type": "Point", "coordinates": [ 36.3357631, 54.1806144 ] } },
{ "type": "Feature", "properties": { "name": "Ившино", "is_admin_centre_district": false }, "geometry": { "type": "Point", "coordinates": [ 36.3433598, 54.2001934 ] } },
{ "type": "Feature", "properties": { "name": "Северо-Агеевский", "is_admin_centre_district": false }, "geometry": { "type": "Point", "coordinates": [ 36.3427705, 54.2097424 ] } },
{ "type": "Feature", "properties": { "name": "Болото", "is_admin_centre_district": false }, "geometry": { "type": "Point", "coordinates": [ 36.3242117, 54.1613737 ] } },
{ "type": "Feature", "properties": { "name": "Черепетская Коммуна", "is_admin_centre_district": false }, "geometry": { "type": "Point", "coordinates": [ 36.3455844, 54.1289645 ] } },
{ "type": "Feature", "properties": { "name": "Тарасьево", "is_admin_centre_district": false }, "geometry": { "type": "Point", "coordinates": [ 36.2173104, 54.1451182 ] } },
{ "type": "Feature", "properties": { "name": "Ржавец 5-й", "is_admin_centre_district": false }, "geometry": { "type": "Point", "coordinates": [ 36.1591386, 54.1414732 ] } },
{ "type": "Feature", "properties": { "name": "Ржавец 4-й", "is_admin_centre_district": false }, "geometry": { "type": "Point", "coordinates": [ 36.1136055, 54.1455707 ] } },
{ "type": "Feature", "properties": { "name": "Ржавец 2-й", "is_admin_centre_district": false }, "geometry": { "type": "Point", "coordinates": [ 36.178236, 54.1466892 ] } },
{ "type": "Feature", "properties": { "name": "Ржавец 3-й", "is_admin_centre_district": false }, "geometry": { "type": "Point", "coordinates": [ 36.1841154, 54.1522565 ] } },
{ "type": "Feature", "properties": { "name": "Ржавец 1-й", "is_admin_centre_district": false }, "geometry": { "type": "Point", "coordinates": [ 36.1481094, 54.1591548 ] } },
{ "type": "Feature", "properties": { "name": "Ширяево", "is_admin_centre_district": false }, "geometry": { "type": "Point", "coordinates": [ 36.4071464, 54.2075993 ] } },
{ "type": "Feature", "properties": { "name": "Покровское", "is_admin_centre_district": false }, "geometry": { "type": "Point", "coordinates": [ 36.3976657, 54.2085686 ] } },
{ "type": "Feature", "properties": { "name": "Подгородняя Слободка", "is_admin_centre_district": false }, "geometry": { "type": "Point", "coordinates": [ 36.2601828, 54.078867 ] } },
{ "type": "Feature", "properties": { "name": "Песочня", "is_admin_centre_district": false }, "geometry": { "type": "Point", "coordinates": [ 36.4168453, 54.1646953 ] } },
{ "type": "Feature", "properties": { "name": "Митинка", "is_admin_centre_district": false }, "geometry": { "type": "Point", "coordinates": [ 36.1039066, 54.1698959 ] } },
{ "type": "Feature", "properties": { "name": "Малятино", "is_admin_centre_district": false }, "geometry": { "type": "Point", "coordinates": [ 36.1595464, 54.1220486 ] } },
{ "type": "Feature", "properties": { "name": "Льшна", "is_admin_centre_district": false }, "geometry": { "type": "Point", "coordinates": [ 36.1284971, 54.1727848 ] } },
{ "type": "Feature", "properties": { "name": "Лужковский", "is_admin_centre_district": false }, "geometry": { "type": "Point", "coordinates": [ 36.4347839, 54.1226397 ] } },
{ "type": "Feature", "properties": { "name": "Косолапово", "is_admin_centre_district": false }, "geometry": { "type": "Point", "coordinates": [ 36.2731218, 54.068669 ] } },
{ "type": "Feature", "properties": { "name": "Зудкино", "is_admin_centre_district": false }, "geometry": { "type": "Point", "coordinates": [ 36.4393115, 54.1995919 ] } },
{ "type": "Feature", "properties": { "name": "Знаменское", "is_admin_centre_district": false }, "geometry": { "type": "Point", "coordinates": [ 36.4429378, 54.1358165 ] } },
{ "type": "Feature", "properties": { "name": "Зелёные Лужки", "is_admin_centre_district": false }, "geometry": { "type": "Point", "coordinates": [ 36.1401701, 54.1157101 ] } },
{ "type": "Feature", "properties": { "name": "Зеленино", "is_admin_centre_district": false }, "geometry": { "type": "Point", "coordinates": [ 36.2396907, 54.1346348 ] } },
{ "type": "Feature", "properties": { "name": "Зелёная Роща", "is_admin_centre_district": false }, "geometry": { "type": "Point", "coordinates": [ 36.375432, 54.1067162 ] } },
{ "type": "Feature", "properties": { "name": "Малая Алешня", "is_admin_centre_district": false }, "geometry": { "type": "Point", "coordinates": [ 36.3699174, 54.1035711 ] } },
{ "type": "Feature", "properties": { "name": "Дорофино", "is_admin_centre_district": false }, "geometry": { "type": "Point", "coordinates": [ 36.3810324, 54.0995953 ] } },
{ "type": "Feature", "properties": { "name": "Гущино", "is_admin_centre_district": false }, "geometry": { "type": "Point", "coordinates": [ 36.3049006, 54.0733403 ] } },
{ "type": "Feature", "properties": { "name": "Герасимово", "is_admin_centre_district": false }, "geometry": { "type": "Point", "coordinates": [ 36.3602722, 54.1722761 ] } },
{ "type": "Feature", "properties": { "name": "Варушицы", "is_admin_centre_district": false }, "geometry": { "type": "Point", "coordinates": [ 36.2954811, 54.2009441 ] } },
{ "type": "Feature", "properties": { "name": "Бряньково", "is_admin_centre_district": false }, "geometry": { "type": "Point", "coordinates": [ 36.2391329, 54.1610017 ] } },
{ "type": "Feature", "properties": { "name": "Большая Алешня", "is_admin_centre_district": false }, "geometry": { "type": "Point", "coordinates": [ 36.3994431, 54.1464379 ] } },
{ "type": "Feature", "properties": { "name": "Балево", "is_admin_centre_district": false }, "geometry": { "type": "Point", "coordinates": [ 36.4265549, 54.1179739 ] } },
{ "type": "Feature", "properties": { "name": "Андроново", "is_admin_centre_district": false }, "geometry": { "type": "Point", "coordinates": [ 36.2772953, 54.1716481 ] } },
{ "type": "Feature", "properties": { "name": "Южно-Ватцевский", "is_admin_centre_district": false }, "geometry": { "type": "Point", "coordinates": [ 36.4941512, 54.100223 ] } },
{ "type": "Feature", "properties": { "name": "Добринка", "is_admin_centre_district": false }, "geometry": { "type": "Point", "coordinates": [ 36.0451662, 54.1724551 ] } }
]
}
