{
"type": "FeatureCollection",
"name": "fuel",
"crs": { "type": "name", "properties": { "name": "urn:ogc:def:crs:OGC:1.3:CRS84" } },
"features": [
{ "type": "Feature", "properties": { "full_id": "n2365514798", "osm_id": "2365514798", "osm_type": "node", "amenity": "fuel", "email": null, "cafe": null, "self_service": null, "addr:postcode": null, "wifi": null, "internet_access:fee": null, "contact:vk": null, "barrier": null, "fuel:biogas": null, "fuel:octane_91": null, "fuel:e85": null, "fuel:e10": null, "fuel:biodiesel": null, "fuel:GTL_diesel": null, "fuel:1_50": null, "fuel:1_25": null, "addr:place": null, "name:hy": null, "fuel:cng": null, "phone": null, "payment:cash": null, "fuel:octane": null, "owner": null, "fuel:HGV_diesel": null, "wheelchair": null, "addr:housenumber": null, "addr:city": null, "payment:debit_cards": null, "payment:visa_electron": null, "payment:visa_debit": null, "payment:visa": null, "payment:mastercard": null, "payment:maestro": null, "payment:credit_cards": null, "website": null, "fuel:octane_80": null, "internet_access": null, "contact:email": null, "compressed_air": null, "brand:wikipedia": null, "name:ru": null, "kiosk": null, "brand:wikidata": null, "brand:ru": null, "brand:en": null, "payment:cards": null, "fuel:octane_98": null, "fuel:lpg": null, "fuel:discount": null, "atm": null, "addr:street": null, "fuel:octane_100": null, "description": null, "toilets": null, "shop": null, "ref": null, "operator": null, "opening_hours": null, "name:en": null, "name": null, "fuel:octane_95": null, "fuel:octane_92": null, "fuel:diesel": null, "contact:website": null, "contact:phone": null, "brand": null }, "geometry": { "type": "Point", "coordinates": [ 36.6530046, 53.7479869 ] } },
{ "type": "Feature", "properties": { "full_id": "n417798484", "osm_id": "417798484", "osm_type": "node", "amenity": "fuel", "email": null, "cafe": null, "self_service": null, "addr:postcode": null, "wifi": null, "internet_access:fee": null, "contact:vk": null, "barrier": null, "fuel:biogas": null, "fuel:octane_91": null, "fuel:e85": null, "fuel:e10": null, "fuel:biodiesel": null, "fuel:GTL_diesel": null, "fuel:1_50": null, "fuel:1_25": null, "addr:place": null, "name:hy": null, "fuel:cng": null, "phone": null, "payment:cash": null, "fuel:octane": null, "owner": null, "fuel:HGV_diesel": null, "wheelchair": null, "addr:housenumber": null, "addr:city": null, "payment:debit_cards": null, "payment:visa_electron": null, "payment:visa_debit": null, "payment:visa": null, "payment:mastercard": null, "payment:maestro": null, "payment:credit_cards": null, "website": null, "fuel:octane_80": null, "internet_access": null, "contact:email": null, "compressed_air": null, "brand:wikipedia": null, "name:ru": null, "kiosk": null, "brand:wikidata": null, "brand:ru": null, "brand:en": null, "payment:cards": null, "fuel:octane_98": null, "fuel:lpg": null, "fuel:discount": null, "atm": null, "addr:street": null, "fuel:octane_100": "no", "description": null, "toilets": null, "shop": null, "ref": null, "operator": null, "opening_hours": "24/7", "name:en": null, "name": "Petrol", "fuel:octane_95": "yes", "fuel:octane_92": "yes", "fuel:diesel": "yes", "contact:website": null, "contact:phone": null, "brand": null }, "geometry": { "type": "Point", "coordinates": [ 37.0098577, 53.4901382 ] } },
{ "type": "Feature", "properties": { "full_id": "n444856680", "osm_id": "444856680", "osm_type": "node", "amenity": "fuel", "email": null, "cafe": null, "self_service": null, "addr:postcode": null, "wifi": null, "internet_access:fee": null, "contact:vk": null, "barrier": null, "fuel:biogas": null, "fuel:octane_91": null, "fuel:e85": null, "fuel:e10": null, "fuel:biodiesel": null, "fuel:GTL_diesel": null, "fuel:1_50": null, "fuel:1_25": null, "addr:place": null, "name:hy": null, "fuel:cng": null, "phone": null, "payment:cash": null, "fuel:octane": null, "owner": null, "fuel:HGV_diesel": null, "wheelchair": null, "addr:housenumber": null, "addr:city": null, "payment:debit_cards": null, "payment:visa_electron": null, "payment:visa_debit": null, "payment:visa": null, "payment:mastercard": null, "payment:maestro": null, "payment:credit_cards": null, "website": null, "fuel:octane_80": null, "internet_access": null, "contact:email": null, "compressed_air": null, "brand:wikipedia": "en:Rosneft", "name:ru": null, "kiosk": null, "brand:wikidata": "Q1141123", "brand:ru": null, "brand:en": "Rosneft", "payment:cards": null, "fuel:octane_98": null, "fuel:lpg": null, "fuel:discount": null, "atm": null, "addr:street": null, "fuel:octane_100": null, "description": null, "toilets": null, "shop": null, "ref": null, "operator": null, "opening_hours": null, "name:en": "Rosneft", "name": "Роснефть", "fuel:octane_95": "yes", "fuel:octane_92": "yes", "fuel:diesel": "yes", "contact:website": null, "contact:phone": null, "brand": "Роснефть" }, "geometry": { "type": "Point", "coordinates": [ 36.9270881, 53.4553724 ] } },
{ "type": "Feature", "properties": { "full_id": "n10600139312", "osm_id": "10600139312", "osm_type": "node", "amenity": "fuel", "email": null, "cafe": null, "self_service": null, "addr:postcode": null, "wifi": null, "internet_access:fee": null, "contact:vk": null, "barrier": null, "fuel:biogas": null, "fuel:octane_91": null, "fuel:e85": null, "fuel:e10": null, "fuel:biodiesel": null, "fuel:GTL_diesel": null, "fuel:1_50": null, "fuel:1_25": null, "addr:place": null, "name:hy": null, "fuel:cng": null, "phone": null, "payment:cash": null, "fuel:octane": null, "owner": null, "fuel:HGV_diesel": null, "wheelchair": null, "addr:housenumber": null, "addr:city": null, "payment:debit_cards": null, "payment:visa_electron": null, "payment:visa_debit": null, "payment:visa": null, "payment:mastercard": null, "payment:maestro": null, "payment:credit_cards": null, "website": null, "fuel:octane_80": null, "internet_access": null, "contact:email": null, "compressed_air": null, "brand:wikipedia": null, "name:ru": null, "kiosk": null, "brand:wikidata": null, "brand:ru": null, "brand:en": null, "payment:cards": null, "fuel:octane_98": null, "fuel:lpg": "yes", "fuel:discount": null, "atm": null, "addr:street": null, "fuel:octane_100": null, "description": null, "toilets": null, "shop": null, "ref": null, "operator": null, "opening_hours": null, "name:en": null, "name": "Кимовскгазстрой", "fuel:octane_95": "yes", "fuel:octane_92": "yes", "fuel:diesel": null, "contact:website": null, "contact:phone": null, "brand": null }, "geometry": { "type": "Point", "coordinates": [ 36.8577749, 53.4512076 ] } },
{ "type": "Feature", "properties": { "full_id": "n1647826340", "osm_id": "1647826340", "osm_type": "node", "amenity": "fuel", "email": null, "cafe": null, "self_service": null, "addr:postcode": null, "wifi": null, "internet_access:fee": null, "contact:vk": null, "barrier": null, "fuel:biogas": null, "fuel:octane_91": null, "fuel:e85": null, "fuel:e10": null, "fuel:biodiesel": null, "fuel:GTL_diesel": null, "fuel:1_50": null, "fuel:1_25": null, "addr:place": null, "name:hy": null, "fuel:cng": null, "phone": null, "payment:cash": null, "fuel:octane": null, "owner": null, "fuel:HGV_diesel": null, "wheelchair": null, "addr:housenumber": null, "addr:city": null, "payment:debit_cards": null, "payment:visa_electron": null, "payment:visa_debit": null, "payment:visa": null, "payment:mastercard": null, "payment:maestro": null, "payment:credit_cards": null, "website": null, "fuel:octane_80": null, "internet_access": null, "contact:email": null, "compressed_air": null, "brand:wikipedia": null, "name:ru": null, "kiosk": null, "brand:wikidata": null, "brand:ru": null, "brand:en": null, "payment:cards": null, "fuel:octane_98": null, "fuel:lpg": null, "fuel:discount": null, "atm": null, "addr:street": null, "fuel:octane_100": null, "description": null, "toilets": null, "shop": null, "ref": null, "operator": "ТНК-BP", "opening_hours": null, "name:en": null, "name": "Роснефть", "fuel:octane_95": null, "fuel:octane_92": null, "fuel:diesel": null, "contact:website": null, "contact:phone": null, "brand": "ТНК" }, "geometry": { "type": "Point", "coordinates": [ 36.1499875, 53.7911582 ] } },
{ "type": "Feature", "properties": { "full_id": "n3148596805", "osm_id": "3148596805", "osm_type": "node", "amenity": "fuel", "email": null, "cafe": null, "self_service": null, "addr:postcode": null, "wifi": null, "internet_access:fee": null, "contact:vk": null, "barrier": null, "fuel:biogas": null, "fuel:octane_91": null, "fuel:e85": null, "fuel:e10": null, "fuel:biodiesel": null, "fuel:GTL_diesel": null, "fuel:1_50": null, "fuel:1_25": null, "addr:place": null, "name:hy": null, "fuel:cng": null, "phone": null, "payment:cash": null, "fuel:octane": null, "owner": null, "fuel:HGV_diesel": null, "wheelchair": null, "addr:housenumber": null, "addr:city": null, "payment:debit_cards": null, "payment:visa_electron": null, "payment:visa_debit": null, "payment:visa": null, "payment:mastercard": null, "payment:maestro": null, "payment:credit_cards": null, "website": null, "fuel:octane_80": null, "internet_access": null, "contact:email": null, "compressed_air": null, "brand:wikipedia": null, "name:ru": null, "kiosk": null, "brand:wikidata": null, "brand:ru": null, "brand:en": null, "payment:cards": null, "fuel:octane_98": null, "fuel:lpg": null, "fuel:discount": null, "atm": null, "addr:street": null, "fuel:octane_100": null, "description": null, "toilets": null, "shop": null, "ref": null, "operator": null, "opening_hours": null, "name:en": null, "name": "ОКА", "fuel:octane_95": null, "fuel:octane_92": null, "fuel:diesel": null, "contact:website": null, "contact:phone": null, "brand": null }, "geometry": { "type": "Point", "coordinates": [ 36.1837898, 53.799019 ] } },
{ "type": "Feature", "properties": { "full_id": "n5422947582", "osm_id": "5422947582", "osm_type": "node", "amenity": "fuel", "email": null, "cafe": null, "self_service": null, "addr:postcode": null, "wifi": null, "internet_access:fee": null, "contact:vk": null, "barrier": null, "fuel:biogas": null, "fuel:octane_91": null, "fuel:e85": null, "fuel:e10": null, "fuel:biodiesel": null, "fuel:GTL_diesel": null, "fuel:1_50": null, "fuel:1_25": null, "addr:place": null, "name:hy": null, "fuel:cng": null, "phone": null, "payment:cash": null, "fuel:octane": null, "owner": null, "fuel:HGV_diesel": null, "wheelchair": null, "addr:housenumber": null, "addr:city": null, "payment:debit_cards": null, "payment:visa_electron": null, "payment:visa_debit": null, "payment:visa": null, "payment:mastercard": null, "payment:maestro": null, "payment:credit_cards": null, "website": null, "fuel:octane_80": null, "internet_access": null, "contact:email": null, "compressed_air": null, "brand:wikipedia": null, "name:ru": null, "kiosk": null, "brand:wikidata": null, "brand:ru": null, "brand:en": null, "payment:cards": null, "fuel:octane_98": null, "fuel:lpg": null, "fuel:discount": null, "atm": null, "addr:street": null, "fuel:octane_100": null, "description": null, "toilets": null, "shop": null, "ref": null, "operator": null, "opening_hours": null, "name:en": null, "name": "ОКА № 1", "fuel:octane_95": null, "fuel:octane_92": null, "fuel:diesel": null, "contact:website": null, "contact:phone": null, "brand": null }, "geometry": { "type": "Point", "coordinates": [ 36.1585439, 53.8234113 ] } },
{ "type": "Feature", "properties": { "full_id": "n401913994", "osm_id": "401913994", "osm_type": "node", "amenity": "fuel", "email": null, "cafe": null, "self_service": null, "addr:postcode": null, "wifi": null, "internet_access:fee": null, "contact:vk": null, "barrier": null, "fuel:biogas": null, "fuel:octane_91": null, "fuel:e85": null, "fuel:e10": null, "fuel:biodiesel": null, "fuel:GTL_diesel": null, "fuel:1_50": null, "fuel:1_25": null, "addr:place": null, "name:hy": null, "fuel:cng": null, "phone": null, "payment:cash": null, "fuel:octane": null, "owner": null, "fuel:HGV_diesel": null, "wheelchair": null, "addr:housenumber": null, "addr:city": null, "payment:debit_cards": null, "payment:visa_electron": null, "payment:visa_debit": null, "payment:visa": null, "payment:mastercard": null, "payment:maestro": null, "payment:credit_cards": null, "website": null, "fuel:octane_80": null, "internet_access": null, "contact:email": null, "compressed_air": null, "brand:wikipedia": null, "name:ru": null, "kiosk": null, "brand:wikidata": null, "brand:ru": null, "brand:en": null, "payment:cards": null, "fuel:octane_98": null, "fuel:lpg": null, "fuel:discount": null, "atm": null, "addr:street": null, "fuel:octane_100": null, "description": null, "toilets": null, "shop": null, "ref": null, "operator": null, "opening_hours": null, "name:en": null, "name": null, "fuel:octane_95": null, "fuel:octane_92": null, "fuel:diesel": null, "contact:website": null, "contact:phone": null, "brand": null }, "geometry": { "type": "Point", "coordinates": [ 38.1232829, 53.6511496 ] } },
{ "type": "Feature", "properties": { "full_id": "n920249221", "osm_id": "920249221", "osm_type": "node", "amenity": "fuel", "email": null, "cafe": null, "self_service": null, "addr:postcode": null, "wifi": null, "internet_access:fee": null, "contact:vk": null, "barrier": null, "fuel:biogas": null, "fuel:octane_91": null, "fuel:e85": null, "fuel:e10": null, "fuel:biodiesel": null, "fuel:GTL_diesel": null, "fuel:1_50": null, "fuel:1_25": null, "addr:place": null, "name:hy": null, "fuel:cng": null, "phone": null, "payment:cash": null, "fuel:octane": null, "owner": null, "fuel:HGV_diesel": null, "wheelchair": null, "addr:housenumber": null, "addr:city": null, "payment:debit_cards": null, "payment:visa_electron": null, "payment:visa_debit": null, "payment:visa": null, "payment:mastercard": null, "payment:maestro": null, "payment:credit_cards": null, "website": null, "fuel:octane_80": null, "internet_access": null, "contact:email": null, "compressed_air": null, "brand:wikipedia": null, "name:ru": null, "kiosk": null, "brand:wikidata": null, "brand:ru": null, "brand:en": null, "payment:cards": null, "fuel:octane_98": null, "fuel:lpg": null, "fuel:discount": null, "atm": null, "addr:street": null, "fuel:octane_100": null, "description": null, "toilets": null, "shop": null, "ref": null, "operator": null, "opening_hours": null, "name:en": null, "name": null, "fuel:octane_95": null, "fuel:octane_92": null, "fuel:diesel": null, "contact:website": null, "contact:phone": null, "brand": null }, "geometry": { "type": "Point", "coordinates": [ 38.1661121, 53.7597978 ] } },
{ "type": "Feature", "properties": { "full_id": "n1456557618", "osm_id": "1456557618", "osm_type": "node", "amenity": "fuel", "email": null, "cafe": null, "self_service": null, "addr:postcode": null, "wifi": null, "internet_access:fee": null, "contact:vk": null, "barrier": null, "fuel:biogas": null, "fuel:octane_91": null, "fuel:e85": null, "fuel:e10": null, "fuel:biodiesel": null, "fuel:GTL_diesel": null, "fuel:1_50": null, "fuel:1_25": null, "addr:place": null, "name:hy": null, "fuel:cng": null, "phone": null, "payment:cash": null, "fuel:octane": null, "owner": null, "fuel:HGV_diesel": null, "wheelchair": null, "addr:housenumber": null, "addr:city": null, "payment:debit_cards": null, "payment:visa_electron": null, "payment:visa_debit": null, "payment:visa": null, "payment:mastercard": null, "payment:maestro": null, "payment:credit_cards": null, "website": null, "fuel:octane_80": null, "internet_access": null, "contact:email": null, "compressed_air": null, "brand:wikipedia": null, "name:ru": null, "kiosk": null, "brand:wikidata": null, "brand:ru": null, "brand:en": null, "payment:cards": null, "fuel:octane_98": null, "fuel:lpg": null, "fuel:discount": null, "atm": null, "addr:street": null, "fuel:octane_100": null, "description": null, "toilets": null, "shop": null, "ref": null, "operator": null, "opening_hours": null, "name:en": null, "name": null, "fuel:octane_95": null, "fuel:octane_92": null, "fuel:diesel": null, "contact:website": null, "contact:phone": null, "brand": null }, "geometry": { "type": "Point", "coordinates": [ 38.2056217, 53.6800999 ] } },
{ "type": "Feature", "properties": { "full_id": "n1502041105", "osm_id": "1502041105", "osm_type": "node", "amenity": "fuel", "email": null, "cafe": null, "self_service": null, "addr:postcode": null, "wifi": null, "internet_access:fee": null, "contact:vk": null, "barrier": null, "fuel:biogas": null, "fuel:octane_91": null, "fuel:e85": null, "fuel:e10": null, "fuel:biodiesel": null, "fuel:GTL_diesel": null, "fuel:1_50": null, "fuel:1_25": null, "addr:place": null, "name:hy": null, "fuel:cng": null, "phone": null, "payment:cash": null, "fuel:octane": null, "owner": null, "fuel:HGV_diesel": null, "wheelchair": null, "addr:housenumber": null, "addr:city": null, "payment:debit_cards": null, "payment:visa_electron": null, "payment:visa_debit": null, "payment:visa": null, "payment:mastercard": null, "payment:maestro": null, "payment:credit_cards": null, "website": null, "fuel:octane_80": null, "internet_access": null, "contact:email": null, "compressed_air": null, "brand:wikipedia": null, "name:ru": null, "kiosk": null, "brand:wikidata": null, "brand:ru": null, "brand:en": null, "payment:cards": null, "fuel:octane_98": null, "fuel:lpg": "yes", "fuel:discount": null, "atm": null, "addr:street": null, "fuel:octane_100": null, "description": null, "toilets": null, "shop": null, "ref": null, "operator": null, "opening_hours": null, "name:en": null, "name": "Газ", "fuel:octane_95": null, "fuel:octane_92": null, "fuel:diesel": null, "contact:website": null, "contact:phone": null, "brand": null }, "geometry": { "type": "Point", "coordinates": [ 38.1056809, 53.7631653 ] } },
{ "type": "Feature", "properties": { "full_id": "n4588659432", "osm_id": "4588659432", "osm_type": "node", "amenity": "fuel", "email": null, "cafe": "yes", "self_service": null, "addr:postcode": null, "wifi": null, "internet_access:fee": null, "contact:vk": null, "barrier": null, "fuel:biogas": null, "fuel:octane_91": null, "fuel:e85": null, "fuel:e10": null, "fuel:biodiesel": null, "fuel:GTL_diesel": null, "fuel:1_50": null, "fuel:1_25": null, "addr:place": null, "name:hy": null, "fuel:cng": null, "phone": null, "payment:cash": null, "fuel:octane": null, "owner": null, "fuel:HGV_diesel": null, "wheelchair": null, "addr:housenumber": null, "addr:city": null, "payment:debit_cards": null, "payment:visa_electron": null, "payment:visa_debit": null, "payment:visa": null, "payment:mastercard": null, "payment:maestro": null, "payment:credit_cards": null, "website": null, "fuel:octane_80": null, "internet_access": null, "contact:email": null, "compressed_air": "yes", "brand:wikipedia": "en:Gazprom Neft", "name:ru": "Газпромнефть", "kiosk": null, "brand:wikidata": "Q1461799", "brand:ru": null, "brand:en": null, "payment:cards": null, "fuel:octane_98": null, "fuel:lpg": null, "fuel:discount": "Нам по пути", "atm": null, "addr:street": null, "fuel:octane_100": null, "description": null, "toilets": "yes", "shop": null, "ref": "256", "operator": "ОАО \"Газпромнефть-Центр\"", "opening_hours": "24/7", "name:en": "Gazpromneft", "name": "Газпромнефть", "fuel:octane_95": "yes", "fuel:octane_92": "yes", "fuel:diesel": null, "contact:website": "https://www.gazprom-neft.ru", "contact:phone": null, "brand": "Газпромнефть" }, "geometry": { "type": "Point", "coordinates": [ 38.0449885, 53.7003345 ] } },
{ "type": "Feature", "properties": { "full_id": "n4588660696", "osm_id": "4588660696", "osm_type": "node", "amenity": "fuel", "email": null, "cafe": "yes", "self_service": null, "addr:postcode": null, "wifi": null, "internet_access:fee": null, "contact:vk": null, "barrier": null, "fuel:biogas": null, "fuel:octane_91": null, "fuel:e85": null, "fuel:e10": null, "fuel:biodiesel": null, "fuel:GTL_diesel": null, "fuel:1_50": null, "fuel:1_25": null, "addr:place": null, "name:hy": null, "fuel:cng": null, "phone": null, "payment:cash": null, "fuel:octane": null, "owner": null, "fuel:HGV_diesel": null, "wheelchair": null, "addr:housenumber": null, "addr:city": null, "payment:debit_cards": null, "payment:visa_electron": null, "payment:visa_debit": null, "payment:visa": null, "payment:mastercard": null, "payment:maestro": null, "payment:credit_cards": null, "website": null, "fuel:octane_80": null, "internet_access": null, "contact:email": null, "compressed_air": "yes", "brand:wikipedia": null, "name:ru": "Газпромнефть", "kiosk": null, "brand:wikidata": null, "brand:ru": null, "brand:en": null, "payment:cards": null, "fuel:octane_98": null, "fuel:lpg": null, "fuel:discount": "Нам по пути", "atm": null, "addr:street": null, "fuel:octane_100": null, "description": null, "toilets": "yes", "shop": "yes", "ref": "255", "operator": "ОАО \"Газпромнефть-Центр\"", "opening_hours": "24/7", "name:en": "Gazpromneft", "name": "Газпромнефть", "fuel:octane_95": "yes", "fuel:octane_92": "yes", "fuel:diesel": null, "contact:website": "https://www.gazprom-neft.ru", "contact:phone": null, "brand": "Газпромнефть" }, "geometry": { "type": "Point", "coordinates": [ 38.0484701, 53.6991949 ] } },
{ "type": "Feature", "properties": { "full_id": "n401913968", "osm_id": "401913968", "osm_type": "node", "amenity": "fuel", "email": null, "cafe": null, "self_service": null, "addr:postcode": null, "wifi": null, "internet_access:fee": null, "contact:vk": null, "barrier": null, "fuel:biogas": null, "fuel:octane_91": null, "fuel:e85": null, "fuel:e10": null, "fuel:biodiesel": null, "fuel:GTL_diesel": null, "fuel:1_50": null, "fuel:1_25": null, "addr:place": null, "name:hy": null, "fuel:cng": null, "phone": null, "payment:cash": null, "fuel:octane": null, "owner": null, "fuel:HGV_diesel": null, "wheelchair": null, "addr:housenumber": null, "addr:city": null, "payment:debit_cards": null, "payment:visa_electron": null, "payment:visa_debit": null, "payment:visa": null, "payment:mastercard": null, "payment:maestro": null, "payment:credit_cards": null, "website": null, "fuel:octane_80": null, "internet_access": null, "contact:email": null, "compressed_air": null, "brand:wikipedia": null, "name:ru": null, "kiosk": null, "brand:wikidata": null, "brand:ru": null, "brand:en": null, "payment:cards": null, "fuel:octane_98": null, "fuel:lpg": null, "fuel:discount": null, "atm": null, "addr:street": null, "fuel:octane_100": null, "description": null, "toilets": null, "shop": null, "ref": null, "operator": null, "opening_hours": null, "name:en": null, "name": "ТНК 238км", "fuel:octane_95": null, "fuel:octane_92": null, "fuel:diesel": null, "contact:website": null, "contact:phone": null, "brand": null }, "geometry": { "type": "Point", "coordinates": [ 38.0968664, 53.7896983 ] } },
{ "type": "Feature", "properties": { "full_id": "n401913972", "osm_id": "401913972", "osm_type": "node", "amenity": "fuel", "email": null, "cafe": null, "self_service": null, "addr:postcode": null, "wifi": null, "internet_access:fee": null, "contact:vk": null, "barrier": null, "fuel:biogas": null, "fuel:octane_91": null, "fuel:e85": null, "fuel:e10": null, "fuel:biodiesel": null, "fuel:GTL_diesel": null, "fuel:1_50": null, "fuel:1_25": null, "addr:place": null, "name:hy": null, "fuel:cng": null, "phone": null, "payment:cash": null, "fuel:octane": null, "owner": null, "fuel:HGV_diesel": null, "wheelchair": null, "addr:housenumber": null, "addr:city": null, "payment:debit_cards": null, "payment:visa_electron": null, "payment:visa_debit": null, "payment:visa": null, "payment:mastercard": null, "payment:maestro": null, "payment:credit_cards": null, "website": null, "fuel:octane_80": null, "internet_access": null, "contact:email": null, "compressed_air": null, "brand:wikipedia": null, "name:ru": null, "kiosk": null, "brand:wikidata": null, "brand:ru": null, "brand:en": null, "payment:cards": null, "fuel:octane_98": null, "fuel:lpg": null, "fuel:discount": null, "atm": null, "addr:street": null, "fuel:octane_100": null, "description": null, "toilets": null, "shop": null, "ref": null, "operator": null, "opening_hours": null, "name:en": null, "name": "ТНК 238км", "fuel:octane_95": null, "fuel:octane_92": null, "fuel:diesel": null, "contact:website": null, "contact:phone": null, "brand": null }, "geometry": { "type": "Point", "coordinates": [ 38.1012753, 53.7745761 ] } },
{ "type": "Feature", "properties": { "full_id": "n401913974", "osm_id": "401913974", "osm_type": "node", "amenity": "fuel", "email": null, "cafe": null, "self_service": null, "addr:postcode": null, "wifi": null, "internet_access:fee": null, "contact:vk": null, "barrier": null, "fuel:biogas": null, "fuel:octane_91": null, "fuel:e85": null, "fuel:e10": null, "fuel:biodiesel": null, "fuel:GTL_diesel": null, "fuel:1_50": null, "fuel:1_25": null, "addr:place": null, "name:hy": null, "fuel:cng": null, "phone": null, "payment:cash": null, "fuel:octane": null, "owner": null, "fuel:HGV_diesel": null, "wheelchair": null, "addr:housenumber": null, "addr:city": null, "payment:debit_cards": null, "payment:visa_electron": null, "payment:visa_debit": null, "payment:visa": null, "payment:mastercard": null, "payment:maestro": null, "payment:credit_cards": null, "website": null, "fuel:octane_80": null, "internet_access": null, "contact:email": null, "compressed_air": null, "brand:wikipedia": null, "name:ru": null, "kiosk": null, "brand:wikidata": null, "brand:ru": null, "brand:en": null, "payment:cards": null, "fuel:octane_98": null, "fuel:lpg": "yes", "fuel:discount": null, "atm": null, "addr:street": null, "fuel:octane_100": null, "description": null, "toilets": null, "shop": null, "ref": null, "operator": null, "opening_hours": null, "name:en": null, "name": "АГЗС", "fuel:octane_95": null, "fuel:octane_92": null, "fuel:diesel": null, "contact:website": null, "contact:phone": null, "brand": null }, "geometry": { "type": "Point", "coordinates": [ 38.0992272, 53.7692416 ] } },
{ "type": "Feature", "properties": { "full_id": "n671449223", "osm_id": "671449223", "osm_type": "node", "amenity": "fuel", "email": null, "cafe": null, "self_service": null, "addr:postcode": null, "wifi": null, "internet_access:fee": null, "contact:vk": null, "barrier": null, "fuel:biogas": null, "fuel:octane_91": null, "fuel:e85": null, "fuel:e10": null, "fuel:biodiesel": null, "fuel:GTL_diesel": null, "fuel:1_50": null, "fuel:1_25": null, "addr:place": null, "name:hy": null, "fuel:cng": null, "phone": null, "payment:cash": null, "fuel:octane": null, "owner": null, "fuel:HGV_diesel": null, "wheelchair": null, "addr:housenumber": null, "addr:city": null, "payment:debit_cards": null, "payment:visa_electron": null, "payment:visa_debit": null, "payment:visa": null, "payment:mastercard": null, "payment:maestro": null, "payment:credit_cards": null, "website": null, "fuel:octane_80": null, "internet_access": null, "contact:email": null, "compressed_air": null, "brand:wikipedia": null, "name:ru": null, "kiosk": null, "brand:wikidata": null, "brand:ru": null, "brand:en": null, "payment:cards": null, "fuel:octane_98": null, "fuel:lpg": null, "fuel:discount": null, "atm": null, "addr:street": null, "fuel:octane_100": null, "description": null, "toilets": null, "shop": null, "ref": null, "operator": null, "opening_hours": null, "name:en": null, "name": "Руснефть", "fuel:octane_95": null, "fuel:octane_92": null, "fuel:diesel": null, "contact:website": null, "contact:phone": null, "brand": null }, "geometry": { "type": "Point", "coordinates": [ 38.1008497, 53.7640086 ] } },
{ "type": "Feature", "properties": { "full_id": "n1279214925", "osm_id": "1279214925", "osm_type": "node", "amenity": "fuel", "email": null, "cafe": null, "self_service": null, "addr:postcode": null, "wifi": null, "internet_access:fee": null, "contact:vk": null, "barrier": null, "fuel:biogas": null, "fuel:octane_91": null, "fuel:e85": null, "fuel:e10": null, "fuel:biodiesel": null, "fuel:GTL_diesel": null, "fuel:1_50": null, "fuel:1_25": null, "addr:place": null, "name:hy": null, "fuel:cng": null, "phone": null, "payment:cash": null, "fuel:octane": null, "owner": null, "fuel:HGV_diesel": null, "wheelchair": null, "addr:housenumber": null, "addr:city": null, "payment:debit_cards": null, "payment:visa_electron": null, "payment:visa_debit": null, "payment:visa": null, "payment:mastercard": null, "payment:maestro": null, "payment:credit_cards": null, "website": null, "fuel:octane_80": null, "internet_access": null, "contact:email": null, "compressed_air": null, "brand:wikipedia": null, "name:ru": null, "kiosk": null, "brand:wikidata": null, "brand:ru": null, "brand:en": null, "payment:cards": null, "fuel:octane_98": null, "fuel:lpg": null, "fuel:discount": null, "atm": null, "addr:street": null, "fuel:octane_100": null, "description": null, "toilets": null, "shop": null, "ref": null, "operator": null, "opening_hours": null, "name:en": null, "name": "Роснефть", "fuel:octane_95": null, "fuel:octane_92": null, "fuel:diesel": null, "contact:website": null, "contact:phone": null, "brand": null }, "geometry": { "type": "Point", "coordinates": [ 38.1191361, 53.786783 ] } },
{ "type": "Feature", "properties": { "full_id": "n5744941401", "osm_id": "5744941401", "osm_type": "node", "amenity": "fuel", "email": null, "cafe": null, "self_service": null, "addr:postcode": null, "wifi": null, "internet_access:fee": null, "contact:vk": null, "barrier": null, "fuel:biogas": null, "fuel:octane_91": null, "fuel:e85": null, "fuel:e10": null, "fuel:biodiesel": null, "fuel:GTL_diesel": null, "fuel:1_50": null, "fuel:1_25": null, "addr:place": null, "name:hy": null, "fuel:cng": null, "phone": null, "payment:cash": null, "fuel:octane": null, "owner": null, "fuel:HGV_diesel": null, "wheelchair": null, "addr:housenumber": null, "addr:city": null, "payment:debit_cards": null, "payment:visa_electron": null, "payment:visa_debit": null, "payment:visa": null, "payment:mastercard": null, "payment:maestro": null, "payment:credit_cards": null, "website": null, "fuel:octane_80": null, "internet_access": null, "contact:email": null, "compressed_air": null, "brand:wikipedia": null, "name:ru": null, "kiosk": null, "brand:wikidata": null, "brand:ru": null, "brand:en": null, "payment:cards": null, "fuel:octane_98": null, "fuel:lpg": "yes", "fuel:discount": null, "atm": null, "addr:street": null, "fuel:octane_100": null, "description": null, "toilets": null, "shop": null, "ref": null, "operator": null, "opening_hours": null, "name:en": null, "name": null, "fuel:octane_95": null, "fuel:octane_92": null, "fuel:diesel": null, "contact:website": null, "contact:phone": null, "brand": null }, "geometry": { "type": "Point", "coordinates": [ 38.0977182, 53.7680301 ] } },
{ "type": "Feature", "properties": { "full_id": "n920251118", "osm_id": "920251118", "osm_type": "node", "amenity": "fuel", "email": null, "cafe": null, "self_service": null, "addr:postcode": null, "wifi": null, "internet_access:fee": null, "contact:vk": null, "barrier": null, "fuel:biogas": null, "fuel:octane_91": null, "fuel:e85": null, "fuel:e10": null, "fuel:biodiesel": null, "fuel:GTL_diesel": null, "fuel:1_50": null, "fuel:1_25": null, "addr:place": null, "name:hy": null, "fuel:cng": null, "phone": null, "payment:cash": null, "fuel:octane": null, "owner": null, "fuel:HGV_diesel": null, "wheelchair": null, "addr:housenumber": null, "addr:city": null, "payment:debit_cards": null, "payment:visa_electron": null, "payment:visa_debit": null, "payment:visa": null, "payment:mastercard": null, "payment:maestro": null, "payment:credit_cards": null, "website": null, "fuel:octane_80": null, "internet_access": null, "contact:email": null, "compressed_air": null, "brand:wikipedia": null, "name:ru": null, "kiosk": null, "brand:wikidata": null, "brand:ru": null, "brand:en": null, "payment:cards": null, "fuel:octane_98": null, "fuel:lpg": null, "fuel:discount": null, "atm": null, "addr:street": null, "fuel:octane_100": null, "description": null, "toilets": null, "shop": null, "ref": null, "operator": null, "opening_hours": null, "name:en": null, "name": null, "fuel:octane_95": null, "fuel:octane_92": null, "fuel:diesel": null, "contact:website": null, "contact:phone": null, "brand": null }, "geometry": { "type": "Point", "coordinates": [ 38.1393895, 53.7679107 ] } },
{ "type": "Feature", "properties": { "full_id": "n401913998", "osm_id": "401913998", "osm_type": "node", "amenity": "fuel", "email": null, "cafe": null, "self_service": null, "addr:postcode": null, "wifi": null, "internet_access:fee": null, "contact:vk": null, "barrier": null, "fuel:biogas": null, "fuel:octane_91": null, "fuel:e85": null, "fuel:e10": null, "fuel:biodiesel": null, "fuel:GTL_diesel": null, "fuel:1_50": null, "fuel:1_25": null, "addr:place": null, "name:hy": null, "fuel:cng": null, "phone": null, "payment:cash": null, "fuel:octane": null, "owner": null, "fuel:HGV_diesel": null, "wheelchair": null, "addr:housenumber": null, "addr:city": null, "payment:debit_cards": null, "payment:visa_electron": null, "payment:visa_debit": null, "payment:visa": null, "payment:mastercard": null, "payment:maestro": null, "payment:credit_cards": null, "website": null, "fuel:octane_80": null, "internet_access": null, "contact:email": null, "compressed_air": null, "brand:wikipedia": null, "name:ru": "Роснефть", "kiosk": null, "brand:wikidata": null, "brand:ru": null, "brand:en": null, "payment:cards": null, "fuel:octane_98": null, "fuel:lpg": null, "fuel:discount": null, "atm": null, "addr:street": null, "fuel:octane_100": null, "description": null, "toilets": null, "shop": "convenience", "ref": null, "operator": "Роснефть", "opening_hours": null, "name:en": "Rosneft", "name": "Роснефть", "fuel:octane_95": "yes", "fuel:octane_92": "yes", "fuel:diesel": "yes", "contact:website": null, "contact:phone": null, "brand": null }, "geometry": { "type": "Point", "coordinates": [ 38.1096412, 53.5871723 ] } },
{ "type": "Feature", "properties": { "full_id": "n1306396220", "osm_id": "1306396220", "osm_type": "node", "amenity": "fuel", "email": null, "cafe": null, "self_service": null, "addr:postcode": null, "wifi": null, "internet_access:fee": null, "contact:vk": null, "barrier": null, "fuel:biogas": null, "fuel:octane_91": null, "fuel:e85": null, "fuel:e10": null, "fuel:biodiesel": null, "fuel:GTL_diesel": null, "fuel:1_50": null, "fuel:1_25": null, "addr:place": null, "name:hy": null, "fuel:cng": null, "phone": null, "payment:cash": null, "fuel:octane": null, "owner": null, "fuel:HGV_diesel": null, "wheelchair": null, "addr:housenumber": null, "addr:city": null, "payment:debit_cards": null, "payment:visa_electron": null, "payment:visa_debit": null, "payment:visa": null, "payment:mastercard": null, "payment:maestro": null, "payment:credit_cards": null, "website": null, "fuel:octane_80": null, "internet_access": null, "contact:email": null, "compressed_air": null, "brand:wikipedia": null, "name:ru": null, "kiosk": null, "brand:wikidata": null, "brand:ru": null, "brand:en": null, "payment:cards": null, "fuel:octane_98": null, "fuel:lpg": null, "fuel:discount": null, "atm": null, "addr:street": null, "fuel:octane_100": null, "description": null, "toilets": null, "shop": null, "ref": null, "operator": null, "opening_hours": null, "name:en": null, "name": "ТНБ", "fuel:octane_95": "yes", "fuel:octane_92": "yes", "fuel:diesel": "yes", "contact:website": null, "contact:phone": null, "brand": null }, "geometry": { "type": "Point", "coordinates": [ 38.5586853, 53.8221252 ] } },
{ "type": "Feature", "properties": { "full_id": "n401913922", "osm_id": "401913922", "osm_type": "node", "amenity": "fuel", "email": null, "cafe": null, "self_service": null, "addr:postcode": null, "wifi": null, "internet_access:fee": null, "contact:vk": null, "barrier": null, "fuel:biogas": null, "fuel:octane_91": null, "fuel:e85": null, "fuel:e10": null, "fuel:biodiesel": null, "fuel:GTL_diesel": null, "fuel:1_50": null, "fuel:1_25": null, "addr:place": null, "name:hy": null, "fuel:cng": null, "phone": null, "payment:cash": null, "fuel:octane": null, "owner": null, "fuel:HGV_diesel": null, "wheelchair": null, "addr:housenumber": null, "addr:city": null, "payment:debit_cards": null, "payment:visa_electron": null, "payment:visa_debit": null, "payment:visa": null, "payment:mastercard": null, "payment:maestro": null, "payment:credit_cards": null, "website": null, "fuel:octane_80": null, "internet_access": null, "contact:email": null, "compressed_air": null, "brand:wikipedia": "en:Tatneft", "name:ru": "Татнефть", "kiosk": null, "brand:wikidata": "Q1616858", "brand:ru": "Татнефть", "brand:en": "Tatneft", "payment:cards": null, "fuel:octane_98": null, "fuel:lpg": null, "fuel:discount": null, "atm": null, "addr:street": null, "fuel:octane_100": null, "description": null, "toilets": null, "shop": null, "ref": "9986", "operator": "ООО \"Татнефть-АЗС-Запад\"", "opening_hours": "24/7", "name:en": "Tatneft", "name": "Татнефть", "fuel:octane_95": "yes", "fuel:octane_92": "yes", "fuel:diesel": "yes", "contact:website": "https://azs.tatneft.ru/", "contact:phone": "+7 800 5555911", "brand": "Татнефть" }, "geometry": { "type": "Point", "coordinates": [ 38.0560128, 54.1105731 ] } },
{ "type": "Feature", "properties": { "full_id": "n1315961003", "osm_id": "1315961003", "osm_type": "node", "amenity": "fuel", "email": null, "cafe": null, "self_service": null, "addr:postcode": null, "wifi": null, "internet_access:fee": null, "contact:vk": null, "barrier": null, "fuel:biogas": null, "fuel:octane_91": null, "fuel:e85": null, "fuel:e10": null, "fuel:biodiesel": null, "fuel:GTL_diesel": null, "fuel:1_50": null, "fuel:1_25": null, "addr:place": null, "name:hy": null, "fuel:cng": null, "phone": null, "payment:cash": null, "fuel:octane": null, "owner": null, "fuel:HGV_diesel": null, "wheelchair": null, "addr:housenumber": null, "addr:city": null, "payment:debit_cards": null, "payment:visa_electron": null, "payment:visa_debit": null, "payment:visa": null, "payment:mastercard": null, "payment:maestro": null, "payment:credit_cards": null, "website": null, "fuel:octane_80": null, "internet_access": null, "contact:email": null, "compressed_air": null, "brand:wikipedia": null, "name:ru": null, "kiosk": null, "brand:wikidata": null, "brand:ru": null, "brand:en": null, "payment:cards": null, "fuel:octane_98": null, "fuel:lpg": null, "fuel:discount": null, "atm": null, "addr:street": null, "fuel:octane_100": null, "description": null, "toilets": null, "shop": null, "ref": null, "operator": null, "opening_hours": null, "name:en": null, "name": null, "fuel:octane_95": null, "fuel:octane_92": null, "fuel:diesel": null, "contact:website": null, "contact:phone": null, "brand": null }, "geometry": { "type": "Point", "coordinates": [ 38.1712242, 54.14021 ] } },
{ "type": "Feature", "properties": { "full_id": "n1793480835", "osm_id": "1793480835", "osm_type": "node", "amenity": "fuel", "email": null, "cafe": null, "self_service": null, "addr:postcode": null, "wifi": null, "internet_access:fee": null, "contact:vk": null, "barrier": null, "fuel:biogas": null, "fuel:octane_91": null, "fuel:e85": null, "fuel:e10": null, "fuel:biodiesel": null, "fuel:GTL_diesel": null, "fuel:1_50": null, "fuel:1_25": null, "addr:place": null, "name:hy": null, "fuel:cng": null, "phone": null, "payment:cash": null, "fuel:octane": null, "owner": null, "fuel:HGV_diesel": null, "wheelchair": null, "addr:housenumber": null, "addr:city": null, "payment:debit_cards": null, "payment:visa_electron": null, "payment:visa_debit": null, "payment:visa": null, "payment:mastercard": null, "payment:maestro": null, "payment:credit_cards": null, "website": null, "fuel:octane_80": null, "internet_access": null, "contact:email": null, "compressed_air": null, "brand:wikipedia": null, "name:ru": null, "kiosk": null, "brand:wikidata": null, "brand:ru": null, "brand:en": null, "payment:cards": null, "fuel:octane_98": null, "fuel:lpg": "yes", "fuel:discount": null, "atm": null, "addr:street": null, "fuel:octane_100": null, "description": null, "toilets": null, "shop": "yes", "ref": null, "operator": null, "opening_hours": null, "name:en": null, "name": null, "fuel:octane_95": null, "fuel:octane_92": null, "fuel:diesel": null, "contact:website": null, "contact:phone": null, "brand": null }, "geometry": { "type": "Point", "coordinates": [ 38.0784582, 54.1719876 ] } },
{ "type": "Feature", "properties": { "full_id": "n1793480926", "osm_id": "1793480926", "osm_type": "node", "amenity": "fuel", "email": null, "cafe": null, "self_service": null, "addr:postcode": null, "wifi": null, "internet_access:fee": null, "contact:vk": null, "barrier": null, "fuel:biogas": null, "fuel:octane_91": null, "fuel:e85": null, "fuel:e10": null, "fuel:biodiesel": null, "fuel:GTL_diesel": null, "fuel:1_50": null, "fuel:1_25": null, "addr:place": null, "name:hy": null, "fuel:cng": null, "phone": null, "payment:cash": null, "fuel:octane": null, "owner": null, "fuel:HGV_diesel": null, "wheelchair": null, "addr:housenumber": null, "addr:city": null, "payment:debit_cards": null, "payment:visa_electron": null, "payment:visa_debit": null, "payment:visa": null, "payment:mastercard": null, "payment:maestro": null, "payment:credit_cards": null, "website": null, "fuel:octane_80": null, "internet_access": null, "contact:email": null, "compressed_air": null, "brand:wikipedia": null, "name:ru": null, "kiosk": null, "brand:wikidata": null, "brand:ru": null, "brand:en": null, "payment:cards": null, "fuel:octane_98": null, "fuel:lpg": null, "fuel:discount": null, "atm": null, "addr:street": null, "fuel:octane_100": null, "description": null, "toilets": null, "shop": null, "ref": "6", "operator": null, "opening_hours": null, "name:en": null, "name": "Tula Petrol", "fuel:octane_95": null, "fuel:octane_92": null, "fuel:diesel": null, "contact:website": null, "contact:phone": null, "brand": null }, "geometry": { "type": "Point", "coordinates": [ 38.1590934, 54.2799517 ] } },
{ "type": "Feature", "properties": { "full_id": "n1793482056", "osm_id": "1793482056", "osm_type": "node", "amenity": "fuel", "email": null, "cafe": null, "self_service": null, "addr:postcode": null, "wifi": null, "internet_access:fee": null, "contact:vk": null, "barrier": null, "fuel:biogas": null, "fuel:octane_91": null, "fuel:e85": null, "fuel:e10": null, "fuel:biodiesel": null, "fuel:GTL_diesel": null, "fuel:1_50": null, "fuel:1_25": null, "addr:place": null, "name:hy": null, "fuel:cng": null, "phone": null, "payment:cash": null, "fuel:octane": null, "owner": null, "fuel:HGV_diesel": null, "wheelchair": null, "addr:housenumber": null, "addr:city": null, "payment:debit_cards": null, "payment:visa_electron": null, "payment:visa_debit": null, "payment:visa": null, "payment:mastercard": null, "payment:maestro": null, "payment:credit_cards": null, "website": null, "fuel:octane_80": null, "internet_access": null, "contact:email": null, "compressed_air": null, "brand:wikipedia": null, "name:ru": null, "kiosk": null, "brand:wikidata": null, "brand:ru": null, "brand:en": null, "payment:cards": null, "fuel:octane_98": null, "fuel:lpg": null, "fuel:discount": null, "atm": null, "addr:street": null, "fuel:octane_100": null, "description": null, "toilets": null, "shop": null, "ref": null, "operator": null, "opening_hours": null, "name:en": null, "name": "Toros", "fuel:octane_95": null, "fuel:octane_92": null, "fuel:diesel": null, "contact:website": null, "contact:phone": null, "brand": null }, "geometry": { "type": "Point", "coordinates": [ 38.1604828, 54.2814111 ] } },
{ "type": "Feature", "properties": { "full_id": "n2195576355", "osm_id": "2195576355", "osm_type": "node", "amenity": "fuel", "email": null, "cafe": null, "self_service": null, "addr:postcode": null, "wifi": null, "internet_access:fee": null, "contact:vk": null, "barrier": null, "fuel:biogas": null, "fuel:octane_91": null, "fuel:e85": null, "fuel:e10": null, "fuel:biodiesel": null, "fuel:GTL_diesel": null, "fuel:1_50": null, "fuel:1_25": null, "addr:place": null, "name:hy": null, "fuel:cng": null, "phone": null, "payment:cash": null, "fuel:octane": null, "owner": null, "fuel:HGV_diesel": null, "wheelchair": null, "addr:housenumber": null, "addr:city": null, "payment:debit_cards": null, "payment:visa_electron": null, "payment:visa_debit": null, "payment:visa": null, "payment:mastercard": null, "payment:maestro": null, "payment:credit_cards": null, "website": null, "fuel:octane_80": null, "internet_access": null, "contact:email": null, "compressed_air": null, "brand:wikipedia": "en:Tatneft", "name:ru": "Татнефть", "kiosk": null, "brand:wikidata": "Q1616858", "brand:ru": "Татнефть", "brand:en": "Tatneft", "payment:cards": null, "fuel:octane_98": null, "fuel:lpg": null, "fuel:discount": null, "atm": null, "addr:street": null, "fuel:octane_100": null, "description": null, "toilets": null, "shop": null, "ref": "9985", "operator": "ООО \"Татнефть-АЗС-Запад\"", "opening_hours": "24/7", "name:en": "Tatneft", "name": "Татнефть", "fuel:octane_95": "yes", "fuel:octane_92": "yes", "fuel:diesel": "yes", "contact:website": "https://azs.tatneft.ru/", "contact:phone": "+7 800 5555911", "brand": "Татнефть" }, "geometry": { "type": "Point", "coordinates": [ 38.0577272, 54.1091681 ] } },
{ "type": "Feature", "properties": { "full_id": "n5646196586", "osm_id": "5646196586", "osm_type": "node", "amenity": "fuel", "email": null, "cafe": null, "self_service": null, "addr:postcode": null, "wifi": null, "internet_access:fee": null, "contact:vk": null, "barrier": null, "fuel:biogas": null, "fuel:octane_91": null, "fuel:e85": null, "fuel:e10": null, "fuel:biodiesel": null, "fuel:GTL_diesel": null, "fuel:1_50": null, "fuel:1_25": null, "addr:place": null, "name:hy": null, "fuel:cng": null, "phone": null, "payment:cash": null, "fuel:octane": null, "owner": null, "fuel:HGV_diesel": null, "wheelchair": null, "addr:housenumber": null, "addr:city": null, "payment:debit_cards": null, "payment:visa_electron": null, "payment:visa_debit": null, "payment:visa": null, "payment:mastercard": null, "payment:maestro": null, "payment:credit_cards": null, "website": null, "fuel:octane_80": null, "internet_access": null, "contact:email": null, "compressed_air": null, "brand:wikipedia": null, "name:ru": null, "kiosk": null, "brand:wikidata": null, "brand:ru": null, "brand:en": null, "payment:cards": null, "fuel:octane_98": null, "fuel:lpg": "yes", "fuel:discount": null, "atm": null, "addr:street": null, "fuel:octane_100": null, "description": null, "toilets": null, "shop": null, "ref": null, "operator": null, "opening_hours": null, "name:en": null, "name": null, "fuel:octane_95": null, "fuel:octane_92": null, "fuel:diesel": null, "contact:website": null, "contact:phone": null, "brand": null }, "geometry": { "type": "Point", "coordinates": [ 38.1014764, 54.2007435 ] } },
{ "type": "Feature", "properties": { "full_id": "n515778393", "osm_id": "515778393", "osm_type": "node", "amenity": "fuel", "email": null, "cafe": null, "self_service": null, "addr:postcode": null, "wifi": null, "internet_access:fee": null, "contact:vk": null, "barrier": null, "fuel:biogas": null, "fuel:octane_91": null, "fuel:e85": null, "fuel:e10": null, "fuel:biodiesel": null, "fuel:GTL_diesel": null, "fuel:1_50": null, "fuel:1_25": null, "addr:place": null, "name:hy": null, "fuel:cng": null, "phone": null, "payment:cash": null, "fuel:octane": null, "owner": null, "fuel:HGV_diesel": null, "wheelchair": "limited", "addr:housenumber": null, "addr:city": null, "payment:debit_cards": null, "payment:visa_electron": null, "payment:visa_debit": null, "payment:visa": null, "payment:mastercard": null, "payment:maestro": null, "payment:credit_cards": null, "website": null, "fuel:octane_80": null, "internet_access": null, "contact:email": null, "compressed_air": null, "brand:wikipedia": null, "name:ru": null, "kiosk": null, "brand:wikidata": "Q1461799", "brand:ru": null, "brand:en": null, "payment:cards": null, "fuel:octane_98": null, "fuel:lpg": null, "fuel:discount": null, "atm": null, "addr:street": null, "fuel:octane_100": null, "description": null, "toilets": null, "shop": null, "ref": null, "operator": "Aris", "opening_hours": null, "name:en": "Gazprom", "name": "Газпромнефть", "fuel:octane_95": null, "fuel:octane_92": null, "fuel:diesel": null, "contact:website": null, "contact:phone": null, "brand": "Газпромнефть" }, "geometry": { "type": "Point", "coordinates": [ 38.4482416, 54.5755567 ] } },
{ "type": "Feature", "properties": { "full_id": "n543372497", "osm_id": "543372497", "osm_type": "node", "amenity": "fuel", "email": null, "cafe": null, "self_service": null, "addr:postcode": null, "wifi": null, "internet_access:fee": null, "contact:vk": null, "barrier": null, "fuel:biogas": null, "fuel:octane_91": null, "fuel:e85": null, "fuel:e10": null, "fuel:biodiesel": null, "fuel:GTL_diesel": null, "fuel:1_50": null, "fuel:1_25": null, "addr:place": null, "name:hy": null, "fuel:cng": null, "phone": null, "payment:cash": null, "fuel:octane": null, "owner": null, "fuel:HGV_diesel": null, "wheelchair": null, "addr:housenumber": null, "addr:city": null, "payment:debit_cards": null, "payment:visa_electron": null, "payment:visa_debit": null, "payment:visa": null, "payment:mastercard": null, "payment:maestro": null, "payment:credit_cards": null, "website": "http://www.elf-oil.ru", "fuel:octane_80": null, "internet_access": null, "contact:email": null, "compressed_air": null, "brand:wikipedia": null, "name:ru": null, "kiosk": null, "brand:wikidata": null, "brand:ru": null, "brand:en": null, "payment:cards": null, "fuel:octane_98": null, "fuel:lpg": "yes", "fuel:discount": null, "atm": null, "addr:street": null, "fuel:octane_100": null, "description": null, "toilets": null, "shop": null, "ref": null, "operator": "Эльф-ойл", "opening_hours": null, "name:en": null, "name": "Эльф-ойл", "fuel:octane_95": "yes", "fuel:octane_92": "yes", "fuel:diesel": "yes", "contact:website": null, "contact:phone": null, "brand": null }, "geometry": { "type": "Point", "coordinates": [ 38.1725987, 54.5093949 ] } },
{ "type": "Feature", "properties": { "full_id": "n543372510", "osm_id": "543372510", "osm_type": "node", "amenity": "fuel", "email": null, "cafe": null, "self_service": null, "addr:postcode": null, "wifi": null, "internet_access:fee": null, "contact:vk": null, "barrier": null, "fuel:biogas": null, "fuel:octane_91": null, "fuel:e85": null, "fuel:e10": null, "fuel:biodiesel": null, "fuel:GTL_diesel": null, "fuel:1_50": null, "fuel:1_25": null, "addr:place": null, "name:hy": null, "fuel:cng": null, "phone": null, "payment:cash": null, "fuel:octane": null, "owner": null, "fuel:HGV_diesel": null, "wheelchair": null, "addr:housenumber": null, "addr:city": null, "payment:debit_cards": null, "payment:visa_electron": null, "payment:visa_debit": null, "payment:visa": null, "payment:mastercard": null, "payment:maestro": null, "payment:credit_cards": null, "website": null, "fuel:octane_80": null, "internet_access": null, "contact:email": null, "compressed_air": null, "brand:wikipedia": null, "name:ru": null, "kiosk": null, "brand:wikidata": null, "brand:ru": null, "brand:en": null, "payment:cards": null, "fuel:octane_98": null, "fuel:lpg": null, "fuel:discount": null, "atm": null, "addr:street": null, "fuel:octane_100": null, "description": null, "toilets": null, "shop": null, "ref": null, "operator": null, "opening_hours": null, "name:en": null, "name": null, "fuel:octane_95": null, "fuel:octane_92": null, "fuel:diesel": null, "contact:website": null, "contact:phone": null, "brand": null }, "geometry": { "type": "Point", "coordinates": [ 38.1619751, 54.5504957 ] } },
{ "type": "Feature", "properties": { "full_id": "n722842041", "osm_id": "722842041", "osm_type": "node", "amenity": "fuel", "email": null, "cafe": null, "self_service": null, "addr:postcode": null, "wifi": null, "internet_access:fee": null, "contact:vk": null, "barrier": null, "fuel:biogas": null, "fuel:octane_91": null, "fuel:e85": null, "fuel:e10": null, "fuel:biodiesel": null, "fuel:GTL_diesel": null, "fuel:1_50": null, "fuel:1_25": null, "addr:place": null, "name:hy": null, "fuel:cng": null, "phone": null, "payment:cash": null, "fuel:octane": null, "owner": null, "fuel:HGV_diesel": null, "wheelchair": null, "addr:housenumber": null, "addr:city": null, "payment:debit_cards": null, "payment:visa_electron": null, "payment:visa_debit": null, "payment:visa": null, "payment:mastercard": null, "payment:maestro": null, "payment:credit_cards": null, "website": null, "fuel:octane_80": null, "internet_access": null, "contact:email": null, "compressed_air": null, "brand:wikipedia": null, "name:ru": null, "kiosk": null, "brand:wikidata": null, "brand:ru": null, "brand:en": null, "payment:cards": null, "fuel:octane_98": null, "fuel:lpg": null, "fuel:discount": null, "atm": null, "addr:street": null, "fuel:octane_100": null, "description": null, "toilets": null, "shop": null, "ref": null, "operator": null, "opening_hours": null, "name:en": null, "name": "АЗС на 145 км", "fuel:octane_95": null, "fuel:octane_92": null, "fuel:diesel": null, "contact:website": null, "contact:phone": null, "brand": null }, "geometry": { "type": "Point", "coordinates": [ 38.3827416, 54.6314969 ] } },
{ "type": "Feature", "properties": { "full_id": "n722847725", "osm_id": "722847725", "osm_type": "node", "amenity": "fuel", "email": null, "cafe": null, "self_service": null, "addr:postcode": null, "wifi": null, "internet_access:fee": null, "contact:vk": null, "barrier": null, "fuel:biogas": null, "fuel:octane_91": null, "fuel:e85": null, "fuel:e10": null, "fuel:biodiesel": null, "fuel:GTL_diesel": null, "fuel:1_50": null, "fuel:1_25": null, "addr:place": null, "name:hy": null, "fuel:cng": null, "phone": null, "payment:cash": null, "fuel:octane": null, "owner": null, "fuel:HGV_diesel": null, "wheelchair": null, "addr:housenumber": null, "addr:city": null, "payment:debit_cards": null, "payment:visa_electron": null, "payment:visa_debit": null, "payment:visa": null, "payment:mastercard": null, "payment:maestro": null, "payment:credit_cards": null, "website": null, "fuel:octane_80": null, "internet_access": null, "contact:email": null, "compressed_air": null, "brand:wikipedia": null, "name:ru": null, "kiosk": null, "brand:wikidata": null, "brand:ru": null, "brand:en": null, "payment:cards": null, "fuel:octane_98": null, "fuel:lpg": null, "fuel:discount": null, "atm": null, "addr:street": null, "fuel:octane_100": null, "description": null, "toilets": null, "shop": null, "ref": null, "operator": null, "opening_hours": null, "name:en": null, "name": "Газпром", "fuel:octane_95": null, "fuel:octane_92": null, "fuel:diesel": null, "contact:website": null, "contact:phone": null, "brand": null }, "geometry": { "type": "Point", "coordinates": [ 38.4395375, 54.5816334 ] } },
{ "type": "Feature", "properties": { "full_id": "n777221772", "osm_id": "777221772", "osm_type": "node", "amenity": "fuel", "email": null, "cafe": null, "self_service": null, "addr:postcode": null, "wifi": null, "internet_access:fee": null, "contact:vk": null, "barrier": null, "fuel:biogas": null, "fuel:octane_91": null, "fuel:e85": null, "fuel:e10": null, "fuel:biodiesel": null, "fuel:GTL_diesel": null, "fuel:1_50": null, "fuel:1_25": null, "addr:place": null, "name:hy": null, "fuel:cng": null, "phone": null, "payment:cash": null, "fuel:octane": null, "owner": null, "fuel:HGV_diesel": null, "wheelchair": null, "addr:housenumber": null, "addr:city": null, "payment:debit_cards": null, "payment:visa_electron": null, "payment:visa_debit": null, "payment:visa": null, "payment:mastercard": null, "payment:maestro": null, "payment:credit_cards": null, "website": null, "fuel:octane_80": null, "internet_access": null, "contact:email": null, "compressed_air": null, "brand:wikipedia": null, "name:ru": null, "kiosk": null, "brand:wikidata": null, "brand:ru": null, "brand:en": null, "payment:cards": null, "fuel:octane_98": null, "fuel:lpg": null, "fuel:discount": null, "atm": null, "addr:street": null, "fuel:octane_100": null, "description": null, "toilets": null, "shop": null, "ref": null, "operator": null, "opening_hours": null, "name:en": null, "name": "Сибирнефть", "fuel:octane_95": null, "fuel:octane_92": null, "fuel:diesel": null, "contact:website": null, "contact:phone": null, "brand": null }, "geometry": { "type": "Point", "coordinates": [ 38.1615493, 54.6254759 ] } },
{ "type": "Feature", "properties": { "full_id": "n777221867", "osm_id": "777221867", "osm_type": "node", "amenity": "fuel", "email": null, "cafe": null, "self_service": null, "addr:postcode": null, "wifi": null, "internet_access:fee": null, "contact:vk": null, "barrier": null, "fuel:biogas": null, "fuel:octane_91": null, "fuel:e85": null, "fuel:e10": null, "fuel:biodiesel": null, "fuel:GTL_diesel": null, "fuel:1_50": null, "fuel:1_25": null, "addr:place": null, "name:hy": null, "fuel:cng": null, "phone": null, "payment:cash": "yes", "fuel:octane": null, "owner": null, "fuel:HGV_diesel": null, "wheelchair": "limited", "addr:housenumber": null, "addr:city": null, "payment:debit_cards": "yes", "payment:visa_electron": null, "payment:visa_debit": null, "payment:visa": null, "payment:mastercard": null, "payment:maestro": null, "payment:credit_cards": "yes", "website": "http://www.elf-oil.ru", "fuel:octane_80": null, "internet_access": null, "contact:email": null, "compressed_air": "no", "brand:wikipedia": null, "name:ru": null, "kiosk": null, "brand:wikidata": null, "brand:ru": null, "brand:en": null, "payment:cards": null, "fuel:octane_98": null, "fuel:lpg": null, "fuel:discount": null, "atm": null, "addr:street": null, "fuel:octane_100": null, "description": null, "toilets": null, "shop": null, "ref": null, "operator": "Эльф-ойл", "opening_hours": "24/7", "name:en": null, "name": "Эльф-ойл", "fuel:octane_95": "yes", "fuel:octane_92": "yes", "fuel:diesel": "yes", "contact:website": null, "contact:phone": null, "brand": null }, "geometry": { "type": "Point", "coordinates": [ 38.1695505, 54.600541 ] } },
{ "type": "Feature", "properties": { "full_id": "n1306396138", "osm_id": "1306396138", "osm_type": "node", "amenity": "fuel", "email": null, "cafe": null, "self_service": null, "addr:postcode": null, "wifi": null, "internet_access:fee": null, "contact:vk": null, "barrier": null, "fuel:biogas": null, "fuel:octane_91": null, "fuel:e85": null, "fuel:e10": null, "fuel:biodiesel": null, "fuel:GTL_diesel": null, "fuel:1_50": null, "fuel:1_25": null, "addr:place": null, "name:hy": null, "fuel:cng": null, "phone": null, "payment:cash": null, "fuel:octane": null, "owner": null, "fuel:HGV_diesel": null, "wheelchair": null, "addr:housenumber": null, "addr:city": null, "payment:debit_cards": null, "payment:visa_electron": null, "payment:visa_debit": null, "payment:visa": null, "payment:mastercard": null, "payment:maestro": null, "payment:credit_cards": null, "website": null, "fuel:octane_80": null, "internet_access": null, "contact:email": null, "compressed_air": null, "brand:wikipedia": null, "name:ru": null, "kiosk": null, "brand:wikidata": null, "brand:ru": null, "brand:en": null, "payment:cards": null, "fuel:octane_98": null, "fuel:lpg": null, "fuel:discount": null, "atm": null, "addr:street": null, "fuel:octane_100": null, "description": null, "toilets": null, "shop": null, "ref": null, "operator": null, "opening_hours": "24/7", "name:en": null, "name": "Эльф-ойл", "fuel:octane_95": "yes", "fuel:octane_92": "yes", "fuel:diesel": "yes", "contact:website": null, "contact:phone": null, "brand": null }, "geometry": { "type": "Point", "coordinates": [ 38.1675957, 54.600472 ] } },
{ "type": "Feature", "properties": { "full_id": "n1793405354", "osm_id": "1793405354", "osm_type": "node", "amenity": "fuel", "email": null, "cafe": null, "self_service": null, "addr:postcode": null, "wifi": null, "internet_access:fee": null, "contact:vk": null, "barrier": null, "fuel:biogas": null, "fuel:octane_91": null, "fuel:e85": null, "fuel:e10": null, "fuel:biodiesel": null, "fuel:GTL_diesel": null, "fuel:1_50": null, "fuel:1_25": null, "addr:place": null, "name:hy": null, "fuel:cng": null, "phone": null, "payment:cash": null, "fuel:octane": null, "owner": null, "fuel:HGV_diesel": null, "wheelchair": null, "addr:housenumber": null, "addr:city": null, "payment:debit_cards": null, "payment:visa_electron": null, "payment:visa_debit": null, "payment:visa": null, "payment:mastercard": null, "payment:maestro": null, "payment:credit_cards": null, "website": null, "fuel:octane_80": null, "internet_access": null, "contact:email": null, "compressed_air": null, "brand:wikipedia": "en:Gazprom Neft", "name:ru": null, "kiosk": null, "brand:wikidata": "Q1461799", "brand:ru": null, "brand:en": null, "payment:cards": null, "fuel:octane_98": null, "fuel:lpg": null, "fuel:discount": null, "atm": null, "addr:street": null, "fuel:octane_100": null, "description": null, "toilets": null, "shop": null, "ref": null, "operator": null, "opening_hours": null, "name:en": null, "name": "Газпромнефть", "fuel:octane_95": null, "fuel:octane_92": null, "fuel:diesel": null, "contact:website": null, "contact:phone": null, "brand": "Газпромнефть" }, "geometry": { "type": "Point", "coordinates": [ 38.185253, 54.4351642 ] } },
{ "type": "Feature", "properties": { "full_id": "n2289695086", "osm_id": "2289695086", "osm_type": "node", "amenity": "fuel", "email": null, "cafe": null, "self_service": null, "addr:postcode": null, "wifi": null, "internet_access:fee": null, "contact:vk": null, "barrier": null, "fuel:biogas": null, "fuel:octane_91": null, "fuel:e85": null, "fuel:e10": null, "fuel:biodiesel": null, "fuel:GTL_diesel": null, "fuel:1_50": null, "fuel:1_25": null, "addr:place": null, "name:hy": null, "fuel:cng": null, "phone": null, "payment:cash": null, "fuel:octane": null, "owner": null, "fuel:HGV_diesel": null, "wheelchair": null, "addr:housenumber": null, "addr:city": null, "payment:debit_cards": null, "payment:visa_electron": null, "payment:visa_debit": null, "payment:visa": null, "payment:mastercard": null, "payment:maestro": null, "payment:credit_cards": null, "website": null, "fuel:octane_80": null, "internet_access": null, "contact:email": null, "compressed_air": null, "brand:wikipedia": "en:Gazprom Neft", "name:ru": null, "kiosk": null, "brand:wikidata": "Q1461799", "brand:ru": null, "brand:en": null, "payment:cards": null, "fuel:octane_98": null, "fuel:lpg": null, "fuel:discount": null, "atm": null, "addr:street": null, "fuel:octane_100": null, "description": null, "toilets": null, "shop": null, "ref": null, "operator": null, "opening_hours": null, "name:en": null, "name": "Газпромнефть", "fuel:octane_95": null, "fuel:octane_92": null, "fuel:diesel": null, "contact:website": null, "contact:phone": null, "brand": "Газпромнефть" }, "geometry": { "type": "Point", "coordinates": [ 38.1837925, 54.4349546 ] } },
{ "type": "Feature", "properties": { "full_id": "n4967367222", "osm_id": "4967367222", "osm_type": "node", "amenity": "fuel", "email": null, "cafe": null, "self_service": null, "addr:postcode": null, "wifi": null, "internet_access:fee": null, "contact:vk": null, "barrier": null, "fuel:biogas": null, "fuel:octane_91": null, "fuel:e85": null, "fuel:e10": null, "fuel:biodiesel": null, "fuel:GTL_diesel": null, "fuel:1_50": null, "fuel:1_25": null, "addr:place": null, "name:hy": null, "fuel:cng": null, "phone": null, "payment:cash": null, "fuel:octane": null, "owner": null, "fuel:HGV_diesel": null, "wheelchair": null, "addr:housenumber": null, "addr:city": null, "payment:debit_cards": null, "payment:visa_electron": null, "payment:visa_debit": null, "payment:visa": null, "payment:mastercard": null, "payment:maestro": null, "payment:credit_cards": null, "website": null, "fuel:octane_80": null, "internet_access": null, "contact:email": null, "compressed_air": null, "brand:wikipedia": null, "name:ru": null, "kiosk": null, "brand:wikidata": null, "brand:ru": null, "brand:en": null, "payment:cards": null, "fuel:octane_98": null, "fuel:lpg": "yes", "fuel:discount": null, "atm": null, "addr:street": null, "fuel:octane_100": null, "description": null, "toilets": null, "shop": null, "ref": null, "operator": null, "opening_hours": null, "name:en": null, "name": null, "fuel:octane_95": "yes", "fuel:octane_92": "yes", "fuel:diesel": "yes", "contact:website": null, "contact:phone": null, "brand": "ОКА Пропан" }, "geometry": { "type": "Point", "coordinates": [ 38.3607849, 54.6477444 ] } },
{ "type": "Feature", "properties": { "full_id": "n7135855905", "osm_id": "7135855905", "osm_type": "node", "amenity": "fuel", "email": null, "cafe": null, "self_service": null, "addr:postcode": null, "wifi": null, "internet_access:fee": null, "contact:vk": null, "barrier": null, "fuel:biogas": null, "fuel:octane_91": null, "fuel:e85": null, "fuel:e10": null, "fuel:biodiesel": null, "fuel:GTL_diesel": null, "fuel:1_50": null, "fuel:1_25": null, "addr:place": null, "name:hy": null, "fuel:cng": null, "phone": null, "payment:cash": null, "fuel:octane": null, "owner": null, "fuel:HGV_diesel": null, "wheelchair": null, "addr:housenumber": null, "addr:city": null, "payment:debit_cards": null, "payment:visa_electron": null, "payment:visa_debit": null, "payment:visa": null, "payment:mastercard": null, "payment:maestro": null, "payment:credit_cards": null, "website": null, "fuel:octane_80": null, "internet_access": null, "contact:email": null, "compressed_air": null, "brand:wikipedia": null, "name:ru": null, "kiosk": null, "brand:wikidata": null, "brand:ru": null, "brand:en": null, "payment:cards": null, "fuel:octane_98": null, "fuel:lpg": null, "fuel:discount": null, "atm": null, "addr:street": null, "fuel:octane_100": null, "description": null, "toilets": null, "shop": null, "ref": null, "operator": null, "opening_hours": "24/7", "name:en": "Invest Oil", "name": "Инвест ойл", "fuel:octane_95": "yes", "fuel:octane_92": "yes", "fuel:diesel": "yes", "contact:website": null, "contact:phone": null, "brand": null }, "geometry": { "type": "Point", "coordinates": [ 38.1651315, 54.5703159 ] } },
{ "type": "Feature", "properties": { "full_id": "n8906858717", "osm_id": "8906858717", "osm_type": "node", "amenity": "fuel", "email": null, "cafe": null, "self_service": null, "addr:postcode": null, "wifi": null, "internet_access:fee": null, "contact:vk": null, "barrier": null, "fuel:biogas": null, "fuel:octane_91": null, "fuel:e85": null, "fuel:e10": null, "fuel:biodiesel": null, "fuel:GTL_diesel": null, "fuel:1_50": null, "fuel:1_25": null, "addr:place": null, "name:hy": null, "fuel:cng": null, "phone": null, "payment:cash": null, "fuel:octane": null, "owner": null, "fuel:HGV_diesel": null, "wheelchair": null, "addr:housenumber": null, "addr:city": null, "payment:debit_cards": null, "payment:visa_electron": null, "payment:visa_debit": null, "payment:visa": null, "payment:mastercard": null, "payment:maestro": null, "payment:credit_cards": null, "website": null, "fuel:octane_80": null, "internet_access": null, "contact:email": null, "compressed_air": null, "brand:wikipedia": null, "name:ru": null, "kiosk": null, "brand:wikidata": null, "brand:ru": null, "brand:en": null, "payment:cards": null, "fuel:octane_98": null, "fuel:lpg": null, "fuel:discount": null, "atm": null, "addr:street": null, "fuel:octane_100": null, "description": null, "toilets": null, "shop": null, "ref": null, "operator": null, "opening_hours": null, "name:en": null, "name": "Дон-Транс нефть", "fuel:octane_95": null, "fuel:octane_92": null, "fuel:diesel": null, "contact:website": null, "contact:phone": null, "brand": null }, "geometry": { "type": "Point", "coordinates": [ 38.1560526, 54.6792796 ] } },
{ "type": "Feature", "properties": { "full_id": "n8948713918", "osm_id": "8948713918", "osm_type": "node", "amenity": "fuel", "email": null, "cafe": null, "self_service": null, "addr:postcode": null, "wifi": null, "internet_access:fee": null, "contact:vk": null, "barrier": null, "fuel:biogas": null, "fuel:octane_91": null, "fuel:e85": null, "fuel:e10": null, "fuel:biodiesel": null, "fuel:GTL_diesel": null, "fuel:1_50": null, "fuel:1_25": null, "addr:place": null, "name:hy": null, "fuel:cng": null, "phone": null, "payment:cash": null, "fuel:octane": null, "owner": null, "fuel:HGV_diesel": null, "wheelchair": null, "addr:housenumber": null, "addr:city": null, "payment:debit_cards": null, "payment:visa_electron": null, "payment:visa_debit": null, "payment:visa": null, "payment:mastercard": null, "payment:maestro": null, "payment:credit_cards": null, "website": null, "fuel:octane_80": null, "internet_access": null, "contact:email": null, "compressed_air": null, "brand:wikipedia": null, "name:ru": null, "kiosk": null, "brand:wikidata": null, "brand:ru": null, "brand:en": null, "payment:cards": null, "fuel:octane_98": null, "fuel:lpg": "yes", "fuel:discount": null, "atm": null, "addr:street": null, "fuel:octane_100": null, "description": null, "toilets": null, "shop": null, "ref": null, "operator": null, "opening_hours": null, "name:en": null, "name": "АГЗС пропан", "fuel:octane_95": null, "fuel:octane_92": null, "fuel:diesel": null, "contact:website": null, "contact:phone": null, "brand": null }, "geometry": { "type": "Point", "coordinates": [ 38.1565083, 54.6555389 ] } },
{ "type": "Feature", "properties": { "full_id": "n1433329670", "osm_id": "1433329670", "osm_type": "node", "amenity": "fuel", "email": null, "cafe": null, "self_service": null, "addr:postcode": null, "wifi": null, "internet_access:fee": null, "contact:vk": null, "barrier": null, "fuel:biogas": null, "fuel:octane_91": null, "fuel:e85": null, "fuel:e10": null, "fuel:biodiesel": null, "fuel:GTL_diesel": null, "fuel:1_50": null, "fuel:1_25": null, "addr:place": null, "name:hy": null, "fuel:cng": null, "phone": null, "payment:cash": null, "fuel:octane": "yes", "owner": null, "fuel:HGV_diesel": null, "wheelchair": null, "addr:housenumber": null, "addr:city": null, "payment:debit_cards": null, "payment:visa_electron": null, "payment:visa_debit": null, "payment:visa": null, "payment:mastercard": null, "payment:maestro": null, "payment:credit_cards": null, "website": null, "fuel:octane_80": null, "internet_access": null, "contact:email": "hotline@lukoil.com", "compressed_air": null, "brand:wikipedia": null, "name:ru": "Лукойл", "kiosk": null, "brand:wikidata": null, "brand:ru": null, "brand:en": null, "payment:cards": null, "fuel:octane_98": null, "fuel:lpg": null, "fuel:discount": null, "atm": null, "addr:street": null, "fuel:octane_100": null, "description": null, "toilets": null, "shop": null, "ref": "71905", "operator": "ООО \"ЛУКОЙЛ-Центрнефтепродукт\"", "opening_hours": "24/7", "name:en": "Lukoil", "name": "Лукойл", "fuel:octane_95": "yes", "fuel:octane_92": "yes", "fuel:diesel": "yes", "contact:website": "https://lukoil.ru/", "contact:phone": "+7 800 1000911;+7 487 4523208", "brand": "Лукойл" }, "geometry": { "type": "Point", "coordinates": [ 38.2547062, 54.3380642 ] } },
{ "type": "Feature", "properties": { "full_id": "n2195473481", "osm_id": "2195473481", "osm_type": "node", "amenity": "fuel", "email": null, "cafe": null, "self_service": null, "addr:postcode": null, "wifi": null, "internet_access:fee": null, "contact:vk": null, "barrier": null, "fuel:biogas": null, "fuel:octane_91": null, "fuel:e85": null, "fuel:e10": null, "fuel:biodiesel": null, "fuel:GTL_diesel": null, "fuel:1_50": null, "fuel:1_25": null, "addr:place": null, "name:hy": null, "fuel:cng": null, "phone": null, "payment:cash": null, "fuel:octane": null, "owner": null, "fuel:HGV_diesel": null, "wheelchair": null, "addr:housenumber": null, "addr:city": null, "payment:debit_cards": null, "payment:visa_electron": null, "payment:visa_debit": null, "payment:visa": null, "payment:mastercard": null, "payment:maestro": null, "payment:credit_cards": null, "website": null, "fuel:octane_80": null, "internet_access": null, "contact:email": null, "compressed_air": null, "brand:wikipedia": null, "name:ru": null, "kiosk": null, "brand:wikidata": null, "brand:ru": null, "brand:en": null, "payment:cards": null, "fuel:octane_98": null, "fuel:lpg": "yes", "fuel:discount": null, "atm": null, "addr:street": null, "fuel:octane_100": null, "description": null, "toilets": null, "shop": null, "ref": null, "operator": null, "opening_hours": null, "name:en": null, "name": null, "fuel:octane_95": null, "fuel:octane_92": null, "fuel:diesel": null, "contact:website": null, "contact:phone": null, "brand": null }, "geometry": { "type": "Point", "coordinates": [ 38.15407, 54.3060114 ] } },
{ "type": "Feature", "properties": { "full_id": "n3651013111", "osm_id": "3651013111", "osm_type": "node", "amenity": "fuel", "email": null, "cafe": null, "self_service": null, "addr:postcode": null, "wifi": null, "internet_access:fee": null, "contact:vk": null, "barrier": null, "fuel:biogas": null, "fuel:octane_91": null, "fuel:e85": null, "fuel:e10": null, "fuel:biodiesel": null, "fuel:GTL_diesel": null, "fuel:1_50": null, "fuel:1_25": null, "addr:place": null, "name:hy": null, "fuel:cng": null, "phone": null, "payment:cash": null, "fuel:octane": null, "owner": null, "fuel:HGV_diesel": null, "wheelchair": null, "addr:housenumber": null, "addr:city": null, "payment:debit_cards": null, "payment:visa_electron": null, "payment:visa_debit": null, "payment:visa": null, "payment:mastercard": null, "payment:maestro": null, "payment:credit_cards": null, "website": null, "fuel:octane_80": null, "internet_access": null, "contact:email": null, "compressed_air": null, "brand:wikipedia": null, "name:ru": null, "kiosk": null, "brand:wikidata": null, "brand:ru": null, "brand:en": null, "payment:cards": null, "fuel:octane_98": null, "fuel:lpg": null, "fuel:discount": null, "atm": null, "addr:street": null, "fuel:octane_100": null, "description": null, "toilets": null, "shop": null, "ref": null, "operator": null, "opening_hours": null, "name:en": null, "name": "ТНБ", "fuel:octane_95": null, "fuel:octane_92": null, "fuel:diesel": null, "contact:website": null, "contact:phone": null, "brand": null }, "geometry": { "type": "Point", "coordinates": [ 38.2455684, 54.3513833 ] } },
{ "type": "Feature", "properties": { "full_id": "n4680812431", "osm_id": "4680812431", "osm_type": "node", "amenity": "fuel", "email": null, "cafe": null, "self_service": null, "addr:postcode": null, "wifi": null, "internet_access:fee": null, "contact:vk": null, "barrier": null, "fuel:biogas": null, "fuel:octane_91": null, "fuel:e85": null, "fuel:e10": null, "fuel:biodiesel": null, "fuel:GTL_diesel": null, "fuel:1_50": null, "fuel:1_25": null, "addr:place": null, "name:hy": null, "fuel:cng": null, "phone": null, "payment:cash": null, "fuel:octane": null, "owner": null, "fuel:HGV_diesel": null, "wheelchair": null, "addr:housenumber": null, "addr:city": null, "payment:debit_cards": null, "payment:visa_electron": null, "payment:visa_debit": null, "payment:visa": null, "payment:mastercard": null, "payment:maestro": null, "payment:credit_cards": null, "website": null, "fuel:octane_80": null, "internet_access": null, "contact:email": null, "compressed_air": null, "brand:wikipedia": null, "name:ru": null, "kiosk": null, "brand:wikidata": null, "brand:ru": null, "brand:en": null, "payment:cards": null, "fuel:octane_98": null, "fuel:lpg": null, "fuel:discount": null, "atm": null, "addr:street": null, "fuel:octane_100": null, "description": null, "toilets": null, "shop": "yes", "ref": null, "operator": null, "opening_hours": null, "name:en": null, "name": "Rocksol", "fuel:octane_95": null, "fuel:octane_92": null, "fuel:diesel": null, "contact:website": null, "contact:phone": null, "brand": null }, "geometry": { "type": "Point", "coordinates": [ 38.2519269, 54.3385077 ] } },
{ "type": "Feature", "properties": { "full_id": "n4901047021", "osm_id": "4901047021", "osm_type": "node", "amenity": "fuel", "email": null, "cafe": null, "self_service": null, "addr:postcode": null, "wifi": null, "internet_access:fee": null, "contact:vk": null, "barrier": null, "fuel:biogas": null, "fuel:octane_91": null, "fuel:e85": null, "fuel:e10": null, "fuel:biodiesel": null, "fuel:GTL_diesel": null, "fuel:1_50": null, "fuel:1_25": null, "addr:place": null, "name:hy": null, "fuel:cng": null, "phone": null, "payment:cash": null, "fuel:octane": null, "owner": null, "fuel:HGV_diesel": null, "wheelchair": null, "addr:housenumber": null, "addr:city": null, "payment:debit_cards": null, "payment:visa_electron": null, "payment:visa_debit": null, "payment:visa": null, "payment:mastercard": null, "payment:maestro": null, "payment:credit_cards": null, "website": null, "fuel:octane_80": null, "internet_access": null, "contact:email": "info@azs-opti.ru", "compressed_air": null, "brand:wikipedia": null, "name:ru": "Опти", "kiosk": null, "brand:wikidata": null, "brand:ru": null, "brand:en": null, "payment:cards": null, "fuel:octane_98": null, "fuel:lpg": null, "fuel:discount": null, "atm": null, "addr:street": null, "fuel:octane_100": null, "description": null, "toilets": null, "shop": null, "ref": null, "operator": null, "opening_hours": "24/7", "name:en": null, "name": "Опти", "fuel:octane_95": null, "fuel:octane_92": null, "fuel:diesel": null, "contact:website": "https://www.azs-opti.ru", "contact:phone": "+7 800 5057846", "brand": null }, "geometry": { "type": "Point", "coordinates": [ 38.153717, 54.3415494 ] } },
{ "type": "Feature", "properties": { "full_id": "n402330494", "osm_id": "402330494", "osm_type": "node", "amenity": "fuel", "email": null, "cafe": null, "self_service": null, "addr:postcode": null, "wifi": null, "internet_access:fee": null, "contact:vk": null, "barrier": null, "fuel:biogas": null, "fuel:octane_91": null, "fuel:e85": null, "fuel:e10": null, "fuel:biodiesel": null, "fuel:GTL_diesel": null, "fuel:1_50": null, "fuel:1_25": null, "addr:place": null, "name:hy": null, "fuel:cng": null, "phone": null, "payment:cash": null, "fuel:octane": null, "owner": null, "fuel:HGV_diesel": null, "wheelchair": null, "addr:housenumber": null, "addr:city": null, "payment:debit_cards": null, "payment:visa_electron": null, "payment:visa_debit": null, "payment:visa": null, "payment:mastercard": null, "payment:maestro": null, "payment:credit_cards": null, "website": null, "fuel:octane_80": null, "internet_access": null, "contact:email": null, "compressed_air": null, "brand:wikipedia": "ru:Роснефть", "name:ru": "Роснефть", "kiosk": null, "brand:wikidata": "Q1141123", "brand:ru": "Роснефть", "brand:en": "Rosneft", "payment:cards": null, "fuel:octane_98": null, "fuel:lpg": null, "fuel:discount": null, "atm": null, "addr:street": null, "fuel:octane_100": null, "description": null, "toilets": "yes", "shop": null, "ref": null, "operator": "Роснефть", "opening_hours": null, "name:en": "Rosneft", "name": "Роснефть", "fuel:octane_95": "yes", "fuel:octane_92": "yes", "fuel:diesel": "yes", "contact:website": null, "contact:phone": null, "brand": "Роснефть" }, "geometry": { "type": "Point", "coordinates": [ 38.1807329, 53.3485702 ] } },
{ "type": "Feature", "properties": { "full_id": "n1306397341", "osm_id": "1306397341", "osm_type": "node", "amenity": "fuel", "email": null, "cafe": null, "self_service": null, "addr:postcode": null, "wifi": null, "internet_access:fee": null, "contact:vk": null, "barrier": null, "fuel:biogas": null, "fuel:octane_91": null, "fuel:e85": null, "fuel:e10": null, "fuel:biodiesel": null, "fuel:GTL_diesel": null, "fuel:1_50": null, "fuel:1_25": null, "addr:place": null, "name:hy": null, "fuel:cng": null, "phone": null, "payment:cash": null, "fuel:octane": null, "owner": null, "fuel:HGV_diesel": null, "wheelchair": null, "addr:housenumber": null, "addr:city": null, "payment:debit_cards": null, "payment:visa_electron": null, "payment:visa_debit": null, "payment:visa": null, "payment:mastercard": null, "payment:maestro": null, "payment:credit_cards": null, "website": null, "fuel:octane_80": null, "internet_access": null, "contact:email": null, "compressed_air": null, "brand:wikipedia": null, "name:ru": null, "kiosk": null, "brand:wikidata": null, "brand:ru": null, "brand:en": null, "payment:cards": null, "fuel:octane_98": null, "fuel:lpg": null, "fuel:discount": null, "atm": null, "addr:street": null, "fuel:octane_100": null, "description": null, "toilets": null, "shop": null, "ref": null, "operator": null, "opening_hours": "24/7", "name:en": null, "name": "Favorit", "fuel:octane_95": "yes", "fuel:octane_92": "yes", "fuel:diesel": "yes", "contact:website": null, "contact:phone": null, "brand": null }, "geometry": { "type": "Point", "coordinates": [ 38.1129223, 53.5043014 ] } },
{ "type": "Feature", "properties": { "full_id": "n2607853474", "osm_id": "2607853474", "osm_type": "node", "amenity": "fuel", "email": null, "cafe": null, "self_service": null, "addr:postcode": null, "wifi": null, "internet_access:fee": null, "contact:vk": null, "barrier": null, "fuel:biogas": null, "fuel:octane_91": null, "fuel:e85": null, "fuel:e10": null, "fuel:biodiesel": null, "fuel:GTL_diesel": null, "fuel:1_50": null, "fuel:1_25": null, "addr:place": null, "name:hy": null, "fuel:cng": "no", "phone": null, "payment:cash": null, "fuel:octane": null, "owner": null, "fuel:HGV_diesel": null, "wheelchair": null, "addr:housenumber": null, "addr:city": null, "payment:debit_cards": null, "payment:visa_electron": null, "payment:visa_debit": null, "payment:visa": null, "payment:mastercard": null, "payment:maestro": null, "payment:credit_cards": null, "website": null, "fuel:octane_80": null, "internet_access": null, "contact:email": null, "compressed_air": null, "brand:wikipedia": null, "name:ru": null, "kiosk": null, "brand:wikidata": null, "brand:ru": null, "brand:en": null, "payment:cards": null, "fuel:octane_98": null, "fuel:lpg": "yes", "fuel:discount": null, "atm": null, "addr:street": null, "fuel:octane_100": null, "description": null, "toilets": null, "shop": "no", "ref": null, "operator": null, "opening_hours": null, "name:en": null, "name": "АГЗС", "fuel:octane_95": null, "fuel:octane_92": null, "fuel:diesel": null, "contact:website": null, "contact:phone": null, "brand": null }, "geometry": { "type": "Point", "coordinates": [ 38.1841064, 53.3605861 ] } },
{ "type": "Feature", "properties": { "full_id": "n4402410895", "osm_id": "4402410895", "osm_type": "node", "amenity": "fuel", "email": null, "cafe": null, "self_service": null, "addr:postcode": null, "wifi": null, "internet_access:fee": null, "contact:vk": null, "barrier": null, "fuel:biogas": null, "fuel:octane_91": null, "fuel:e85": null, "fuel:e10": null, "fuel:biodiesel": null, "fuel:GTL_diesel": null, "fuel:1_50": null, "fuel:1_25": null, "addr:place": null, "name:hy": null, "fuel:cng": null, "phone": null, "payment:cash": null, "fuel:octane": null, "owner": null, "fuel:HGV_diesel": null, "wheelchair": null, "addr:housenumber": null, "addr:city": null, "payment:debit_cards": null, "payment:visa_electron": null, "payment:visa_debit": null, "payment:visa": null, "payment:mastercard": null, "payment:maestro": null, "payment:credit_cards": null, "website": null, "fuel:octane_80": null, "internet_access": null, "contact:email": null, "compressed_air": null, "brand:wikipedia": null, "name:ru": null, "kiosk": null, "brand:wikidata": null, "brand:ru": null, "brand:en": null, "payment:cards": null, "fuel:octane_98": null, "fuel:lpg": null, "fuel:discount": null, "atm": null, "addr:street": null, "fuel:octane_100": null, "description": null, "toilets": null, "shop": null, "ref": null, "operator": null, "opening_hours": null, "name:en": null, "name": "ТулНК", "fuel:octane_95": "yes", "fuel:octane_92": "yes", "fuel:diesel": "yes", "contact:website": null, "contact:phone": null, "brand": null }, "geometry": { "type": "Point", "coordinates": [ 38.183872, 53.354998 ] } },
{ "type": "Feature", "properties": { "full_id": "n2723008972", "osm_id": "2723008972", "osm_type": "node", "amenity": "fuel", "email": null, "cafe": null, "self_service": null, "addr:postcode": null, "wifi": null, "internet_access:fee": null, "contact:vk": null, "barrier": null, "fuel:biogas": null, "fuel:octane_91": null, "fuel:e85": null, "fuel:e10": null, "fuel:biodiesel": null, "fuel:GTL_diesel": null, "fuel:1_50": null, "fuel:1_25": null, "addr:place": null, "name:hy": null, "fuel:cng": null, "phone": null, "payment:cash": null, "fuel:octane": null, "owner": null, "fuel:HGV_diesel": null, "wheelchair": null, "addr:housenumber": null, "addr:city": null, "payment:debit_cards": null, "payment:visa_electron": null, "payment:visa_debit": null, "payment:visa": null, "payment:mastercard": null, "payment:maestro": null, "payment:credit_cards": null, "website": null, "fuel:octane_80": null, "internet_access": null, "contact:email": null, "compressed_air": null, "brand:wikipedia": null, "name:ru": null, "kiosk": null, "brand:wikidata": null, "brand:ru": null, "brand:en": null, "payment:cards": null, "fuel:octane_98": null, "fuel:lpg": null, "fuel:discount": null, "atm": null, "addr:street": null, "fuel:octane_100": null, "description": null, "toilets": null, "shop": null, "ref": null, "operator": null, "opening_hours": null, "name:en": null, "name": null, "fuel:octane_95": null, "fuel:octane_92": null, "fuel:diesel": null, "contact:website": null, "contact:phone": null, "brand": null }, "geometry": { "type": "Point", "coordinates": [ 38.0166749, 53.5580189 ] } },
{ "type": "Feature", "properties": { "full_id": "n661046154", "osm_id": "661046154", "osm_type": "node", "amenity": "fuel", "email": null, "cafe": null, "self_service": null, "addr:postcode": null, "wifi": null, "internet_access:fee": null, "contact:vk": null, "barrier": null, "fuel:biogas": null, "fuel:octane_91": null, "fuel:e85": null, "fuel:e10": null, "fuel:biodiesel": null, "fuel:GTL_diesel": null, "fuel:1_50": null, "fuel:1_25": null, "addr:place": null, "name:hy": null, "fuel:cng": null, "phone": null, "payment:cash": null, "fuel:octane": null, "owner": null, "fuel:HGV_diesel": null, "wheelchair": null, "addr:housenumber": "11А", "addr:city": "Алексин", "payment:debit_cards": null, "payment:visa_electron": null, "payment:visa_debit": null, "payment:visa": null, "payment:mastercard": null, "payment:maestro": null, "payment:credit_cards": null, "website": "https://www.shell.com.ru/", "fuel:octane_80": null, "internet_access": null, "contact:email": null, "compressed_air": "no", "brand:wikipedia": null, "name:ru": null, "kiosk": null, "brand:wikidata": "Q110716465", "brand:ru": null, "brand:en": null, "payment:cards": null, "fuel:octane_98": null, "fuel:lpg": null, "fuel:discount": null, "atm": null, "addr:street": "улица Городская Дорога", "fuel:octane_100": null, "description": null, "toilets": null, "shop": null, "ref": null, "operator": "Shell", "opening_hours": "24/7", "name:en": null, "name": "Shell", "fuel:octane_95": null, "fuel:octane_92": null, "fuel:diesel": null, "contact:website": null, "contact:phone": null, "brand": "Shell" }, "geometry": { "type": "Point", "coordinates": [ 37.069866, 54.5117326 ] } },
{ "type": "Feature", "properties": { "full_id": "n661046158", "osm_id": "661046158", "osm_type": "node", "amenity": "fuel", "email": null, "cafe": null, "self_service": null, "addr:postcode": null, "wifi": null, "internet_access:fee": null, "contact:vk": null, "barrier": null, "fuel:biogas": null, "fuel:octane_91": null, "fuel:e85": null, "fuel:e10": null, "fuel:biodiesel": null, "fuel:GTL_diesel": null, "fuel:1_50": null, "fuel:1_25": null, "addr:place": null, "name:hy": null, "fuel:cng": null, "phone": null, "payment:cash": null, "fuel:octane": null, "owner": null, "fuel:HGV_diesel": null, "wheelchair": null, "addr:housenumber": null, "addr:city": null, "payment:debit_cards": null, "payment:visa_electron": null, "payment:visa_debit": null, "payment:visa": null, "payment:mastercard": null, "payment:maestro": null, "payment:credit_cards": null, "website": null, "fuel:octane_80": null, "internet_access": null, "contact:email": null, "compressed_air": null, "brand:wikipedia": "en:Royal Dutch Shell", "name:ru": null, "kiosk": null, "brand:wikidata": "Q110716465", "brand:ru": null, "brand:en": null, "payment:cards": null, "fuel:octane_98": null, "fuel:lpg": null, "fuel:discount": null, "atm": null, "addr:street": null, "fuel:octane_100": null, "description": null, "toilets": null, "shop": null, "ref": null, "operator": null, "opening_hours": null, "name:en": null, "name": "Shell", "fuel:octane_95": null, "fuel:octane_92": null, "fuel:diesel": null, "contact:website": null, "contact:phone": null, "brand": "Shell" }, "geometry": { "type": "Point", "coordinates": [ 37.1209383, 54.5089222 ] } },
{ "type": "Feature", "properties": { "full_id": "n661046159", "osm_id": "661046159", "osm_type": "node", "amenity": "fuel", "email": null, "cafe": null, "self_service": null, "addr:postcode": null, "wifi": null, "internet_access:fee": null, "contact:vk": null, "barrier": null, "fuel:biogas": null, "fuel:octane_91": null, "fuel:e85": null, "fuel:e10": null, "fuel:biodiesel": null, "fuel:GTL_diesel": null, "fuel:1_50": null, "fuel:1_25": null, "addr:place": null, "name:hy": null, "fuel:cng": null, "phone": null, "payment:cash": null, "fuel:octane": null, "owner": null, "fuel:HGV_diesel": null, "wheelchair": null, "addr:housenumber": null, "addr:city": null, "payment:debit_cards": null, "payment:visa_electron": null, "payment:visa_debit": null, "payment:visa": null, "payment:mastercard": null, "payment:maestro": null, "payment:credit_cards": null, "website": null, "fuel:octane_80": "yes", "internet_access": null, "contact:email": "info@azs-opti.ru", "compressed_air": null, "brand:wikipedia": null, "name:ru": "Опти", "kiosk": null, "brand:wikidata": null, "brand:ru": null, "brand:en": null, "payment:cards": null, "fuel:octane_98": null, "fuel:lpg": null, "fuel:discount": null, "atm": null, "addr:street": null, "fuel:octane_100": null, "description": null, "toilets": null, "shop": null, "ref": null, "operator": null, "opening_hours": "24/7", "name:en": "Opti", "name": "Опти", "fuel:octane_95": "yes", "fuel:octane_92": "yes", "fuel:diesel": "yes", "contact:website": "https://www.azs-opti.ru", "contact:phone": "+7 800 5057846", "brand": null }, "geometry": { "type": "Point", "coordinates": [ 37.1260128, 54.510424 ] } },
{ "type": "Feature", "properties": { "full_id": "n671931598", "osm_id": "671931598", "osm_type": "node", "amenity": "fuel", "email": null, "cafe": null, "self_service": null, "addr:postcode": null, "wifi": null, "internet_access:fee": null, "contact:vk": null, "barrier": null, "fuel:biogas": null, "fuel:octane_91": null, "fuel:e85": null, "fuel:e10": null, "fuel:biodiesel": null, "fuel:GTL_diesel": null, "fuel:1_50": null, "fuel:1_25": null, "addr:place": null, "name:hy": null, "fuel:cng": null, "phone": null, "payment:cash": null, "fuel:octane": null, "owner": null, "fuel:HGV_diesel": null, "wheelchair": null, "addr:housenumber": null, "addr:city": null, "payment:debit_cards": null, "payment:visa_electron": null, "payment:visa_debit": null, "payment:visa": null, "payment:mastercard": null, "payment:maestro": null, "payment:credit_cards": null, "website": null, "fuel:octane_80": null, "internet_access": null, "contact:email": null, "compressed_air": null, "brand:wikipedia": null, "name:ru": null, "kiosk": null, "brand:wikidata": null, "brand:ru": null, "brand:en": null, "payment:cards": null, "fuel:octane_98": null, "fuel:lpg": null, "fuel:discount": null, "atm": null, "addr:street": null, "fuel:octane_100": null, "description": null, "toilets": null, "shop": null, "ref": null, "operator": null, "opening_hours": null, "name:en": null, "name": null, "fuel:octane_95": null, "fuel:octane_92": null, "fuel:diesel": null, "contact:website": null, "contact:phone": null, "brand": null }, "geometry": { "type": "Point", "coordinates": [ 36.9904273, 54.4957446 ] } },
{ "type": "Feature", "properties": { "full_id": "n674032297", "osm_id": "674032297", "osm_type": "node", "amenity": "fuel", "email": null, "cafe": null, "self_service": null, "addr:postcode": null, "wifi": null, "internet_access:fee": null, "contact:vk": null, "barrier": null, "fuel:biogas": null, "fuel:octane_91": null, "fuel:e85": null, "fuel:e10": null, "fuel:biodiesel": null, "fuel:GTL_diesel": null, "fuel:1_50": null, "fuel:1_25": null, "addr:place": null, "name:hy": null, "fuel:cng": null, "phone": null, "payment:cash": null, "fuel:octane": null, "owner": null, "fuel:HGV_diesel": null, "wheelchair": null, "addr:housenumber": null, "addr:city": null, "payment:debit_cards": null, "payment:visa_electron": null, "payment:visa_debit": null, "payment:visa": null, "payment:mastercard": null, "payment:maestro": null, "payment:credit_cards": null, "website": null, "fuel:octane_80": null, "internet_access": null, "contact:email": null, "compressed_air": null, "brand:wikipedia": null, "name:ru": null, "kiosk": null, "brand:wikidata": null, "brand:ru": null, "brand:en": null, "payment:cards": null, "fuel:octane_98": null, "fuel:lpg": null, "fuel:discount": null, "atm": null, "addr:street": null, "fuel:octane_100": null, "description": null, "toilets": null, "shop": null, "ref": null, "operator": null, "opening_hours": null, "name:en": null, "name": null, "fuel:octane_95": null, "fuel:octane_92": null, "fuel:diesel": null, "contact:website": null, "contact:phone": null, "brand": null }, "geometry": { "type": "Point", "coordinates": [ 37.0651441, 54.5092197 ] } },
{ "type": "Feature", "properties": { "full_id": "n699673208", "osm_id": "699673208", "osm_type": "node", "amenity": "fuel", "email": null, "cafe": null, "self_service": null, "addr:postcode": null, "wifi": null, "internet_access:fee": null, "contact:vk": null, "barrier": null, "fuel:biogas": null, "fuel:octane_91": null, "fuel:e85": null, "fuel:e10": null, "fuel:biodiesel": null, "fuel:GTL_diesel": null, "fuel:1_50": null, "fuel:1_25": null, "addr:place": null, "name:hy": null, "fuel:cng": null, "phone": null, "payment:cash": null, "fuel:octane": null, "owner": null, "fuel:HGV_diesel": null, "wheelchair": null, "addr:housenumber": null, "addr:city": null, "payment:debit_cards": null, "payment:visa_electron": null, "payment:visa_debit": null, "payment:visa": null, "payment:mastercard": null, "payment:maestro": null, "payment:credit_cards": null, "website": null, "fuel:octane_80": null, "internet_access": null, "contact:email": null, "compressed_air": null, "brand:wikipedia": null, "name:ru": null, "kiosk": null, "brand:wikidata": null, "brand:ru": null, "brand:en": null, "payment:cards": null, "fuel:octane_98": null, "fuel:lpg": null, "fuel:discount": null, "atm": null, "addr:street": null, "fuel:octane_100": null, "description": null, "toilets": null, "shop": null, "ref": null, "operator": null, "opening_hours": null, "name:en": null, "name": null, "fuel:octane_95": null, "fuel:octane_92": null, "fuel:diesel": null, "contact:website": null, "contact:phone": null, "brand": null }, "geometry": { "type": "Point", "coordinates": [ 37.0575971, 54.5053183 ] } },
{ "type": "Feature", "properties": { "full_id": "n2110876843", "osm_id": "2110876843", "osm_type": "node", "amenity": "fuel", "email": null, "cafe": null, "self_service": null, "addr:postcode": null, "wifi": null, "internet_access:fee": null, "contact:vk": null, "barrier": null, "fuel:biogas": null, "fuel:octane_91": null, "fuel:e85": null, "fuel:e10": null, "fuel:biodiesel": null, "fuel:GTL_diesel": null, "fuel:1_50": null, "fuel:1_25": null, "addr:place": null, "name:hy": null, "fuel:cng": null, "phone": null, "payment:cash": null, "fuel:octane": null, "owner": null, "fuel:HGV_diesel": null, "wheelchair": null, "addr:housenumber": null, "addr:city": null, "payment:debit_cards": null, "payment:visa_electron": null, "payment:visa_debit": null, "payment:visa": null, "payment:mastercard": null, "payment:maestro": null, "payment:credit_cards": null, "website": null, "fuel:octane_80": null, "internet_access": null, "contact:email": null, "compressed_air": "no", "brand:wikipedia": null, "name:ru": null, "kiosk": null, "brand:wikidata": null, "brand:ru": null, "brand:en": null, "payment:cards": null, "fuel:octane_98": null, "fuel:lpg": null, "fuel:discount": null, "atm": null, "addr:street": null, "fuel:octane_100": null, "description": null, "toilets": null, "shop": null, "ref": null, "operator": null, "opening_hours": null, "name:en": null, "name": null, "fuel:octane_95": null, "fuel:octane_92": null, "fuel:diesel": null, "contact:website": null, "contact:phone": null, "brand": null }, "geometry": { "type": "Point", "coordinates": [ 37.0468822, 54.5238787 ] } },
{ "type": "Feature", "properties": { "full_id": "n2117316769", "osm_id": "2117316769", "osm_type": "node", "amenity": "fuel", "email": null, "cafe": null, "self_service": null, "addr:postcode": null, "wifi": null, "internet_access:fee": null, "contact:vk": null, "barrier": null, "fuel:biogas": null, "fuel:octane_91": null, "fuel:e85": null, "fuel:e10": null, "fuel:biodiesel": null, "fuel:GTL_diesel": null, "fuel:1_50": null, "fuel:1_25": null, "addr:place": null, "name:hy": null, "fuel:cng": null, "phone": null, "payment:cash": null, "fuel:octane": null, "owner": null, "fuel:HGV_diesel": null, "wheelchair": null, "addr:housenumber": null, "addr:city": null, "payment:debit_cards": null, "payment:visa_electron": null, "payment:visa_debit": null, "payment:visa": null, "payment:mastercard": null, "payment:maestro": null, "payment:credit_cards": null, "website": null, "fuel:octane_80": null, "internet_access": null, "contact:email": null, "compressed_air": null, "brand:wikipedia": null, "name:ru": null, "kiosk": null, "brand:wikidata": null, "brand:ru": null, "brand:en": null, "payment:cards": null, "fuel:octane_98": null, "fuel:lpg": "yes", "fuel:discount": null, "atm": null, "addr:street": null, "fuel:octane_100": null, "description": null, "toilets": null, "shop": null, "ref": null, "operator": null, "opening_hours": null, "name:en": null, "name": null, "fuel:octane_95": null, "fuel:octane_92": null, "fuel:diesel": null, "contact:website": null, "contact:phone": null, "brand": null }, "geometry": { "type": "Point", "coordinates": [ 37.1275385, 54.5071352 ] } },
{ "type": "Feature", "properties": { "full_id": "n2122911584", "osm_id": "2122911584", "osm_type": "node", "amenity": "fuel", "email": null, "cafe": null, "self_service": null, "addr:postcode": null, "wifi": null, "internet_access:fee": null, "contact:vk": null, "barrier": null, "fuel:biogas": null, "fuel:octane_91": null, "fuel:e85": null, "fuel:e10": null, "fuel:biodiesel": null, "fuel:GTL_diesel": null, "fuel:1_50": null, "fuel:1_25": null, "addr:place": null, "name:hy": null, "fuel:cng": null, "phone": null, "payment:cash": null, "fuel:octane": null, "owner": null, "fuel:HGV_diesel": null, "wheelchair": null, "addr:housenumber": null, "addr:city": null, "payment:debit_cards": null, "payment:visa_electron": null, "payment:visa_debit": null, "payment:visa": null, "payment:mastercard": null, "payment:maestro": null, "payment:credit_cards": null, "website": null, "fuel:octane_80": null, "internet_access": null, "contact:email": null, "compressed_air": null, "brand:wikipedia": null, "name:ru": null, "kiosk": null, "brand:wikidata": null, "brand:ru": null, "brand:en": null, "payment:cards": null, "fuel:octane_98": null, "fuel:lpg": null, "fuel:discount": null, "atm": null, "addr:street": null, "fuel:octane_100": null, "description": null, "toilets": null, "shop": null, "ref": null, "operator": null, "opening_hours": null, "name:en": null, "name": null, "fuel:octane_95": null, "fuel:octane_92": null, "fuel:diesel": null, "contact:website": null, "contact:phone": null, "brand": null }, "geometry": { "type": "Point", "coordinates": [ 37.1227439, 54.4925795 ] } },
{ "type": "Feature", "properties": { "full_id": "n2787911994", "osm_id": "2787911994", "osm_type": "node", "amenity": "fuel", "email": null, "cafe": null, "self_service": null, "addr:postcode": null, "wifi": null, "internet_access:fee": null, "contact:vk": null, "barrier": null, "fuel:biogas": null, "fuel:octane_91": null, "fuel:e85": null, "fuel:e10": null, "fuel:biodiesel": null, "fuel:GTL_diesel": null, "fuel:1_50": null, "fuel:1_25": null, "addr:place": null, "name:hy": null, "fuel:cng": null, "phone": null, "payment:cash": null, "fuel:octane": null, "owner": null, "fuel:HGV_diesel": null, "wheelchair": null, "addr:housenumber": null, "addr:city": null, "payment:debit_cards": null, "payment:visa_electron": null, "payment:visa_debit": null, "payment:visa": null, "payment:mastercard": null, "payment:maestro": null, "payment:credit_cards": null, "website": null, "fuel:octane_80": null, "internet_access": null, "contact:email": null, "compressed_air": null, "brand:wikipedia": null, "name:ru": null, "kiosk": null, "brand:wikidata": null, "brand:ru": null, "brand:en": null, "payment:cards": null, "fuel:octane_98": null, "fuel:lpg": null, "fuel:discount": null, "atm": null, "addr:street": null, "fuel:octane_100": null, "description": null, "toilets": null, "shop": null, "ref": null, "operator": null, "opening_hours": "24/7", "name:en": null, "name": null, "fuel:octane_95": "yes", "fuel:octane_92": "yes", "fuel:diesel": "yes", "contact:website": null, "contact:phone": null, "brand": null }, "geometry": { "type": "Point", "coordinates": [ 37.467928, 54.5180613 ] } },
{ "type": "Feature", "properties": { "full_id": "n7512485711", "osm_id": "7512485711", "osm_type": "node", "amenity": "fuel", "email": null, "cafe": "yes", "self_service": null, "addr:postcode": null, "wifi": null, "internet_access:fee": null, "contact:vk": null, "barrier": null, "fuel:biogas": null, "fuel:octane_91": null, "fuel:e85": null, "fuel:e10": null, "fuel:biodiesel": null, "fuel:GTL_diesel": null, "fuel:1_50": null, "fuel:1_25": null, "addr:place": null, "name:hy": null, "fuel:cng": null, "phone": null, "payment:cash": null, "fuel:octane": null, "owner": "ПАО \"Газпром нефть\"", "fuel:HGV_diesel": null, "wheelchair": null, "addr:housenumber": null, "addr:city": null, "payment:debit_cards": null, "payment:visa_electron": null, "payment:visa_debit": null, "payment:visa": null, "payment:mastercard": null, "payment:maestro": null, "payment:credit_cards": null, "website": null, "fuel:octane_80": null, "internet_access": null, "contact:email": "info@azs-opti.ru", "compressed_air": null, "brand:wikipedia": null, "name:ru": "Опти", "kiosk": null, "brand:wikidata": null, "brand:ru": null, "brand:en": null, "payment:cards": null, "fuel:octane_98": null, "fuel:lpg": null, "fuel:discount": "Нам по пути", "atm": null, "addr:street": null, "fuel:octane_100": null, "description": null, "toilets": "yes", "shop": null, "ref": "7101", "operator": null, "opening_hours": "24/7", "name:en": "Opti", "name": "Опти", "fuel:octane_95": "yes", "fuel:octane_92": "yes", "fuel:diesel": "yes", "contact:website": "https://www.azs-opti.ru", "contact:phone": "+7 800 5057846", "brand": null }, "geometry": { "type": "Point", "coordinates": [ 37.0576, 54.50529 ] } },
{ "type": "Feature", "properties": { "full_id": "n8307196004", "osm_id": "8307196004", "osm_type": "node", "amenity": "fuel", "email": null, "cafe": null, "self_service": null, "addr:postcode": null, "wifi": null, "internet_access:fee": null, "contact:vk": null, "barrier": null, "fuel:biogas": null, "fuel:octane_91": null, "fuel:e85": null, "fuel:e10": null, "fuel:biodiesel": null, "fuel:GTL_diesel": null, "fuel:1_50": null, "fuel:1_25": null, "addr:place": null, "name:hy": null, "fuel:cng": null, "phone": null, "payment:cash": null, "fuel:octane": null, "owner": null, "fuel:HGV_diesel": null, "wheelchair": null, "addr:housenumber": null, "addr:city": null, "payment:debit_cards": null, "payment:visa_electron": null, "payment:visa_debit": null, "payment:visa": null, "payment:mastercard": null, "payment:maestro": null, "payment:credit_cards": null, "website": null, "fuel:octane_80": null, "internet_access": null, "contact:email": null, "compressed_air": null, "brand:wikipedia": null, "name:ru": null, "kiosk": null, "brand:wikidata": null, "brand:ru": null, "brand:en": null, "payment:cards": null, "fuel:octane_98": null, "fuel:lpg": null, "fuel:discount": null, "atm": null, "addr:street": null, "fuel:octane_100": null, "description": null, "toilets": null, "shop": null, "ref": null, "operator": null, "opening_hours": "24/7", "name:en": null, "name": null, "fuel:octane_95": null, "fuel:octane_92": null, "fuel:diesel": null, "contact:website": null, "contact:phone": null, "brand": null }, "geometry": { "type": "Point", "coordinates": [ 37.3452848, 54.4623382 ] } },
{ "type": "Feature", "properties": { "full_id": "n725069249", "osm_id": "725069249", "osm_type": "node", "amenity": "fuel", "email": null, "cafe": null, "self_service": null, "addr:postcode": null, "wifi": null, "internet_access:fee": null, "contact:vk": null, "barrier": null, "fuel:biogas": null, "fuel:octane_91": null, "fuel:e85": null, "fuel:e10": null, "fuel:biodiesel": null, "fuel:GTL_diesel": null, "fuel:1_50": null, "fuel:1_25": null, "addr:place": null, "name:hy": null, "fuel:cng": null, "phone": null, "payment:cash": null, "fuel:octane": null, "owner": null, "fuel:HGV_diesel": null, "wheelchair": null, "addr:housenumber": null, "addr:city": null, "payment:debit_cards": null, "payment:visa_electron": null, "payment:visa_debit": null, "payment:visa": null, "payment:mastercard": null, "payment:maestro": null, "payment:credit_cards": null, "website": null, "fuel:octane_80": null, "internet_access": null, "contact:email": null, "compressed_air": null, "brand:wikipedia": null, "name:ru": null, "kiosk": null, "brand:wikidata": null, "brand:ru": null, "brand:en": null, "payment:cards": null, "fuel:octane_98": null, "fuel:lpg": "yes", "fuel:discount": null, "atm": null, "addr:street": null, "fuel:octane_100": null, "description": null, "toilets": null, "shop": null, "ref": null, "operator": null, "opening_hours": null, "name:en": null, "name": "Кимовскгазстрой", "fuel:octane_95": null, "fuel:octane_92": null, "fuel:diesel": null, "contact:website": null, "contact:phone": null, "brand": null }, "geometry": { "type": "Point", "coordinates": [ 38.2807621, 54.0187402 ] } },
{ "type": "Feature", "properties": { "full_id": "n1096344721", "osm_id": "1096344721", "osm_type": "node", "amenity": "fuel", "email": null, "cafe": null, "self_service": null, "addr:postcode": null, "wifi": null, "internet_access:fee": null, "contact:vk": null, "barrier": null, "fuel:biogas": null, "fuel:octane_91": null, "fuel:e85": null, "fuel:e10": null, "fuel:biodiesel": null, "fuel:GTL_diesel": null, "fuel:1_50": null, "fuel:1_25": null, "addr:place": null, "name:hy": null, "fuel:cng": null, "phone": null, "payment:cash": null, "fuel:octane": null, "owner": null, "fuel:HGV_diesel": null, "wheelchair": null, "addr:housenumber": null, "addr:city": null, "payment:debit_cards": null, "payment:visa_electron": null, "payment:visa_debit": null, "payment:visa": null, "payment:mastercard": null, "payment:maestro": null, "payment:credit_cards": null, "website": null, "fuel:octane_80": null, "internet_access": null, "contact:email": null, "compressed_air": null, "brand:wikipedia": null, "name:ru": null, "kiosk": null, "brand:wikidata": null, "brand:ru": null, "brand:en": null, "payment:cards": null, "fuel:octane_98": null, "fuel:lpg": null, "fuel:discount": null, "atm": null, "addr:street": null, "fuel:octane_100": null, "description": null, "toilets": null, "shop": null, "ref": null, "operator": null, "opening_hours": null, "name:en": null, "name": "Газпром", "fuel:octane_95": null, "fuel:octane_92": null, "fuel:diesel": null, "contact:website": null, "contact:phone": null, "brand": "Газпром" }, "geometry": { "type": "Point", "coordinates": [ 38.2594909, 54.0334289 ] } },
{ "type": "Feature", "properties": { "full_id": "n1116499275", "osm_id": "1116499275", "osm_type": "node", "amenity": "fuel", "email": null, "cafe": null, "self_service": null, "addr:postcode": null, "wifi": null, "internet_access:fee": null, "contact:vk": null, "barrier": null, "fuel:biogas": null, "fuel:octane_91": null, "fuel:e85": null, "fuel:e10": null, "fuel:biodiesel": null, "fuel:GTL_diesel": null, "fuel:1_50": null, "fuel:1_25": null, "addr:place": null, "name:hy": null, "fuel:cng": null, "phone": null, "payment:cash": null, "fuel:octane": null, "owner": null, "fuel:HGV_diesel": null, "wheelchair": null, "addr:housenumber": null, "addr:city": null, "payment:debit_cards": null, "payment:visa_electron": null, "payment:visa_debit": null, "payment:visa": null, "payment:mastercard": null, "payment:maestro": null, "payment:credit_cards": null, "website": null, "fuel:octane_80": null, "internet_access": null, "contact:email": null, "compressed_air": null, "brand:wikipedia": null, "name:ru": null, "kiosk": null, "brand:wikidata": null, "brand:ru": null, "brand:en": null, "payment:cards": null, "fuel:octane_98": null, "fuel:lpg": null, "fuel:discount": null, "atm": null, "addr:street": null, "fuel:octane_100": null, "description": null, "toilets": null, "shop": null, "ref": null, "operator": null, "opening_hours": null, "name:en": null, "name": "ТНК", "fuel:octane_95": null, "fuel:octane_92": null, "fuel:diesel": null, "contact:website": null, "contact:phone": null, "brand": null }, "geometry": { "type": "Point", "coordinates": [ 38.2947455, 53.9578026 ] } },
{ "type": "Feature", "properties": { "full_id": "n1159220807", "osm_id": "1159220807", "osm_type": "node", "amenity": "fuel", "email": null, "cafe": null, "self_service": null, "addr:postcode": null, "wifi": null, "internet_access:fee": null, "contact:vk": null, "barrier": null, "fuel:biogas": null, "fuel:octane_91": null, "fuel:e85": null, "fuel:e10": null, "fuel:biodiesel": null, "fuel:GTL_diesel": null, "fuel:1_50": null, "fuel:1_25": null, "addr:place": null, "name:hy": null, "fuel:cng": null, "phone": null, "payment:cash": null, "fuel:octane": null, "owner": null, "fuel:HGV_diesel": null, "wheelchair": null, "addr:housenumber": null, "addr:city": null, "payment:debit_cards": null, "payment:visa_electron": null, "payment:visa_debit": null, "payment:visa": null, "payment:mastercard": null, "payment:maestro": null, "payment:credit_cards": null, "website": null, "fuel:octane_80": null, "internet_access": null, "contact:email": null, "compressed_air": null, "brand:wikipedia": null, "name:ru": null, "kiosk": null, "brand:wikidata": null, "brand:ru": null, "brand:en": null, "payment:cards": null, "fuel:octane_98": null, "fuel:lpg": null, "fuel:discount": null, "atm": null, "addr:street": null, "fuel:octane_100": null, "description": null, "toilets": null, "shop": "yes", "ref": null, "operator": "Газпром", "opening_hours": "24/7", "name:en": null, "name": "Газпром", "fuel:octane_95": null, "fuel:octane_92": null, "fuel:diesel": null, "contact:website": null, "contact:phone": null, "brand": "Газпром" }, "geometry": { "type": "Point", "coordinates": [ 38.2879141, 54.0254233 ] } },
{ "type": "Feature", "properties": { "full_id": "n1159220817", "osm_id": "1159220817", "osm_type": "node", "amenity": "fuel", "email": null, "cafe": null, "self_service": null, "addr:postcode": null, "wifi": null, "internet_access:fee": null, "contact:vk": null, "barrier": null, "fuel:biogas": null, "fuel:octane_91": null, "fuel:e85": null, "fuel:e10": null, "fuel:biodiesel": null, "fuel:GTL_diesel": null, "fuel:1_50": null, "fuel:1_25": null, "addr:place": null, "name:hy": null, "fuel:cng": null, "phone": null, "payment:cash": null, "fuel:octane": null, "owner": null, "fuel:HGV_diesel": null, "wheelchair": null, "addr:housenumber": null, "addr:city": null, "payment:debit_cards": null, "payment:visa_electron": null, "payment:visa_debit": null, "payment:visa": null, "payment:mastercard": null, "payment:maestro": null, "payment:credit_cards": null, "website": null, "fuel:octane_80": null, "internet_access": null, "contact:email": null, "compressed_air": null, "brand:wikipedia": null, "name:ru": null, "kiosk": null, "brand:wikidata": null, "brand:ru": null, "brand:en": null, "payment:cards": null, "fuel:octane_98": null, "fuel:lpg": null, "fuel:discount": null, "atm": null, "addr:street": null, "fuel:octane_100": null, "description": null, "toilets": null, "shop": null, "ref": null, "operator": null, "opening_hours": null, "name:en": null, "name": "НзОйл", "fuel:octane_95": null, "fuel:octane_92": null, "fuel:diesel": null, "contact:website": null, "contact:phone": null, "brand": null }, "geometry": { "type": "Point", "coordinates": [ 38.296516, 54.0040494 ] } },
{ "type": "Feature", "properties": { "full_id": "n1261367597", "osm_id": "1261367597", "osm_type": "node", "amenity": "fuel", "email": null, "cafe": null, "self_service": null, "addr:postcode": null, "wifi": null, "internet_access:fee": null, "contact:vk": null, "barrier": null, "fuel:biogas": null, "fuel:octane_91": null, "fuel:e85": null, "fuel:e10": null, "fuel:biodiesel": null, "fuel:GTL_diesel": null, "fuel:1_50": null, "fuel:1_25": null, "addr:place": null, "name:hy": null, "fuel:cng": null, "phone": null, "payment:cash": null, "fuel:octane": null, "owner": null, "fuel:HGV_diesel": null, "wheelchair": null, "addr:housenumber": null, "addr:city": null, "payment:debit_cards": null, "payment:visa_electron": null, "payment:visa_debit": null, "payment:visa": null, "payment:mastercard": null, "payment:maestro": null, "payment:credit_cards": null, "website": null, "fuel:octane_80": null, "internet_access": null, "contact:email": null, "compressed_air": null, "brand:wikipedia": null, "name:ru": null, "kiosk": null, "brand:wikidata": null, "brand:ru": null, "brand:en": null, "payment:cards": null, "fuel:octane_98": null, "fuel:lpg": null, "fuel:discount": null, "atm": null, "addr:street": null, "fuel:octane_100": null, "description": null, "toilets": null, "shop": "yes", "ref": null, "operator": null, "opening_hours": null, "name:en": null, "name": "ТНБ", "fuel:octane_95": null, "fuel:octane_92": null, "fuel:diesel": null, "contact:website": null, "contact:phone": null, "brand": null }, "geometry": { "type": "Point", "coordinates": [ 38.3047771, 53.9871901 ] } },
{ "type": "Feature", "properties": { "full_id": "n1306396154", "osm_id": "1306396154", "osm_type": "node", "amenity": "fuel", "email": null, "cafe": null, "self_service": null, "addr:postcode": null, "wifi": null, "internet_access:fee": null, "contact:vk": null, "barrier": null, "fuel:biogas": null, "fuel:octane_91": null, "fuel:e85": null, "fuel:e10": null, "fuel:biodiesel": null, "fuel:GTL_diesel": null, "fuel:1_50": null, "fuel:1_25": null, "addr:place": null, "name:hy": null, "fuel:cng": null, "phone": null, "payment:cash": null, "fuel:octane": null, "owner": null, "fuel:HGV_diesel": null, "wheelchair": null, "addr:housenumber": null, "addr:city": null, "payment:debit_cards": null, "payment:visa_electron": null, "payment:visa_debit": null, "payment:visa": null, "payment:mastercard": null, "payment:maestro": null, "payment:credit_cards": null, "website": "https://www.rosneft.ru/", "fuel:octane_80": null, "internet_access": null, "contact:email": null, "compressed_air": null, "brand:wikipedia": null, "name:ru": null, "kiosk": null, "brand:wikidata": null, "brand:ru": null, "brand:en": null, "payment:cards": null, "fuel:octane_98": null, "fuel:lpg": null, "fuel:discount": null, "atm": null, "addr:street": null, "fuel:octane_100": null, "description": null, "toilets": null, "shop": "yes", "ref": null, "operator": "Роснефть", "opening_hours": "24/7", "name:en": null, "name": "Шелл", "fuel:octane_95": null, "fuel:octane_92": null, "fuel:diesel": null, "contact:website": null, "contact:phone": null, "brand": null }, "geometry": { "type": "Point", "coordinates": [ 38.2853832, 54.0187056 ] } },
{ "type": "Feature", "properties": { "full_id": "n1306396182", "osm_id": "1306396182", "osm_type": "node", "amenity": "fuel", "email": null, "cafe": null, "self_service": null, "addr:postcode": null, "wifi": null, "internet_access:fee": null, "contact:vk": null, "barrier": null, "fuel:biogas": null, "fuel:octane_91": null, "fuel:e85": null, "fuel:e10": null, "fuel:biodiesel": null, "fuel:GTL_diesel": null, "fuel:1_50": null, "fuel:1_25": null, "addr:place": null, "name:hy": null, "fuel:cng": null, "phone": null, "payment:cash": null, "fuel:octane": null, "owner": null, "fuel:HGV_diesel": null, "wheelchair": null, "addr:housenumber": null, "addr:city": null, "payment:debit_cards": null, "payment:visa_electron": null, "payment:visa_debit": null, "payment:visa": null, "payment:mastercard": null, "payment:maestro": null, "payment:credit_cards": null, "website": null, "fuel:octane_80": null, "internet_access": null, "contact:email": null, "compressed_air": null, "brand:wikipedia": null, "name:ru": null, "kiosk": null, "brand:wikidata": null, "brand:ru": null, "brand:en": null, "payment:cards": null, "fuel:octane_98": null, "fuel:lpg": null, "fuel:discount": null, "atm": null, "addr:street": null, "fuel:octane_100": null, "description": null, "toilets": null, "shop": null, "ref": null, "operator": "Газпром", "opening_hours": null, "name:en": null, "name": "Газпром", "fuel:octane_95": null, "fuel:octane_92": null, "fuel:diesel": null, "contact:website": null, "contact:phone": null, "brand": null }, "geometry": { "type": "Point", "coordinates": [ 38.3094657, 53.9822947 ] } },
{ "type": "Feature", "properties": { "full_id": "n1306396240", "osm_id": "1306396240", "osm_type": "node", "amenity": "fuel", "email": null, "cafe": null, "self_service": null, "addr:postcode": null, "wifi": null, "internet_access:fee": null, "contact:vk": null, "barrier": null, "fuel:biogas": null, "fuel:octane_91": null, "fuel:e85": null, "fuel:e10": null, "fuel:biodiesel": null, "fuel:GTL_diesel": null, "fuel:1_50": null, "fuel:1_25": null, "addr:place": null, "name:hy": null, "fuel:cng": null, "phone": null, "payment:cash": null, "fuel:octane": null, "owner": null, "fuel:HGV_diesel": null, "wheelchair": null, "addr:housenumber": null, "addr:city": null, "payment:debit_cards": null, "payment:visa_electron": null, "payment:visa_debit": null, "payment:visa": null, "payment:mastercard": null, "payment:maestro": null, "payment:credit_cards": null, "website": null, "fuel:octane_80": null, "internet_access": null, "contact:email": null, "compressed_air": null, "brand:wikipedia": null, "name:ru": null, "kiosk": null, "brand:wikidata": null, "brand:ru": null, "brand:en": null, "payment:cards": null, "fuel:octane_98": null, "fuel:lpg": null, "fuel:discount": null, "atm": null, "addr:street": null, "fuel:octane_100": null, "description": null, "toilets": null, "shop": null, "ref": null, "operator": null, "opening_hours": null, "name:en": null, "name": null, "fuel:octane_95": null, "fuel:octane_92": null, "fuel:diesel": null, "contact:website": null, "contact:phone": null, "brand": null }, "geometry": { "type": "Point", "coordinates": [ 38.3104043, 53.9751841 ] } },
{ "type": "Feature", "properties": { "full_id": "n1313814223", "osm_id": "1313814223", "osm_type": "node", "amenity": "fuel", "email": null, "cafe": null, "self_service": null, "addr:postcode": null, "wifi": null, "internet_access:fee": null, "contact:vk": null, "barrier": null, "fuel:biogas": null, "fuel:octane_91": null, "fuel:e85": null, "fuel:e10": null, "fuel:biodiesel": null, "fuel:GTL_diesel": null, "fuel:1_50": null, "fuel:1_25": null, "addr:place": null, "name:hy": null, "fuel:cng": null, "phone": null, "payment:cash": null, "fuel:octane": null, "owner": null, "fuel:HGV_diesel": null, "wheelchair": null, "addr:housenumber": null, "addr:city": null, "payment:debit_cards": null, "payment:visa_electron": null, "payment:visa_debit": null, "payment:visa": null, "payment:mastercard": null, "payment:maestro": null, "payment:credit_cards": null, "website": null, "fuel:octane_80": null, "internet_access": null, "contact:email": null, "compressed_air": null, "brand:wikipedia": null, "name:ru": null, "kiosk": null, "brand:wikidata": null, "brand:ru": null, "brand:en": null, "payment:cards": null, "fuel:octane_98": null, "fuel:lpg": null, "fuel:discount": null, "atm": null, "addr:street": null, "fuel:octane_100": null, "description": null, "toilets": null, "shop": null, "ref": null, "operator": null, "opening_hours": null, "name:en": null, "name": null, "fuel:octane_95": null, "fuel:octane_92": null, "fuel:diesel": null, "contact:website": null, "contact:phone": null, "brand": null }, "geometry": { "type": "Point", "coordinates": [ 38.2729711, 54.0097989 ] } },
{ "type": "Feature", "properties": { "full_id": "n1345695054", "osm_id": "1345695054", "osm_type": "node", "amenity": "fuel", "email": null, "cafe": null, "self_service": null, "addr:postcode": null, "wifi": null, "internet_access:fee": null, "contact:vk": null, "barrier": null, "fuel:biogas": null, "fuel:octane_91": null, "fuel:e85": null, "fuel:e10": null, "fuel:biodiesel": null, "fuel:GTL_diesel": null, "fuel:1_50": null, "fuel:1_25": null, "addr:place": null, "name:hy": null, "fuel:cng": null, "phone": null, "payment:cash": null, "fuel:octane": null, "owner": null, "fuel:HGV_diesel": null, "wheelchair": null, "addr:housenumber": null, "addr:city": null, "payment:debit_cards": null, "payment:visa_electron": null, "payment:visa_debit": null, "payment:visa": null, "payment:mastercard": null, "payment:maestro": null, "payment:credit_cards": null, "website": null, "fuel:octane_80": null, "internet_access": null, "contact:email": null, "compressed_air": null, "brand:wikipedia": null, "name:ru": null, "kiosk": null, "brand:wikidata": null, "brand:ru": null, "brand:en": null, "payment:cards": null, "fuel:octane_98": null, "fuel:lpg": null, "fuel:discount": null, "atm": null, "addr:street": null, "fuel:octane_100": null, "description": null, "toilets": null, "shop": null, "ref": null, "operator": "ТНК", "opening_hours": null, "name:en": null, "name": "ТНК №75", "fuel:octane_95": null, "fuel:octane_92": null, "fuel:diesel": null, "contact:website": null, "contact:phone": null, "brand": "ТНК" }, "geometry": { "type": "Point", "coordinates": [ 38.3251582, 54.0268025 ] } },
{ "type": "Feature", "properties": { "full_id": "n1345695080", "osm_id": "1345695080", "osm_type": "node", "amenity": "fuel", "email": null, "cafe": null, "self_service": null, "addr:postcode": null, "wifi": null, "internet_access:fee": null, "contact:vk": null, "barrier": null, "fuel:biogas": null, "fuel:octane_91": null, "fuel:e85": null, "fuel:e10": null, "fuel:biodiesel": null, "fuel:GTL_diesel": null, "fuel:1_50": null, "fuel:1_25": null, "addr:place": null, "name:hy": null, "fuel:cng": null, "phone": null, "payment:cash": null, "fuel:octane": null, "owner": null, "fuel:HGV_diesel": null, "wheelchair": null, "addr:housenumber": null, "addr:city": null, "payment:debit_cards": null, "payment:visa_electron": null, "payment:visa_debit": null, "payment:visa": null, "payment:mastercard": null, "payment:maestro": null, "payment:credit_cards": null, "website": null, "fuel:octane_80": null, "internet_access": null, "contact:email": null, "compressed_air": null, "brand:wikipedia": null, "name:ru": null, "kiosk": null, "brand:wikidata": null, "brand:ru": null, "brand:en": null, "payment:cards": null, "fuel:octane_98": null, "fuel:lpg": null, "fuel:discount": null, "atm": null, "addr:street": null, "fuel:octane_100": null, "description": null, "toilets": null, "shop": null, "ref": null, "operator": null, "opening_hours": null, "name:en": null, "name": "ТрансОйл", "fuel:octane_95": null, "fuel:octane_92": null, "fuel:diesel": null, "contact:website": null, "contact:phone": null, "brand": "ТрансОйл" }, "geometry": { "type": "Point", "coordinates": [ 38.3248632, 54.0271366 ] } },
{ "type": "Feature", "properties": { "full_id": "n1497224966", "osm_id": "1497224966", "osm_type": "node", "amenity": "fuel", "email": null, "cafe": null, "self_service": null, "addr:postcode": null, "wifi": null, "internet_access:fee": null, "contact:vk": null, "barrier": null, "fuel:biogas": null, "fuel:octane_91": null, "fuel:e85": null, "fuel:e10": null, "fuel:biodiesel": null, "fuel:GTL_diesel": null, "fuel:1_50": null, "fuel:1_25": null, "addr:place": null, "name:hy": null, "fuel:cng": null, "phone": null, "payment:cash": null, "fuel:octane": null, "owner": null, "fuel:HGV_diesel": null, "wheelchair": null, "addr:housenumber": null, "addr:city": null, "payment:debit_cards": null, "payment:visa_electron": null, "payment:visa_debit": null, "payment:visa": null, "payment:mastercard": null, "payment:maestro": null, "payment:credit_cards": null, "website": null, "fuel:octane_80": null, "internet_access": null, "contact:email": null, "compressed_air": null, "brand:wikipedia": null, "name:ru": null, "kiosk": null, "brand:wikidata": null, "brand:ru": null, "brand:en": null, "payment:cards": null, "fuel:octane_98": null, "fuel:lpg": null, "fuel:discount": null, "atm": null, "addr:street": null, "fuel:octane_100": null, "description": null, "toilets": null, "shop": null, "ref": null, "operator": null, "opening_hours": null, "name:en": null, "name": null, "fuel:octane_95": null, "fuel:octane_92": null, "fuel:diesel": null, "contact:website": null, "contact:phone": null, "brand": null }, "geometry": { "type": "Point", "coordinates": [ 38.3576077, 53.9684374 ] } },
{ "type": "Feature", "properties": { "full_id": "n1516759692", "osm_id": "1516759692", "osm_type": "node", "amenity": "fuel", "email": null, "cafe": null, "self_service": null, "addr:postcode": null, "wifi": null, "internet_access:fee": null, "contact:vk": null, "barrier": null, "fuel:biogas": null, "fuel:octane_91": null, "fuel:e85": null, "fuel:e10": null, "fuel:biodiesel": null, "fuel:GTL_diesel": null, "fuel:1_50": null, "fuel:1_25": null, "addr:place": null, "name:hy": null, "fuel:cng": null, "phone": null, "payment:cash": null, "fuel:octane": null, "owner": null, "fuel:HGV_diesel": null, "wheelchair": null, "addr:housenumber": null, "addr:city": null, "payment:debit_cards": null, "payment:visa_electron": null, "payment:visa_debit": null, "payment:visa": null, "payment:mastercard": null, "payment:maestro": null, "payment:credit_cards": null, "website": null, "fuel:octane_80": null, "internet_access": null, "contact:email": null, "compressed_air": null, "brand:wikipedia": null, "name:ru": null, "kiosk": null, "brand:wikidata": null, "brand:ru": null, "brand:en": null, "payment:cards": null, "fuel:octane_98": null, "fuel:lpg": null, "fuel:discount": null, "atm": null, "addr:street": null, "fuel:octane_100": null, "description": null, "toilets": null, "shop": null, "ref": null, "operator": "ТНБ", "opening_hours": null, "name:en": null, "name": "ТНБ", "fuel:octane_95": null, "fuel:octane_92": null, "fuel:diesel": null, "contact:website": null, "contact:phone": null, "brand": "ТНБ" }, "geometry": { "type": "Point", "coordinates": [ 38.3752547, 54.0222291 ] } },
{ "type": "Feature", "properties": { "full_id": "n1603991267", "osm_id": "1603991267", "osm_type": "node", "amenity": "fuel", "email": null, "cafe": null, "self_service": null, "addr:postcode": null, "wifi": null, "internet_access:fee": null, "contact:vk": null, "barrier": null, "fuel:biogas": null, "fuel:octane_91": null, "fuel:e85": null, "fuel:e10": null, "fuel:biodiesel": null, "fuel:GTL_diesel": null, "fuel:1_50": null, "fuel:1_25": null, "addr:place": null, "name:hy": null, "fuel:cng": null, "phone": null, "payment:cash": null, "fuel:octane": null, "owner": null, "fuel:HGV_diesel": null, "wheelchair": null, "addr:housenumber": null, "addr:city": null, "payment:debit_cards": null, "payment:visa_electron": null, "payment:visa_debit": null, "payment:visa": null, "payment:mastercard": null, "payment:maestro": null, "payment:credit_cards": null, "website": null, "fuel:octane_80": null, "internet_access": null, "contact:email": null, "compressed_air": null, "brand:wikipedia": null, "name:ru": null, "kiosk": null, "brand:wikidata": null, "brand:ru": null, "brand:en": null, "payment:cards": null, "fuel:octane_98": null, "fuel:lpg": null, "fuel:discount": null, "atm": null, "addr:street": null, "fuel:octane_100": null, "description": null, "toilets": null, "shop": null, "ref": null, "operator": null, "opening_hours": null, "name:en": null, "name": "Газпром", "fuel:octane_95": "yes", "fuel:octane_92": "yes", "fuel:diesel": "yes", "contact:website": null, "contact:phone": null, "brand": null }, "geometry": { "type": "Point", "coordinates": [ 38.2645234, 54.0132808 ] } },
{ "type": "Feature", "properties": { "full_id": "n1797610590", "osm_id": "1797610590", "osm_type": "node", "amenity": "fuel", "email": null, "cafe": null, "self_service": null, "addr:postcode": null, "wifi": null, "internet_access:fee": null, "contact:vk": null, "barrier": null, "fuel:biogas": "no", "fuel:octane_91": null, "fuel:e85": null, "fuel:e10": null, "fuel:biodiesel": null, "fuel:GTL_diesel": null, "fuel:1_50": null, "fuel:1_25": null, "addr:place": null, "name:hy": null, "fuel:cng": null, "phone": null, "payment:cash": null, "fuel:octane": null, "owner": null, "fuel:HGV_diesel": null, "wheelchair": null, "addr:housenumber": null, "addr:city": null, "payment:debit_cards": null, "payment:visa_electron": null, "payment:visa_debit": null, "payment:visa": null, "payment:mastercard": null, "payment:maestro": null, "payment:credit_cards": null, "website": null, "fuel:octane_80": null, "internet_access": null, "contact:email": null, "compressed_air": null, "brand:wikipedia": null, "name:ru": null, "kiosk": null, "brand:wikidata": null, "brand:ru": null, "brand:en": null, "payment:cards": null, "fuel:octane_98": null, "fuel:lpg": null, "fuel:discount": null, "atm": null, "addr:street": null, "fuel:octane_100": null, "description": null, "toilets": null, "shop": null, "ref": null, "operator": null, "opening_hours": null, "name:en": null, "name": "НзОйл", "fuel:octane_95": null, "fuel:octane_92": "yes", "fuel:diesel": null, "contact:website": null, "contact:phone": null, "brand": "НзОйл" }, "geometry": { "type": "Point", "coordinates": [ 38.3050829, 54.0199202 ] } },
{ "type": "Feature", "properties": { "full_id": "n2145604691", "osm_id": "2145604691", "osm_type": "node", "amenity": "fuel", "email": null, "cafe": null, "self_service": null, "addr:postcode": null, "wifi": null, "internet_access:fee": null, "contact:vk": null, "barrier": null, "fuel:biogas": null, "fuel:octane_91": null, "fuel:e85": null, "fuel:e10": null, "fuel:biodiesel": null, "fuel:GTL_diesel": null, "fuel:1_50": null, "fuel:1_25": null, "addr:place": null, "name:hy": null, "fuel:cng": null, "phone": null, "payment:cash": null, "fuel:octane": null, "owner": null, "fuel:HGV_diesel": null, "wheelchair": null, "addr:housenumber": null, "addr:city": null, "payment:debit_cards": null, "payment:visa_electron": null, "payment:visa_debit": null, "payment:visa": null, "payment:mastercard": null, "payment:maestro": null, "payment:credit_cards": null, "website": null, "fuel:octane_80": null, "internet_access": null, "contact:email": null, "compressed_air": null, "brand:wikipedia": "en:TNK-BP", "name:ru": null, "kiosk": null, "brand:wikidata": "Q2298901", "brand:ru": null, "brand:en": null, "payment:cards": null, "fuel:octane_98": null, "fuel:lpg": null, "fuel:discount": null, "atm": null, "addr:street": null, "fuel:octane_100": null, "description": null, "toilets": null, "shop": null, "ref": null, "operator": "ТНК", "opening_hours": null, "name:en": null, "name": "ТНК", "fuel:octane_95": "yes", "fuel:octane_92": "yes", "fuel:diesel": null, "contact:website": null, "contact:phone": null, "brand": "ТНК" }, "geometry": { "type": "Point", "coordinates": [ 38.2500227, 54.0063154 ] } },
{ "type": "Feature", "properties": { "full_id": "n2353059149", "osm_id": "2353059149", "osm_type": "node", "amenity": "fuel", "email": null, "cafe": null, "self_service": null, "addr:postcode": null, "wifi": null, "internet_access:fee": null, "contact:vk": null, "barrier": null, "fuel:biogas": null, "fuel:octane_91": null, "fuel:e85": null, "fuel:e10": null, "fuel:biodiesel": null, "fuel:GTL_diesel": null, "fuel:1_50": null, "fuel:1_25": null, "addr:place": null, "name:hy": null, "fuel:cng": null, "phone": null, "payment:cash": null, "fuel:octane": null, "owner": null, "fuel:HGV_diesel": null, "wheelchair": null, "addr:housenumber": null, "addr:city": null, "payment:debit_cards": null, "payment:visa_electron": null, "payment:visa_debit": null, "payment:visa": null, "payment:mastercard": null, "payment:maestro": null, "payment:credit_cards": null, "website": null, "fuel:octane_80": null, "internet_access": null, "contact:email": null, "compressed_air": null, "brand:wikipedia": null, "name:ru": null, "kiosk": null, "brand:wikidata": null, "brand:ru": null, "brand:en": null, "payment:cards": null, "fuel:octane_98": null, "fuel:lpg": null, "fuel:discount": null, "atm": null, "addr:street": null, "fuel:octane_100": null, "description": null, "toilets": null, "shop": null, "ref": null, "operator": null, "opening_hours": null, "name:en": null, "name": "Газпром", "fuel:octane_95": null, "fuel:octane_92": null, "fuel:diesel": null, "contact:website": null, "contact:phone": null, "brand": null }, "geometry": { "type": "Point", "coordinates": [ 38.3672913, 53.9682636 ] } },
{ "type": "Feature", "properties": { "full_id": "n4879670321", "osm_id": "4879670321", "osm_type": "node", "amenity": "fuel", "email": null, "cafe": null, "self_service": null, "addr:postcode": null, "wifi": null, "internet_access:fee": null, "contact:vk": null, "barrier": null, "fuel:biogas": null, "fuel:octane_91": null, "fuel:e85": null, "fuel:e10": null, "fuel:biodiesel": null, "fuel:GTL_diesel": null, "fuel:1_50": null, "fuel:1_25": null, "addr:place": null, "name:hy": null, "fuel:cng": "yes", "phone": null, "payment:cash": null, "fuel:octane": null, "owner": null, "fuel:HGV_diesel": null, "wheelchair": null, "addr:housenumber": null, "addr:city": null, "payment:debit_cards": null, "payment:visa_electron": null, "payment:visa_debit": null, "payment:visa": null, "payment:mastercard": null, "payment:maestro": null, "payment:credit_cards": null, "website": null, "fuel:octane_80": null, "internet_access": null, "contact:email": null, "compressed_air": null, "brand:wikipedia": null, "name:ru": null, "kiosk": null, "brand:wikidata": null, "brand:ru": null, "brand:en": null, "payment:cards": null, "fuel:octane_98": null, "fuel:lpg": null, "fuel:discount": null, "atm": null, "addr:street": null, "fuel:octane_100": null, "description": null, "toilets": null, "shop": null, "ref": null, "operator": null, "opening_hours": null, "name:en": null, "name": "Газовая заправка", "fuel:octane_95": null, "fuel:octane_92": null, "fuel:diesel": null, "contact:website": null, "contact:phone": null, "brand": null }, "geometry": { "type": "Point", "coordinates": [ 38.2892803, 53.9629399 ] } },
{ "type": "Feature", "properties": { "full_id": "n10109201664", "osm_id": "10109201664", "osm_type": "node", "amenity": "fuel", "email": null, "cafe": null, "self_service": null, "addr:postcode": null, "wifi": null, "internet_access:fee": null, "contact:vk": null, "barrier": null, "fuel:biogas": null, "fuel:octane_91": null, "fuel:e85": null, "fuel:e10": null, "fuel:biodiesel": null, "fuel:GTL_diesel": null, "fuel:1_50": null, "fuel:1_25": null, "addr:place": null, "name:hy": null, "fuel:cng": null, "phone": null, "payment:cash": null, "fuel:octane": null, "owner": "ПАО \"Лукойл\"", "fuel:HGV_diesel": null, "wheelchair": null, "addr:housenumber": null, "addr:city": null, "payment:debit_cards": null, "payment:visa_electron": null, "payment:visa_debit": null, "payment:visa": null, "payment:mastercard": null, "payment:maestro": null, "payment:credit_cards": null, "website": null, "fuel:octane_80": null, "internet_access": "wlan", "contact:email": null, "compressed_air": "yes", "brand:wikipedia": "ru:Лукойл", "name:ru": "Лукойл", "kiosk": null, "brand:wikidata": "Q329347", "brand:ru": null, "brand:en": null, "payment:cards": null, "fuel:octane_98": null, "fuel:lpg": null, "fuel:discount": null, "atm": null, "addr:street": null, "fuel:octane_100": "yes", "description": null, "toilets": "yes", "shop": "yes", "ref": "71909", "operator": "ООО \"ЛУКОЙЛ-Центрнефтепродукт\"", "opening_hours": "24/7", "name:en": "Lukoil", "name": "Лукойл", "fuel:octane_95": "yes", "fuel:octane_92": "yes", "fuel:diesel": "yes", "contact:website": "https://lukoil.ru/", "contact:phone": "+7 800 1000911", "brand": "Лукойл" }, "geometry": { "type": "Point", "coordinates": [ 38.252214, 54.008734 ] } },
{ "type": "Feature", "properties": { "full_id": "n402330495", "osm_id": "402330495", "osm_type": "node", "amenity": "fuel", "email": null, "cafe": null, "self_service": null, "addr:postcode": null, "wifi": null, "internet_access:fee": null, "contact:vk": null, "barrier": null, "fuel:biogas": null, "fuel:octane_91": null, "fuel:e85": null, "fuel:e10": null, "fuel:biodiesel": null, "fuel:GTL_diesel": null, "fuel:1_50": null, "fuel:1_25": null, "addr:place": null, "name:hy": null, "fuel:cng": null, "phone": null, "payment:cash": null, "fuel:octane": null, "owner": null, "fuel:HGV_diesel": null, "wheelchair": null, "addr:housenumber": null, "addr:city": null, "payment:debit_cards": null, "payment:visa_electron": null, "payment:visa_debit": null, "payment:visa": null, "payment:mastercard": null, "payment:maestro": null, "payment:credit_cards": null, "website": null, "fuel:octane_80": null, "internet_access": null, "contact:email": null, "compressed_air": null, "brand:wikipedia": null, "name:ru": null, "kiosk": null, "brand:wikidata": null, "brand:ru": null, "brand:en": null, "payment:cards": null, "fuel:octane_98": null, "fuel:lpg": null, "fuel:discount": null, "atm": null, "addr:street": null, "fuel:octane_100": null, "description": null, "toilets": null, "shop": null, "ref": null, "operator": null, "opening_hours": "24/7", "name:en": null, "name": null, "fuel:octane_95": null, "fuel:octane_92": null, "fuel:diesel": null, "contact:website": null, "contact:phone": null, "brand": null }, "geometry": { "type": "Point", "coordinates": [ 38.1781661, 53.3086247 ] } },
{ "type": "Feature", "properties": { "full_id": "n402330496", "osm_id": "402330496", "osm_type": "node", "amenity": "fuel", "email": null, "cafe": null, "self_service": null, "addr:postcode": null, "wifi": null, "internet_access:fee": null, "contact:vk": null, "barrier": null, "fuel:biogas": null, "fuel:octane_91": null, "fuel:e85": null, "fuel:e10": null, "fuel:biodiesel": null, "fuel:GTL_diesel": null, "fuel:1_50": null, "fuel:1_25": null, "addr:place": null, "name:hy": null, "fuel:cng": null, "phone": null, "payment:cash": null, "fuel:octane": null, "owner": null, "fuel:HGV_diesel": null, "wheelchair": null, "addr:housenumber": null, "addr:city": null, "payment:debit_cards": null, "payment:visa_electron": null, "payment:visa_debit": null, "payment:visa": null, "payment:mastercard": null, "payment:maestro": null, "payment:credit_cards": null, "website": null, "fuel:octane_80": null, "internet_access": null, "contact:email": null, "compressed_air": null, "brand:wikipedia": null, "name:ru": null, "kiosk": null, "brand:wikidata": null, "brand:ru": null, "brand:en": null, "payment:cards": null, "fuel:octane_98": null, "fuel:lpg": null, "fuel:discount": null, "atm": null, "addr:street": null, "fuel:octane_100": null, "description": null, "toilets": null, "shop": null, "ref": null, "operator": null, "opening_hours": null, "name:en": null, "name": "АЗМ 294", "fuel:octane_95": null, "fuel:octane_92": null, "fuel:diesel": null, "contact:website": null, "contact:phone": null, "brand": null }, "geometry": { "type": "Point", "coordinates": [ 38.1797068, 53.3087851 ] } },
{ "type": "Feature", "properties": { "full_id": "n402330527", "osm_id": "402330527", "osm_type": "node", "amenity": "fuel", "email": null, "cafe": null, "self_service": null, "addr:postcode": null, "wifi": null, "internet_access:fee": null, "contact:vk": null, "barrier": null, "fuel:biogas": null, "fuel:octane_91": null, "fuel:e85": null, "fuel:e10": null, "fuel:biodiesel": null, "fuel:GTL_diesel": null, "fuel:1_50": null, "fuel:1_25": null, "addr:place": null, "name:hy": null, "fuel:cng": null, "phone": null, "payment:cash": null, "fuel:octane": null, "owner": null, "fuel:HGV_diesel": null, "wheelchair": null, "addr:housenumber": null, "addr:city": null, "payment:debit_cards": null, "payment:visa_electron": null, "payment:visa_debit": null, "payment:visa": null, "payment:mastercard": null, "payment:maestro": null, "payment:credit_cards": null, "website": null, "fuel:octane_80": null, "internet_access": null, "contact:email": null, "compressed_air": null, "brand:wikipedia": null, "name:ru": null, "kiosk": null, "brand:wikidata": null, "brand:ru": null, "brand:en": null, "payment:cards": null, "fuel:octane_98": null, "fuel:lpg": null, "fuel:discount": null, "atm": null, "addr:street": null, "fuel:octane_100": null, "description": null, "toilets": null, "shop": null, "ref": null, "operator": "ТНК", "opening_hours": null, "name:en": null, "name": "Роснефть", "fuel:octane_95": null, "fuel:octane_92": null, "fuel:diesel": null, "contact:website": null, "contact:phone": null, "brand": null }, "geometry": { "type": "Point", "coordinates": [ 38.1570286, 53.0975525 ] } },
{ "type": "Feature", "properties": { "full_id": "n402330530", "osm_id": "402330530", "osm_type": "node", "amenity": "fuel", "email": null, "cafe": null, "self_service": null, "addr:postcode": null, "wifi": null, "internet_access:fee": null, "contact:vk": null, "barrier": null, "fuel:biogas": null, "fuel:octane_91": null, "fuel:e85": null, "fuel:e10": null, "fuel:biodiesel": null, "fuel:GTL_diesel": null, "fuel:1_50": null, "fuel:1_25": null, "addr:place": null, "name:hy": null, "fuel:cng": null, "phone": null, "payment:cash": null, "fuel:octane": null, "owner": null, "fuel:HGV_diesel": null, "wheelchair": null, "addr:housenumber": null, "addr:city": null, "payment:debit_cards": null, "payment:visa_electron": null, "payment:visa_debit": null, "payment:visa": null, "payment:mastercard": null, "payment:maestro": null, "payment:credit_cards": null, "website": null, "fuel:octane_80": null, "internet_access": null, "contact:email": null, "compressed_air": null, "brand:wikipedia": null, "name:ru": null, "kiosk": null, "brand:wikidata": null, "brand:ru": null, "brand:en": null, "payment:cards": null, "fuel:octane_98": null, "fuel:lpg": null, "fuel:discount": null, "atm": null, "addr:street": null, "fuel:octane_100": null, "description": null, "toilets": null, "shop": null, "ref": null, "operator": null, "opening_hours": null, "name:en": null, "name": "Роснефть", "fuel:octane_95": null, "fuel:octane_92": null, "fuel:diesel": null, "contact:website": null, "contact:phone": null, "brand": null }, "geometry": { "type": "Point", "coordinates": [ 38.1600263, 53.090025 ] } },
{ "type": "Feature", "properties": { "full_id": "n402330531", "osm_id": "402330531", "osm_type": "node", "amenity": "fuel", "email": null, "cafe": null, "self_service": null, "addr:postcode": null, "wifi": null, "internet_access:fee": null, "contact:vk": null, "barrier": null, "fuel:biogas": null, "fuel:octane_91": null, "fuel:e85": null, "fuel:e10": null, "fuel:biodiesel": null, "fuel:GTL_diesel": null, "fuel:1_50": null, "fuel:1_25": null, "addr:place": null, "name:hy": null, "fuel:cng": null, "phone": null, "payment:cash": null, "fuel:octane": null, "owner": null, "fuel:HGV_diesel": null, "wheelchair": null, "addr:housenumber": null, "addr:city": null, "payment:debit_cards": null, "payment:visa_electron": null, "payment:visa_debit": null, "payment:visa": null, "payment:mastercard": null, "payment:maestro": null, "payment:credit_cards": null, "website": null, "fuel:octane_80": null, "internet_access": null, "contact:email": null, "compressed_air": null, "brand:wikipedia": null, "name:ru": null, "kiosk": null, "brand:wikidata": null, "brand:ru": null, "brand:en": null, "payment:cards": null, "fuel:octane_98": null, "fuel:lpg": null, "fuel:discount": null, "atm": null, "addr:street": null, "fuel:octane_100": null, "description": null, "toilets": null, "shop": null, "ref": null, "operator": null, "opening_hours": null, "name:en": null, "name": "TWO NP", "fuel:octane_95": null, "fuel:octane_92": null, "fuel:diesel": null, "contact:website": null, "contact:phone": null, "brand": null }, "geometry": { "type": "Point", "coordinates": [ 38.1707981, 53.0781677 ] } },
{ "type": "Feature", "properties": { "full_id": "n402330535", "osm_id": "402330535", "osm_type": "node", "amenity": "fuel", "email": null, "cafe": null, "self_service": null, "addr:postcode": null, "wifi": null, "internet_access:fee": null, "contact:vk": null, "barrier": null, "fuel:biogas": null, "fuel:octane_91": null, "fuel:e85": null, "fuel:e10": null, "fuel:biodiesel": null, "fuel:GTL_diesel": null, "fuel:1_50": null, "fuel:1_25": null, "addr:place": null, "name:hy": null, "fuel:cng": null, "phone": null, "payment:cash": null, "fuel:octane": null, "owner": null, "fuel:HGV_diesel": null, "wheelchair": null, "addr:housenumber": null, "addr:city": null, "payment:debit_cards": null, "payment:visa_electron": null, "payment:visa_debit": null, "payment:visa": null, "payment:mastercard": null, "payment:maestro": null, "payment:credit_cards": null, "website": null, "fuel:octane_80": null, "internet_access": null, "contact:email": null, "compressed_air": null, "brand:wikipedia": null, "name:ru": null, "kiosk": null, "brand:wikidata": null, "brand:ru": null, "brand:en": null, "payment:cards": null, "fuel:octane_98": null, "fuel:lpg": null, "fuel:discount": null, "atm": null, "addr:street": null, "fuel:octane_100": null, "description": null, "toilets": "yes", "shop": "convenience", "ref": "109", "operator": "Газпром", "opening_hours": "24/7", "name:en": null, "name": "АЗС Газпром", "fuel:octane_95": "yes", "fuel:octane_92": "yes", "fuel:diesel": "yes", "contact:website": null, "contact:phone": null, "brand": "Газпром" }, "geometry": { "type": "Point", "coordinates": [ 38.1973539, 53.0496586 ] } },
{ "type": "Feature", "properties": { "full_id": "n402330537", "osm_id": "402330537", "osm_type": "node", "amenity": "fuel", "email": null, "cafe": null, "self_service": null, "addr:postcode": null, "wifi": null, "internet_access:fee": null, "contact:vk": null, "barrier": null, "fuel:biogas": null, "fuel:octane_91": null, "fuel:e85": null, "fuel:e10": null, "fuel:biodiesel": null, "fuel:GTL_diesel": null, "fuel:1_50": null, "fuel:1_25": null, "addr:place": null, "name:hy": null, "fuel:cng": null, "phone": null, "payment:cash": null, "fuel:octane": null, "owner": null, "fuel:HGV_diesel": null, "wheelchair": null, "addr:housenumber": null, "addr:city": null, "payment:debit_cards": null, "payment:visa_electron": null, "payment:visa_debit": null, "payment:visa": null, "payment:mastercard": null, "payment:maestro": null, "payment:credit_cards": null, "website": null, "fuel:octane_80": null, "internet_access": null, "contact:email": null, "compressed_air": null, "brand:wikipedia": null, "name:ru": null, "kiosk": null, "brand:wikidata": null, "brand:ru": null, "brand:en": null, "payment:cards": null, "fuel:octane_98": null, "fuel:lpg": null, "fuel:discount": null, "atm": null, "addr:street": null, "fuel:octane_100": null, "description": null, "toilets": null, "shop": null, "ref": null, "operator": null, "opening_hours": null, "name:en": null, "name": "TWO NP", "fuel:octane_95": "yes", "fuel:octane_92": "yes", "fuel:diesel": "yes", "contact:website": null, "contact:phone": null, "brand": null }, "geometry": { "type": "Point", "coordinates": [ 38.2130536, 53.0316266 ] } },
{ "type": "Feature", "properties": { "full_id": "n402330538", "osm_id": "402330538", "osm_type": "node", "amenity": "fuel", "email": null, "cafe": null, "self_service": null, "addr:postcode": null, "wifi": null, "internet_access:fee": null, "contact:vk": null, "barrier": null, "fuel:biogas": null, "fuel:octane_91": null, "fuel:e85": null, "fuel:e10": null, "fuel:biodiesel": null, "fuel:GTL_diesel": null, "fuel:1_50": null, "fuel:1_25": null, "addr:place": null, "name:hy": null, "fuel:cng": null, "phone": null, "payment:cash": null, "fuel:octane": null, "owner": null, "fuel:HGV_diesel": null, "wheelchair": null, "addr:housenumber": null, "addr:city": null, "payment:debit_cards": null, "payment:visa_electron": null, "payment:visa_debit": null, "payment:visa": null, "payment:mastercard": null, "payment:maestro": null, "payment:credit_cards": null, "website": null, "fuel:octane_80": null, "internet_access": "wlan", "contact:email": null, "compressed_air": "yes", "brand:wikipedia": null, "name:ru": "Лукойл", "kiosk": null, "brand:wikidata": "Q329347", "brand:ru": "Лукойл", "brand:en": "Lukoil", "payment:cards": null, "fuel:octane_98": null, "fuel:lpg": null, "fuel:discount": null, "atm": null, "addr:street": null, "fuel:octane_100": "yes", "description": null, "toilets": "yes", "shop": "yes", "ref": "71919", "operator": "ООО \"ЛУКОЙЛ-Центрнефтепродукт\"", "opening_hours": "24/7", "name:en": "Lukoil", "name": "Лукойл", "fuel:octane_95": "yes", "fuel:octane_92": "yes", "fuel:diesel": "yes", "contact:website": "https://lukoil.ru/", "contact:phone": "+7 800 1000911", "brand": "Лукойл" }, "geometry": { "type": "Point", "coordinates": [ 38.2145006, 53.014875 ] } },
{ "type": "Feature", "properties": { "full_id": "n402330539", "osm_id": "402330539", "osm_type": "node", "amenity": "fuel", "email": null, "cafe": null, "self_service": null, "addr:postcode": null, "wifi": null, "internet_access:fee": null, "contact:vk": null, "barrier": null, "fuel:biogas": null, "fuel:octane_91": null, "fuel:e85": null, "fuel:e10": null, "fuel:biodiesel": null, "fuel:GTL_diesel": null, "fuel:1_50": null, "fuel:1_25": null, "addr:place": null, "name:hy": null, "fuel:cng": null, "phone": null, "payment:cash": null, "fuel:octane": null, "owner": null, "fuel:HGV_diesel": null, "wheelchair": null, "addr:housenumber": null, "addr:city": null, "payment:debit_cards": null, "payment:visa_electron": null, "payment:visa_debit": null, "payment:visa": null, "payment:mastercard": null, "payment:maestro": null, "payment:credit_cards": null, "website": null, "fuel:octane_80": null, "internet_access": "wlan", "contact:email": null, "compressed_air": null, "brand:wikipedia": null, "name:ru": "Лукойл", "kiosk": null, "brand:wikidata": "Q329347", "brand:ru": "Лукойл", "brand:en": "Lukoil", "payment:cards": null, "fuel:octane_98": null, "fuel:lpg": null, "fuel:discount": null, "atm": null, "addr:street": null, "fuel:octane_100": "yes", "description": null, "toilets": "yes", "shop": "yes", "ref": "71920", "operator": "ООО \"ЛУКОЙЛ-Центрнефтепродукт\"", "opening_hours": "24/7", "name:en": "Lukoil", "name": "Лукойл", "fuel:octane_95": "yes", "fuel:octane_92": "yes", "fuel:diesel": "yes", "contact:website": "https://lukoil.ru/", "contact:phone": "+7 800 1000911", "brand": "Лукойл" }, "geometry": { "type": "Point", "coordinates": [ 38.2153443, 53.0156914 ] } },
{ "type": "Feature", "properties": { "full_id": "n470377222", "osm_id": "470377222", "osm_type": "node", "amenity": "fuel", "email": null, "cafe": null, "self_service": null, "addr:postcode": null, "wifi": null, "internet_access:fee": null, "contact:vk": null, "barrier": null, "fuel:biogas": null, "fuel:octane_91": null, "fuel:e85": null, "fuel:e10": null, "fuel:biodiesel": null, "fuel:GTL_diesel": null, "fuel:1_50": null, "fuel:1_25": null, "addr:place": null, "name:hy": null, "fuel:cng": null, "phone": null, "payment:cash": null, "fuel:octane": null, "owner": null, "fuel:HGV_diesel": null, "wheelchair": null, "addr:housenumber": null, "addr:city": null, "payment:debit_cards": null, "payment:visa_electron": null, "payment:visa_debit": null, "payment:visa": null, "payment:mastercard": null, "payment:maestro": null, "payment:credit_cards": null, "website": null, "fuel:octane_80": null, "internet_access": null, "contact:email": null, "compressed_air": null, "brand:wikipedia": "ru:Роснефть", "name:ru": "Роснефть", "kiosk": null, "brand:wikidata": "Q1141123", "brand:ru": "Роснефть", "brand:en": "Rosneft", "payment:cards": null, "fuel:octane_98": null, "fuel:lpg": null, "fuel:discount": null, "atm": null, "addr:street": null, "fuel:octane_100": null, "description": null, "toilets": null, "shop": null, "ref": null, "operator": "ТНК", "opening_hours": null, "name:en": "Rosneft", "name": "Роснефть", "fuel:octane_95": null, "fuel:octane_92": null, "fuel:diesel": null, "contact:website": null, "contact:phone": null, "brand": "Роснефть" }, "geometry": { "type": "Point", "coordinates": [ 38.0733276, 53.1502358 ] } },
{ "type": "Feature", "properties": { "full_id": "n1305830191", "osm_id": "1305830191", "osm_type": "node", "amenity": "fuel", "email": null, "cafe": null, "self_service": null, "addr:postcode": null, "wifi": null, "internet_access:fee": null, "contact:vk": null, "barrier": null, "fuel:biogas": null, "fuel:octane_91": null, "fuel:e85": null, "fuel:e10": null, "fuel:biodiesel": null, "fuel:GTL_diesel": null, "fuel:1_50": null, "fuel:1_25": null, "addr:place": null, "name:hy": null, "fuel:cng": null, "phone": null, "payment:cash": null, "fuel:octane": null, "owner": null, "fuel:HGV_diesel": null, "wheelchair": null, "addr:housenumber": null, "addr:city": null, "payment:debit_cards": null, "payment:visa_electron": null, "payment:visa_debit": null, "payment:visa": null, "payment:mastercard": null, "payment:maestro": null, "payment:credit_cards": null, "website": null, "fuel:octane_80": null, "internet_access": null, "contact:email": null, "compressed_air": null, "brand:wikipedia": null, "name:ru": null, "kiosk": null, "brand:wikidata": null, "brand:ru": null, "brand:en": null, "payment:cards": null, "fuel:octane_98": null, "fuel:lpg": null, "fuel:discount": null, "atm": null, "addr:street": null, "fuel:octane_100": null, "description": null, "toilets": null, "shop": null, "ref": null, "operator": null, "opening_hours": null, "name:en": null, "name": null, "fuel:octane_95": null, "fuel:octane_92": null, "fuel:diesel": null, "contact:website": null, "contact:phone": null, "brand": null }, "geometry": { "type": "Point", "coordinates": [ 38.0975579, 53.1545265 ] } },
{ "type": "Feature", "properties": { "full_id": "n1305830809", "osm_id": "1305830809", "osm_type": "node", "amenity": "fuel", "email": null, "cafe": null, "self_service": null, "addr:postcode": null, "wifi": null, "internet_access:fee": null, "contact:vk": null, "barrier": null, "fuel:biogas": null, "fuel:octane_91": null, "fuel:e85": null, "fuel:e10": null, "fuel:biodiesel": null, "fuel:GTL_diesel": null, "fuel:1_50": null, "fuel:1_25": null, "addr:place": null, "name:hy": null, "fuel:cng": null, "phone": null, "payment:cash": null, "fuel:octane": null, "owner": null, "fuel:HGV_diesel": null, "wheelchair": null, "addr:housenumber": null, "addr:city": null, "payment:debit_cards": null, "payment:visa_electron": null, "payment:visa_debit": null, "payment:visa": null, "payment:mastercard": null, "payment:maestro": null, "payment:credit_cards": null, "website": null, "fuel:octane_80": null, "internet_access": null, "contact:email": null, "compressed_air": null, "brand:wikipedia": null, "name:ru": null, "kiosk": null, "brand:wikidata": null, "brand:ru": null, "brand:en": null, "payment:cards": null, "fuel:octane_98": null, "fuel:lpg": "yes", "fuel:discount": null, "atm": null, "addr:street": null, "fuel:octane_100": null, "description": null, "toilets": null, "shop": null, "ref": null, "operator": null, "opening_hours": null, "name:en": null, "name": null, "fuel:octane_95": null, "fuel:octane_92": null, "fuel:diesel": null, "contact:website": null, "contact:phone": null, "brand": null }, "geometry": { "type": "Point", "coordinates": [ 38.1110035, 53.1561861 ] } },
{ "type": "Feature", "properties": { "full_id": "n1381384409", "osm_id": "1381384409", "osm_type": "node", "amenity": "fuel", "email": null, "cafe": null, "self_service": null, "addr:postcode": null, "wifi": null, "internet_access:fee": null, "contact:vk": null, "barrier": null, "fuel:biogas": null, "fuel:octane_91": null, "fuel:e85": null, "fuel:e10": null, "fuel:biodiesel": null, "fuel:GTL_diesel": null, "fuel:1_50": null, "fuel:1_25": null, "addr:place": null, "name:hy": null, "fuel:cng": null, "phone": null, "payment:cash": null, "fuel:octane": null, "owner": null, "fuel:HGV_diesel": null, "wheelchair": null, "addr:housenumber": null, "addr:city": null, "payment:debit_cards": null, "payment:visa_electron": null, "payment:visa_debit": null, "payment:visa": null, "payment:mastercard": null, "payment:maestro": null, "payment:credit_cards": null, "website": null, "fuel:octane_80": null, "internet_access": null, "contact:email": null, "compressed_air": null, "brand:wikipedia": null, "name:ru": null, "kiosk": null, "brand:wikidata": null, "brand:ru": null, "brand:en": null, "payment:cards": null, "fuel:octane_98": null, "fuel:lpg": "yes", "fuel:discount": null, "atm": null, "addr:street": null, "fuel:octane_100": null, "description": null, "toilets": null, "shop": null, "ref": null, "operator": null, "opening_hours": null, "name:en": null, "name": null, "fuel:octane_95": "yes", "fuel:octane_92": "yes", "fuel:diesel": "yes", "contact:website": null, "contact:phone": null, "brand": null }, "geometry": { "type": "Point", "coordinates": [ 38.0193811, 53.1591263 ] } },
{ "type": "Feature", "properties": { "full_id": "n2070911632", "osm_id": "2070911632", "osm_type": "node", "amenity": "fuel", "email": null, "cafe": null, "self_service": null, "addr:postcode": null, "wifi": null, "internet_access:fee": null, "contact:vk": null, "barrier": null, "fuel:biogas": null, "fuel:octane_91": null, "fuel:e85": null, "fuel:e10": null, "fuel:biodiesel": null, "fuel:GTL_diesel": null, "fuel:1_50": null, "fuel:1_25": null, "addr:place": null, "name:hy": null, "fuel:cng": null, "phone": null, "payment:cash": null, "fuel:octane": null, "owner": null, "fuel:HGV_diesel": null, "wheelchair": null, "addr:housenumber": null, "addr:city": null, "payment:debit_cards": null, "payment:visa_electron": null, "payment:visa_debit": null, "payment:visa": null, "payment:mastercard": null, "payment:maestro": null, "payment:credit_cards": null, "website": null, "fuel:octane_80": null, "internet_access": null, "contact:email": null, "compressed_air": null, "brand:wikipedia": "en:Gazprom Neft", "name:ru": null, "kiosk": null, "brand:wikidata": "Q1461799", "brand:ru": null, "brand:en": null, "payment:cards": null, "fuel:octane_98": null, "fuel:lpg": null, "fuel:discount": null, "atm": null, "addr:street": null, "fuel:octane_100": null, "description": null, "toilets": null, "shop": null, "ref": null, "operator": null, "opening_hours": null, "name:en": null, "name": "Газпромнефть", "fuel:octane_95": null, "fuel:octane_92": null, "fuel:diesel": null, "contact:website": null, "contact:phone": null, "brand": "Газпромнефть" }, "geometry": { "type": "Point", "coordinates": [ 38.0696295, 53.1509812 ] } },
{ "type": "Feature", "properties": { "full_id": "n2289695089", "osm_id": "2289695089", "osm_type": "node", "amenity": "fuel", "email": null, "cafe": null, "self_service": null, "addr:postcode": null, "wifi": "no", "internet_access:fee": null, "contact:vk": null, "barrier": null, "fuel:biogas": null, "fuel:octane_91": null, "fuel:e85": null, "fuel:e10": null, "fuel:biodiesel": null, "fuel:GTL_diesel": null, "fuel:1_50": null, "fuel:1_25": null, "addr:place": null, "name:hy": null, "fuel:cng": null, "phone": null, "payment:cash": null, "fuel:octane": null, "owner": null, "fuel:HGV_diesel": null, "wheelchair": null, "addr:housenumber": null, "addr:city": null, "payment:debit_cards": null, "payment:visa_electron": null, "payment:visa_debit": null, "payment:visa": null, "payment:mastercard": null, "payment:maestro": null, "payment:credit_cards": null, "website": null, "fuel:octane_80": null, "internet_access": null, "contact:email": null, "compressed_air": null, "brand:wikipedia": null, "name:ru": null, "kiosk": null, "brand:wikidata": null, "brand:ru": null, "brand:en": null, "payment:cards": null, "fuel:octane_98": "yes", "fuel:lpg": "yes", "fuel:discount": null, "atm": null, "addr:street": null, "fuel:octane_100": null, "description": null, "toilets": "yes", "shop": "convenience", "ref": "110", "operator": "Газпром", "opening_hours": "24/7", "name:en": null, "name": "АГЗС-АЗС Газпром", "fuel:octane_95": "yes", "fuel:octane_92": "yes", "fuel:diesel": "yes", "contact:website": null, "contact:phone": null, "brand": "Газпром" }, "geometry": { "type": "Point", "coordinates": [ 38.1977434, 53.0511943 ] } },
{ "type": "Feature", "properties": { "full_id": "n7655167106", "osm_id": "7655167106", "osm_type": "node", "amenity": "fuel", "email": null, "cafe": null, "self_service": null, "addr:postcode": null, "wifi": null, "internet_access:fee": null, "contact:vk": null, "barrier": null, "fuel:biogas": null, "fuel:octane_91": null, "fuel:e85": null, "fuel:e10": null, "fuel:biodiesel": null, "fuel:GTL_diesel": null, "fuel:1_50": null, "fuel:1_25": null, "addr:place": null, "name:hy": null, "fuel:cng": null, "phone": null, "payment:cash": null, "fuel:octane": null, "owner": null, "fuel:HGV_diesel": null, "wheelchair": null, "addr:housenumber": null, "addr:city": null, "payment:debit_cards": null, "payment:visa_electron": null, "payment:visa_debit": null, "payment:visa": null, "payment:mastercard": null, "payment:maestro": null, "payment:credit_cards": null, "website": null, "fuel:octane_80": null, "internet_access": null, "contact:email": null, "compressed_air": null, "brand:wikipedia": null, "name:ru": null, "kiosk": null, "brand:wikidata": null, "brand:ru": null, "brand:en": null, "payment:cards": null, "fuel:octane_98": null, "fuel:lpg": null, "fuel:discount": null, "atm": null, "addr:street": null, "fuel:octane_100": null, "description": null, "toilets": null, "shop": "yes", "ref": null, "operator": null, "opening_hours": null, "name:en": null, "name": null, "fuel:octane_95": null, "fuel:octane_92": null, "fuel:diesel": null, "contact:website": null, "contact:phone": null, "brand": null }, "geometry": { "type": "Point", "coordinates": [ 38.5140619, 53.1891676 ] } },
{ "type": "Feature", "properties": { "full_id": "n619162168", "osm_id": "619162168", "osm_type": "node", "amenity": "fuel", "email": null, "cafe": null, "self_service": null, "addr:postcode": null, "wifi": null, "internet_access:fee": null, "contact:vk": null, "barrier": null, "fuel:biogas": null, "fuel:octane_91": null, "fuel:e85": null, "fuel:e10": null, "fuel:biodiesel": null, "fuel:GTL_diesel": null, "fuel:1_50": null, "fuel:1_25": null, "addr:place": null, "name:hy": null, "fuel:cng": null, "phone": null, "payment:cash": null, "fuel:octane": null, "owner": null, "fuel:HGV_diesel": null, "wheelchair": null, "addr:housenumber": null, "addr:city": null, "payment:debit_cards": null, "payment:visa_electron": null, "payment:visa_debit": null, "payment:visa": null, "payment:mastercard": null, "payment:maestro": null, "payment:credit_cards": null, "website": null, "fuel:octane_80": null, "internet_access": null, "contact:email": null, "compressed_air": null, "brand:wikipedia": "ru:Роснефть", "name:ru": "Роснефть", "kiosk": null, "brand:wikidata": "Q1141123", "brand:ru": "Роснефть", "brand:en": "Rosneft", "payment:cards": null, "fuel:octane_98": null, "fuel:lpg": null, "fuel:discount": null, "atm": null, "addr:street": null, "fuel:octane_100": null, "description": null, "toilets": null, "shop": null, "ref": null, "operator": null, "opening_hours": null, "name:en": "Rosneft", "name": "Роснефть", "fuel:octane_95": "yes", "fuel:octane_92": "yes", "fuel:diesel": "yes", "contact:website": null, "contact:phone": null, "brand": "Роснефть" }, "geometry": { "type": "Point", "coordinates": [ 38.5463261, 53.9855627 ] } },
{ "type": "Feature", "properties": { "full_id": "n1216139401", "osm_id": "1216139401", "osm_type": "node", "amenity": "fuel", "email": null, "cafe": null, "self_service": null, "addr:postcode": null, "wifi": null, "internet_access:fee": null, "contact:vk": null, "barrier": null, "fuel:biogas": null, "fuel:octane_91": null, "fuel:e85": null, "fuel:e10": null, "fuel:biodiesel": null, "fuel:GTL_diesel": null, "fuel:1_50": null, "fuel:1_25": null, "addr:place": null, "name:hy": "Մետան Գազ", "fuel:cng": "yes", "phone": null, "payment:cash": null, "fuel:octane": null, "owner": null, "fuel:HGV_diesel": null, "wheelchair": null, "addr:housenumber": null, "addr:city": null, "payment:debit_cards": null, "payment:visa_electron": null, "payment:visa_debit": null, "payment:visa": null, "payment:mastercard": null, "payment:maestro": null, "payment:credit_cards": null, "website": null, "fuel:octane_80": null, "internet_access": null, "contact:email": null, "compressed_air": null, "brand:wikipedia": null, "name:ru": "АГНКС Метан", "kiosk": null, "brand:wikidata": null, "brand:ru": null, "brand:en": null, "payment:cards": null, "fuel:octane_98": null, "fuel:lpg": null, "fuel:discount": null, "atm": null, "addr:street": null, "fuel:octane_100": null, "description": null, "toilets": null, "shop": null, "ref": null, "operator": null, "opening_hours": null, "name:en": "Methan cng", "name": "АГНКС Метан", "fuel:octane_95": null, "fuel:octane_92": null, "fuel:diesel": null, "contact:website": null, "contact:phone": null, "brand": null }, "geometry": { "type": "Point", "coordinates": [ 38.2149272, 53.9926387 ] } },
{ "type": "Feature", "properties": { "full_id": "n1504358244", "osm_id": "1504358244", "osm_type": "node", "amenity": "fuel", "email": null, "cafe": null, "self_service": null, "addr:postcode": null, "wifi": null, "internet_access:fee": null, "contact:vk": null, "barrier": null, "fuel:biogas": null, "fuel:octane_91": null, "fuel:e85": null, "fuel:e10": null, "fuel:biodiesel": null, "fuel:GTL_diesel": null, "fuel:1_50": null, "fuel:1_25": null, "addr:place": null, "name:hy": null, "fuel:cng": null, "phone": null, "payment:cash": null, "fuel:octane": null, "owner": null, "fuel:HGV_diesel": null, "wheelchair": null, "addr:housenumber": null, "addr:city": null, "payment:debit_cards": null, "payment:visa_electron": null, "payment:visa_debit": null, "payment:visa": null, "payment:mastercard": null, "payment:maestro": null, "payment:credit_cards": null, "website": null, "fuel:octane_80": null, "internet_access": null, "contact:email": null, "compressed_air": null, "brand:wikipedia": "en:TNK-BP", "name:ru": null, "kiosk": null, "brand:wikidata": "Q2298901", "brand:ru": null, "brand:en": null, "payment:cards": null, "fuel:octane_98": null, "fuel:lpg": null, "fuel:discount": null, "atm": null, "addr:street": null, "fuel:octane_100": null, "description": null, "toilets": null, "shop": null, "ref": null, "operator": null, "opening_hours": null, "name:en": null, "name": "ТНК", "fuel:octane_95": null, "fuel:octane_92": null, "fuel:diesel": null, "contact:website": null, "contact:phone": null, "brand": "ТНК" }, "geometry": { "type": "Point", "coordinates": [ 38.1632576, 54.0036138 ] } },
{ "type": "Feature", "properties": { "full_id": "n1797964494", "osm_id": "1797964494", "osm_type": "node", "amenity": "fuel", "email": null, "cafe": null, "self_service": null, "addr:postcode": null, "wifi": null, "internet_access:fee": null, "contact:vk": null, "barrier": null, "fuel:biogas": null, "fuel:octane_91": null, "fuel:e85": null, "fuel:e10": null, "fuel:biodiesel": null, "fuel:GTL_diesel": null, "fuel:1_50": null, "fuel:1_25": null, "addr:place": null, "name:hy": null, "fuel:cng": null, "phone": null, "payment:cash": null, "fuel:octane": null, "owner": null, "fuel:HGV_diesel": null, "wheelchair": null, "addr:housenumber": null, "addr:city": null, "payment:debit_cards": null, "payment:visa_electron": null, "payment:visa_debit": null, "payment:visa": null, "payment:mastercard": null, "payment:maestro": null, "payment:credit_cards": null, "website": null, "fuel:octane_80": null, "internet_access": null, "contact:email": null, "compressed_air": null, "brand:wikipedia": null, "name:ru": null, "kiosk": null, "brand:wikidata": null, "brand:ru": null, "brand:en": null, "payment:cards": null, "fuel:octane_98": null, "fuel:lpg": null, "fuel:discount": null, "atm": null, "addr:street": null, "fuel:octane_100": null, "description": null, "toilets": null, "shop": null, "ref": null, "operator": null, "opening_hours": null, "name:en": null, "name": null, "fuel:octane_95": null, "fuel:octane_92": null, "fuel:diesel": null, "contact:website": null, "contact:phone": null, "brand": null }, "geometry": { "type": "Point", "coordinates": [ 38.6646761, 54.1560303 ] } },
{ "type": "Feature", "properties": { "full_id": "n1798410840", "osm_id": "1798410840", "osm_type": "node", "amenity": "fuel", "email": null, "cafe": null, "self_service": null, "addr:postcode": null, "wifi": null, "internet_access:fee": null, "contact:vk": null, "barrier": null, "fuel:biogas": null, "fuel:octane_91": null, "fuel:e85": null, "fuel:e10": null, "fuel:biodiesel": null, "fuel:GTL_diesel": null, "fuel:1_50": null, "fuel:1_25": null, "addr:place": null, "name:hy": null, "fuel:cng": null, "phone": null, "payment:cash": null, "fuel:octane": null, "owner": null, "fuel:HGV_diesel": null, "wheelchair": null, "addr:housenumber": null, "addr:city": null, "payment:debit_cards": null, "payment:visa_electron": null, "payment:visa_debit": null, "payment:visa": null, "payment:mastercard": null, "payment:maestro": null, "payment:credit_cards": null, "website": null, "fuel:octane_80": null, "internet_access": null, "contact:email": null, "compressed_air": null, "brand:wikipedia": null, "name:ru": null, "kiosk": null, "brand:wikidata": null, "brand:ru": null, "brand:en": null, "payment:cards": "no", "fuel:octane_98": "no", "fuel:lpg": "yes", "fuel:discount": null, "atm": null, "addr:street": null, "fuel:octane_100": null, "description": null, "toilets": null, "shop": null, "ref": null, "operator": null, "opening_hours": "24/7", "name:en": null, "name": "Кимовскгазстрой", "fuel:octane_95": "no", "fuel:octane_92": "no", "fuel:diesel": "no", "contact:website": null, "contact:phone": null, "brand": "Кимовскгазстрой" }, "geometry": { "type": "Point", "coordinates": [ 38.1407532, 53.9927076 ] } },
{ "type": "Feature", "properties": { "full_id": "n1798524247", "osm_id": "1798524247", "osm_type": "node", "amenity": "fuel", "email": null, "cafe": null, "self_service": null, "addr:postcode": null, "wifi": null, "internet_access:fee": null, "contact:vk": null, "barrier": null, "fuel:biogas": null, "fuel:octane_91": null, "fuel:e85": null, "fuel:e10": null, "fuel:biodiesel": null, "fuel:GTL_diesel": null, "fuel:1_50": null, "fuel:1_25": null, "addr:place": null, "name:hy": null, "fuel:cng": "yes", "phone": null, "payment:cash": null, "fuel:octane": null, "owner": null, "fuel:HGV_diesel": null, "wheelchair": null, "addr:housenumber": null, "addr:city": null, "payment:debit_cards": null, "payment:visa_electron": null, "payment:visa_debit": null, "payment:visa": null, "payment:mastercard": null, "payment:maestro": null, "payment:credit_cards": null, "website": null, "fuel:octane_80": null, "internet_access": null, "contact:email": null, "compressed_air": null, "brand:wikipedia": null, "name:ru": null, "kiosk": null, "brand:wikidata": null, "brand:ru": null, "brand:en": null, "payment:cards": null, "fuel:octane_98": null, "fuel:lpg": null, "fuel:discount": null, "atm": null, "addr:street": null, "fuel:octane_100": null, "description": null, "toilets": null, "shop": null, "ref": null, "operator": null, "opening_hours": null, "name:en": null, "name": "АГНКС Метан", "fuel:octane_95": null, "fuel:octane_92": null, "fuel:diesel": null, "contact:website": null, "contact:phone": null, "brand": null }, "geometry": { "type": "Point", "coordinates": [ 38.2400021, 54.0040203 ] } },
{ "type": "Feature", "properties": { "full_id": "n1886368323", "osm_id": "1886368323", "osm_type": "node", "amenity": "fuel", "email": null, "cafe": null, "self_service": null, "addr:postcode": null, "wifi": null, "internet_access:fee": null, "contact:vk": null, "barrier": null, "fuel:biogas": null, "fuel:octane_91": null, "fuel:e85": null, "fuel:e10": null, "fuel:biodiesel": null, "fuel:GTL_diesel": null, "fuel:1_50": null, "fuel:1_25": null, "addr:place": null, "name:hy": null, "fuel:cng": null, "phone": null, "payment:cash": null, "fuel:octane": null, "owner": null, "fuel:HGV_diesel": null, "wheelchair": null, "addr:housenumber": null, "addr:city": null, "payment:debit_cards": null, "payment:visa_electron": null, "payment:visa_debit": null, "payment:visa": null, "payment:mastercard": null, "payment:maestro": null, "payment:credit_cards": null, "website": null, "fuel:octane_80": "yes", "internet_access": null, "contact:email": null, "compressed_air": null, "brand:wikipedia": null, "name:ru": null, "kiosk": null, "brand:wikidata": null, "brand:ru": null, "brand:en": null, "payment:cards": null, "fuel:octane_98": null, "fuel:lpg": null, "fuel:discount": null, "atm": null, "addr:street": null, "fuel:octane_100": null, "description": null, "toilets": null, "shop": null, "ref": null, "operator": null, "opening_hours": null, "name:en": null, "name": "АЗК", "fuel:octane_95": "yes", "fuel:octane_92": "yes", "fuel:diesel": "yes", "contact:website": null, "contact:phone": null, "brand": null }, "geometry": { "type": "Point", "coordinates": [ 38.4708413, 54.076237 ] } },
{ "type": "Feature", "properties": { "full_id": "n1886368328", "osm_id": "1886368328", "osm_type": "node", "amenity": "fuel", "email": null, "cafe": null, "self_service": null, "addr:postcode": null, "wifi": null, "internet_access:fee": null, "contact:vk": null, "barrier": null, "fuel:biogas": null, "fuel:octane_91": null, "fuel:e85": null, "fuel:e10": null, "fuel:biodiesel": null, "fuel:GTL_diesel": null, "fuel:1_50": null, "fuel:1_25": null, "addr:place": null, "name:hy": null, "fuel:cng": null, "phone": null, "payment:cash": null, "fuel:octane": null, "owner": null, "fuel:HGV_diesel": null, "wheelchair": null, "addr:housenumber": null, "addr:city": null, "payment:debit_cards": null, "payment:visa_electron": null, "payment:visa_debit": null, "payment:visa": null, "payment:mastercard": null, "payment:maestro": null, "payment:credit_cards": null, "website": null, "fuel:octane_80": null, "internet_access": null, "contact:email": null, "compressed_air": null, "brand:wikipedia": null, "name:ru": null, "kiosk": null, "brand:wikidata": null, "brand:ru": null, "brand:en": null, "payment:cards": null, "fuel:octane_98": null, "fuel:lpg": null, "fuel:discount": null, "atm": null, "addr:street": null, "fuel:octane_100": null, "description": null, "toilets": null, "shop": null, "ref": null, "operator": null, "opening_hours": null, "name:en": null, "name": null, "fuel:octane_95": null, "fuel:octane_92": null, "fuel:diesel": null, "contact:website": null, "contact:phone": null, "brand": null }, "geometry": { "type": "Point", "coordinates": [ 38.3618578, 54.060258 ] } },
{ "type": "Feature", "properties": { "full_id": "n2335027352", "osm_id": "2335027352", "osm_type": "node", "amenity": "fuel", "email": null, "cafe": null, "self_service": null, "addr:postcode": null, "wifi": null, "internet_access:fee": null, "contact:vk": null, "barrier": null, "fuel:biogas": null, "fuel:octane_91": null, "fuel:e85": null, "fuel:e10": null, "fuel:biodiesel": null, "fuel:GTL_diesel": null, "fuel:1_50": null, "fuel:1_25": null, "addr:place": null, "name:hy": null, "fuel:cng": null, "phone": null, "payment:cash": null, "fuel:octane": null, "owner": null, "fuel:HGV_diesel": null, "wheelchair": null, "addr:housenumber": null, "addr:city": null, "payment:debit_cards": null, "payment:visa_electron": null, "payment:visa_debit": null, "payment:visa": null, "payment:mastercard": null, "payment:maestro": null, "payment:credit_cards": null, "website": null, "fuel:octane_80": null, "internet_access": null, "contact:email": null, "compressed_air": null, "brand:wikipedia": null, "name:ru": null, "kiosk": null, "brand:wikidata": null, "brand:ru": null, "brand:en": null, "payment:cards": null, "fuel:octane_98": null, "fuel:lpg": null, "fuel:discount": null, "atm": null, "addr:street": null, "fuel:octane_100": null, "description": null, "toilets": null, "shop": null, "ref": null, "operator": null, "opening_hours": null, "name:en": null, "name": null, "fuel:octane_95": null, "fuel:octane_92": null, "fuel:diesel": null, "contact:website": null, "contact:phone": null, "brand": null }, "geometry": { "type": "Point", "coordinates": [ 38.2555339, 54.0802371 ] } },
{ "type": "Feature", "properties": { "full_id": "n2584236642", "osm_id": "2584236642", "osm_type": "node", "amenity": "fuel", "email": null, "cafe": null, "self_service": null, "addr:postcode": null, "wifi": null, "internet_access:fee": null, "contact:vk": null, "barrier": null, "fuel:biogas": null, "fuel:octane_91": null, "fuel:e85": null, "fuel:e10": null, "fuel:biodiesel": null, "fuel:GTL_diesel": null, "fuel:1_50": null, "fuel:1_25": null, "addr:place": null, "name:hy": null, "fuel:cng": null, "phone": null, "payment:cash": null, "fuel:octane": null, "owner": null, "fuel:HGV_diesel": null, "wheelchair": null, "addr:housenumber": null, "addr:city": null, "payment:debit_cards": null, "payment:visa_electron": null, "payment:visa_debit": null, "payment:visa": null, "payment:mastercard": null, "payment:maestro": null, "payment:credit_cards": null, "website": null, "fuel:octane_80": null, "internet_access": null, "contact:email": null, "compressed_air": null, "brand:wikipedia": null, "name:ru": null, "kiosk": null, "brand:wikidata": null, "brand:ru": null, "brand:en": null, "payment:cards": null, "fuel:octane_98": null, "fuel:lpg": null, "fuel:discount": null, "atm": null, "addr:street": null, "fuel:octane_100": null, "description": null, "toilets": null, "shop": null, "ref": null, "operator": null, "opening_hours": null, "name:en": null, "name": "Нзоил", "fuel:octane_95": null, "fuel:octane_92": null, "fuel:diesel": null, "contact:website": null, "contact:phone": null, "brand": "Нзоил" }, "geometry": { "type": "Point", "coordinates": [ 38.2557143, 54.0571239 ] } },
{ "type": "Feature", "properties": { "full_id": "n2584236670", "osm_id": "2584236670", "osm_type": "node", "amenity": "fuel", "email": null, "cafe": null, "self_service": null, "addr:postcode": null, "wifi": null, "internet_access:fee": null, "contact:vk": null, "barrier": null, "fuel:biogas": null, "fuel:octane_91": null, "fuel:e85": null, "fuel:e10": null, "fuel:biodiesel": null, "fuel:GTL_diesel": null, "fuel:1_50": null, "fuel:1_25": null, "addr:place": null, "name:hy": null, "fuel:cng": null, "phone": null, "payment:cash": null, "fuel:octane": null, "owner": null, "fuel:HGV_diesel": null, "wheelchair": null, "addr:housenumber": null, "addr:city": null, "payment:debit_cards": null, "payment:visa_electron": null, "payment:visa_debit": null, "payment:visa": null, "payment:mastercard": null, "payment:maestro": null, "payment:credit_cards": null, "website": null, "fuel:octane_80": null, "internet_access": null, "contact:email": null, "compressed_air": null, "brand:wikipedia": null, "name:ru": null, "kiosk": null, "brand:wikidata": null, "brand:ru": null, "brand:en": null, "payment:cards": null, "fuel:octane_98": null, "fuel:lpg": null, "fuel:discount": null, "atm": null, "addr:street": null, "fuel:octane_100": null, "description": null, "toilets": null, "shop": null, "ref": null, "operator": null, "opening_hours": null, "name:en": null, "name": null, "fuel:octane_95": null, "fuel:octane_92": null, "fuel:diesel": null, "contact:website": null, "contact:phone": null, "brand": null }, "geometry": { "type": "Point", "coordinates": [ 38.2567381, 54.0589713 ] } },
{ "type": "Feature", "properties": { "full_id": "n3586030806", "osm_id": "3586030806", "osm_type": "node", "amenity": "fuel", "email": null, "cafe": null, "self_service": null, "addr:postcode": null, "wifi": null, "internet_access:fee": null, "contact:vk": null, "barrier": null, "fuel:biogas": null, "fuel:octane_91": null, "fuel:e85": null, "fuel:e10": null, "fuel:biodiesel": null, "fuel:GTL_diesel": null, "fuel:1_50": null, "fuel:1_25": null, "addr:place": null, "name:hy": null, "fuel:cng": null, "phone": null, "payment:cash": null, "fuel:octane": null, "owner": null, "fuel:HGV_diesel": null, "wheelchair": null, "addr:housenumber": null, "addr:city": null, "payment:debit_cards": null, "payment:visa_electron": null, "payment:visa_debit": null, "payment:visa": null, "payment:mastercard": null, "payment:maestro": null, "payment:credit_cards": null, "website": null, "fuel:octane_80": null, "internet_access": null, "contact:email": null, "compressed_air": null, "brand:wikipedia": null, "name:ru": null, "kiosk": null, "brand:wikidata": null, "brand:ru": null, "brand:en": null, "payment:cards": "yes", "fuel:octane_98": "no", "fuel:lpg": "no", "fuel:discount": null, "atm": null, "addr:street": null, "fuel:octane_100": null, "description": null, "toilets": null, "shop": null, "ref": null, "operator": null, "opening_hours": "24/7", "name:en": null, "name": null, "fuel:octane_95": "yes", "fuel:octane_92": "yes", "fuel:diesel": "yes", "contact:website": null, "contact:phone": null, "brand": null }, "geometry": { "type": "Point", "coordinates": [ 38.1427852, 53.9951208 ] } },
{ "type": "Feature", "properties": { "full_id": "n9498000684", "osm_id": "9498000684", "osm_type": "node", "amenity": "fuel", "email": null, "cafe": null, "self_service": null, "addr:postcode": null, "wifi": null, "internet_access:fee": null, "contact:vk": null, "barrier": null, "fuel:biogas": null, "fuel:octane_91": null, "fuel:e85": null, "fuel:e10": null, "fuel:biodiesel": null, "fuel:GTL_diesel": null, "fuel:1_50": null, "fuel:1_25": null, "addr:place": null, "name:hy": null, "fuel:cng": null, "phone": null, "payment:cash": null, "fuel:octane": null, "owner": null, "fuel:HGV_diesel": null, "wheelchair": null, "addr:housenumber": null, "addr:city": null, "payment:debit_cards": null, "payment:visa_electron": null, "payment:visa_debit": null, "payment:visa": null, "payment:mastercard": null, "payment:maestro": null, "payment:credit_cards": null, "website": null, "fuel:octane_80": null, "internet_access": null, "contact:email": null, "compressed_air": null, "brand:wikipedia": null, "name:ru": null, "kiosk": null, "brand:wikidata": null, "brand:ru": null, "brand:en": null, "payment:cards": null, "fuel:octane_98": null, "fuel:lpg": null, "fuel:discount": null, "atm": null, "addr:street": null, "fuel:octane_100": null, "description": null, "toilets": null, "shop": null, "ref": null, "operator": null, "opening_hours": null, "name:en": null, "name": null, "fuel:octane_95": null, "fuel:octane_92": null, "fuel:diesel": "yes", "contact:website": null, "contact:phone": null, "brand": null }, "geometry": { "type": "Point", "coordinates": [ 38.1512083, 54.0718134 ] } },
{ "type": "Feature", "properties": { "full_id": "n9498000694", "osm_id": "9498000694", "osm_type": "node", "amenity": "fuel", "email": null, "cafe": null, "self_service": null, "addr:postcode": null, "wifi": null, "internet_access:fee": null, "contact:vk": null, "barrier": null, "fuel:biogas": null, "fuel:octane_91": null, "fuel:e85": null, "fuel:e10": null, "fuel:biodiesel": null, "fuel:GTL_diesel": null, "fuel:1_50": null, "fuel:1_25": null, "addr:place": null, "name:hy": null, "fuel:cng": null, "phone": null, "payment:cash": null, "fuel:octane": null, "owner": null, "fuel:HGV_diesel": null, "wheelchair": null, "addr:housenumber": null, "addr:city": null, "payment:debit_cards": null, "payment:visa_electron": null, "payment:visa_debit": null, "payment:visa": null, "payment:mastercard": null, "payment:maestro": null, "payment:credit_cards": null, "website": null, "fuel:octane_80": null, "internet_access": null, "contact:email": null, "compressed_air": null, "brand:wikipedia": null, "name:ru": null, "kiosk": null, "brand:wikidata": null, "brand:ru": null, "brand:en": null, "payment:cards": null, "fuel:octane_98": null, "fuel:lpg": null, "fuel:discount": null, "atm": null, "addr:street": null, "fuel:octane_100": null, "description": null, "toilets": null, "shop": null, "ref": null, "operator": null, "opening_hours": null, "name:en": null, "name": null, "fuel:octane_95": null, "fuel:octane_92": null, "fuel:diesel": "yes", "contact:website": null, "contact:phone": null, "brand": null }, "geometry": { "type": "Point", "coordinates": [ 38.1581504, 54.0740865 ] } },
{ "type": "Feature", "properties": { "full_id": "n1059301072", "osm_id": "1059301072", "osm_type": "node", "amenity": "fuel", "email": null, "cafe": null, "self_service": null, "addr:postcode": null, "wifi": null, "internet_access:fee": null, "contact:vk": null, "barrier": null, "fuel:biogas": null, "fuel:octane_91": null, "fuel:e85": null, "fuel:e10": null, "fuel:biodiesel": null, "fuel:GTL_diesel": null, "fuel:1_50": null, "fuel:1_25": null, "addr:place": null, "name:hy": null, "fuel:cng": null, "phone": "+7 800 2006828", "payment:cash": null, "fuel:octane": null, "owner": null, "fuel:HGV_diesel": null, "wheelchair": null, "addr:housenumber": null, "addr:city": null, "payment:debit_cards": null, "payment:visa_electron": null, "payment:visa_debit": null, "payment:visa": null, "payment:mastercard": null, "payment:maestro": null, "payment:credit_cards": null, "website": "https://azsgazprom.ru/", "fuel:octane_80": null, "internet_access": null, "contact:email": null, "compressed_air": "no", "brand:wikipedia": "en:Gazprom Neft", "name:ru": null, "kiosk": null, "brand:wikidata": "Q1461799", "brand:ru": null, "brand:en": null, "payment:cards": null, "fuel:octane_98": null, "fuel:lpg": null, "fuel:discount": null, "atm": null, "addr:street": null, "fuel:octane_100": null, "description": null, "toilets": null, "shop": null, "ref": "377", "operator": "Газпром", "opening_hours": null, "name:en": null, "name": "Газпромнефть", "fuel:octane_95": "yes", "fuel:octane_92": "yes", "fuel:diesel": "yes", "contact:website": null, "contact:phone": null, "brand": "Газпромнефть" }, "geometry": { "type": "Point", "coordinates": [ 37.6607469, 54.1961408 ] } },
{ "type": "Feature", "properties": { "full_id": "n1059312041", "osm_id": "1059312041", "osm_type": "node", "amenity": "fuel", "email": null, "cafe": null, "self_service": null, "addr:postcode": null, "wifi": null, "internet_access:fee": null, "contact:vk": null, "barrier": null, "fuel:biogas": null, "fuel:octane_91": null, "fuel:e85": null, "fuel:e10": null, "fuel:biodiesel": null, "fuel:GTL_diesel": null, "fuel:1_50": null, "fuel:1_25": null, "addr:place": null, "name:hy": null, "fuel:cng": null, "phone": null, "payment:cash": null, "fuel:octane": null, "owner": null, "fuel:HGV_diesel": null, "wheelchair": null, "addr:housenumber": null, "addr:city": null, "payment:debit_cards": null, "payment:visa_electron": null, "payment:visa_debit": null, "payment:visa": null, "payment:mastercard": null, "payment:maestro": null, "payment:credit_cards": null, "website": null, "fuel:octane_80": null, "internet_access": null, "contact:email": null, "compressed_air": null, "brand:wikipedia": "en:Royal Dutch Shell", "name:ru": null, "kiosk": null, "brand:wikidata": "Q110716465", "brand:ru": null, "brand:en": null, "payment:cards": null, "fuel:octane_98": null, "fuel:lpg": null, "fuel:discount": null, "atm": null, "addr:street": null, "fuel:octane_100": null, "description": null, "toilets": null, "shop": null, "ref": null, "operator": null, "opening_hours": "24/7", "name:en": null, "name": "Shell", "fuel:octane_95": null, "fuel:octane_92": null, "fuel:diesel": null, "contact:website": null, "contact:phone": null, "brand": "Shell" }, "geometry": { "type": "Point", "coordinates": [ 37.6312881, 54.1953463 ] } },
{ "type": "Feature", "properties": { "full_id": "n1059312510", "osm_id": "1059312510", "osm_type": "node", "amenity": "fuel", "email": null, "cafe": null, "self_service": null, "addr:postcode": null, "wifi": null, "internet_access:fee": null, "contact:vk": null, "barrier": null, "fuel:biogas": null, "fuel:octane_91": null, "fuel:e85": null, "fuel:e10": null, "fuel:biodiesel": null, "fuel:GTL_diesel": null, "fuel:1_50": null, "fuel:1_25": null, "addr:place": null, "name:hy": null, "fuel:cng": null, "phone": null, "payment:cash": null, "fuel:octane": null, "owner": null, "fuel:HGV_diesel": null, "wheelchair": null, "addr:housenumber": null, "addr:city": null, "payment:debit_cards": null, "payment:visa_electron": null, "payment:visa_debit": null, "payment:visa": null, "payment:mastercard": null, "payment:maestro": null, "payment:credit_cards": null, "website": null, "fuel:octane_80": null, "internet_access": null, "contact:email": null, "compressed_air": null, "brand:wikipedia": null, "name:ru": null, "kiosk": null, "brand:wikidata": null, "brand:ru": null, "brand:en": null, "payment:cards": null, "fuel:octane_98": null, "fuel:lpg": null, "fuel:discount": null, "atm": null, "addr:street": null, "fuel:octane_100": null, "description": null, "toilets": null, "shop": null, "ref": null, "operator": null, "opening_hours": null, "name:en": null, "name": null, "fuel:octane_95": null, "fuel:octane_92": null, "fuel:diesel": null, "contact:website": null, "contact:phone": null, "brand": null }, "geometry": { "type": "Point", "coordinates": [ 37.6317191, 54.2004571 ] } },
{ "type": "Feature", "properties": { "full_id": "n1701530970", "osm_id": "1701530970", "osm_type": "node", "amenity": "fuel", "email": null, "cafe": null, "self_service": null, "addr:postcode": null, "wifi": null, "internet_access:fee": null, "contact:vk": null, "barrier": null, "fuel:biogas": null, "fuel:octane_91": null, "fuel:e85": null, "fuel:e10": null, "fuel:biodiesel": null, "fuel:GTL_diesel": null, "fuel:1_50": null, "fuel:1_25": null, "addr:place": null, "name:hy": null, "fuel:cng": null, "phone": null, "payment:cash": null, "fuel:octane": null, "owner": null, "fuel:HGV_diesel": null, "wheelchair": null, "addr:housenumber": "6/1 км", "addr:city": null, "payment:debit_cards": null, "payment:visa_electron": null, "payment:visa_debit": null, "payment:visa": null, "payment:mastercard": null, "payment:maestro": null, "payment:credit_cards": null, "website": null, "fuel:octane_80": null, "internet_access": null, "contact:email": null, "compressed_air": null, "brand:wikipedia": "en:Royal Dutch Shell", "name:ru": null, "kiosk": null, "brand:wikidata": "Q154950", "brand:ru": null, "brand:en": null, "payment:cards": null, "fuel:octane_98": null, "fuel:lpg": null, "fuel:discount": null, "atm": null, "addr:street": "Новомосковское шоссе", "fuel:octane_100": null, "description": null, "toilets": null, "shop": null, "ref": null, "operator": null, "opening_hours": null, "name:en": null, "name": "Shell", "fuel:octane_95": null, "fuel:octane_92": null, "fuel:diesel": null, "contact:website": null, "contact:phone": null, "brand": "Shell" }, "geometry": { "type": "Point", "coordinates": [ 37.6399907, 54.150766 ] } },
{ "type": "Feature", "properties": { "full_id": "n1701530994", "osm_id": "1701530994", "osm_type": "node", "amenity": "fuel", "email": null, "cafe": null, "self_service": null, "addr:postcode": null, "wifi": null, "internet_access:fee": null, "contact:vk": null, "barrier": null, "fuel:biogas": null, "fuel:octane_91": null, "fuel:e85": null, "fuel:e10": null, "fuel:biodiesel": null, "fuel:GTL_diesel": null, "fuel:1_50": null, "fuel:1_25": null, "addr:place": null, "name:hy": null, "fuel:cng": null, "phone": null, "payment:cash": null, "fuel:octane": null, "owner": null, "fuel:HGV_diesel": null, "wheelchair": null, "addr:housenumber": "64", "addr:city": null, "payment:debit_cards": null, "payment:visa_electron": null, "payment:visa_debit": null, "payment:visa": null, "payment:mastercard": null, "payment:maestro": null, "payment:credit_cards": null, "website": null, "fuel:octane_80": null, "internet_access": null, "contact:email": null, "compressed_air": null, "brand:wikipedia": null, "name:ru": null, "kiosk": null, "brand:wikidata": null, "brand:ru": null, "brand:en": null, "payment:cards": null, "fuel:octane_98": null, "fuel:lpg": null, "fuel:discount": null, "atm": null, "addr:street": "Новомосковское шоссе", "fuel:octane_100": null, "description": null, "toilets": null, "shop": null, "ref": null, "operator": null, "opening_hours": null, "name:en": null, "name": "ТНК", "fuel:octane_95": null, "fuel:octane_92": null, "fuel:diesel": null, "contact:website": null, "contact:phone": null, "brand": null }, "geometry": { "type": "Point", "coordinates": [ 37.6380962, 54.1536561 ] } },
{ "type": "Feature", "properties": { "full_id": "n1701531070", "osm_id": "1701531070", "osm_type": "node", "amenity": "fuel", "email": null, "cafe": null, "self_service": null, "addr:postcode": null, "wifi": null, "internet_access:fee": null, "contact:vk": null, "barrier": null, "fuel:biogas": null, "fuel:octane_91": null, "fuel:e85": null, "fuel:e10": null, "fuel:biodiesel": null, "fuel:GTL_diesel": null, "fuel:1_50": null, "fuel:1_25": null, "addr:place": "Малёвка", "name:hy": null, "fuel:cng": "yes", "phone": null, "payment:cash": null, "fuel:octane": null, "owner": null, "fuel:HGV_diesel": null, "wheelchair": null, "addr:housenumber": "16/1", "addr:city": null, "payment:debit_cards": null, "payment:visa_electron": null, "payment:visa_debit": null, "payment:visa": null, "payment:mastercard": null, "payment:maestro": null, "payment:credit_cards": null, "website": null, "fuel:octane_80": null, "internet_access": null, "contact:email": null, "compressed_air": null, "brand:wikipedia": null, "name:ru": null, "kiosk": null, "brand:wikidata": null, "brand:ru": null, "brand:en": null, "payment:cards": null, "fuel:octane_98": null, "fuel:lpg": null, "fuel:discount": null, "atm": null, "addr:street": null, "fuel:octane_100": null, "description": null, "toilets": null, "shop": null, "ref": null, "operator": null, "opening_hours": null, "name:en": null, "name": "КимовскГазСтрой", "fuel:octane_95": null, "fuel:octane_92": null, "fuel:diesel": null, "contact:website": null, "contact:phone": null, "brand": null }, "geometry": { "type": "Point", "coordinates": [ 37.6421138, 54.1508396 ] } },
{ "type": "Feature", "properties": { "full_id": "n1701531080", "osm_id": "1701531080", "osm_type": "node", "amenity": "fuel", "email": null, "cafe": null, "self_service": null, "addr:postcode": null, "wifi": null, "internet_access:fee": null, "contact:vk": null, "barrier": null, "fuel:biogas": null, "fuel:octane_91": null, "fuel:e85": null, "fuel:e10": null, "fuel:biodiesel": null, "fuel:GTL_diesel": null, "fuel:1_50": null, "fuel:1_25": null, "addr:place": null, "name:hy": null, "fuel:cng": null, "phone": null, "payment:cash": null, "fuel:octane": null, "owner": null, "fuel:HGV_diesel": null, "wheelchair": null, "addr:housenumber": null, "addr:city": null, "payment:debit_cards": null, "payment:visa_electron": null, "payment:visa_debit": null, "payment:visa": null, "payment:mastercard": null, "payment:maestro": null, "payment:credit_cards": null, "website": null, "fuel:octane_80": null, "internet_access": null, "contact:email": null, "compressed_air": null, "brand:wikipedia": null, "name:ru": null, "kiosk": null, "brand:wikidata": null, "brand:ru": null, "brand:en": null, "payment:cards": null, "fuel:octane_98": null, "fuel:lpg": null, "fuel:discount": null, "atm": null, "addr:street": null, "fuel:octane_100": null, "description": null, "toilets": null, "shop": null, "ref": null, "operator": null, "opening_hours": null, "name:en": null, "name": "Транзит", "fuel:octane_95": "yes", "fuel:octane_92": "yes", "fuel:diesel": "yes", "contact:website": null, "contact:phone": null, "brand": null }, "geometry": { "type": "Point", "coordinates": [ 37.7736766, 54.0875815 ] } },
{ "type": "Feature", "properties": { "full_id": "n1701531105", "osm_id": "1701531105", "osm_type": "node", "amenity": "fuel", "email": null, "cafe": null, "self_service": null, "addr:postcode": null, "wifi": null, "internet_access:fee": null, "contact:vk": null, "barrier": null, "fuel:biogas": null, "fuel:octane_91": null, "fuel:e85": null, "fuel:e10": null, "fuel:biodiesel": null, "fuel:GTL_diesel": null, "fuel:1_50": null, "fuel:1_25": null, "addr:place": null, "name:hy": null, "fuel:cng": null, "phone": null, "payment:cash": null, "fuel:octane": null, "owner": null, "fuel:HGV_diesel": null, "wheelchair": null, "addr:housenumber": null, "addr:city": null, "payment:debit_cards": null, "payment:visa_electron": null, "payment:visa_debit": null, "payment:visa": null, "payment:mastercard": null, "payment:maestro": null, "payment:credit_cards": null, "website": null, "fuel:octane_80": null, "internet_access": null, "contact:email": null, "compressed_air": null, "brand:wikipedia": null, "name:ru": null, "kiosk": null, "brand:wikidata": null, "brand:ru": null, "brand:en": null, "payment:cards": null, "fuel:octane_98": null, "fuel:lpg": null, "fuel:discount": null, "atm": null, "addr:street": null, "fuel:octane_100": null, "description": null, "toilets": null, "shop": null, "ref": null, "operator": null, "opening_hours": null, "name:en": null, "name": "Транзит", "fuel:octane_95": "yes", "fuel:octane_92": "yes", "fuel:diesel": "yes", "contact:website": null, "contact:phone": null, "brand": null }, "geometry": { "type": "Point", "coordinates": [ 37.7760907, 54.0885079 ] } },
{ "type": "Feature", "properties": { "full_id": "n1701531109", "osm_id": "1701531109", "osm_type": "node", "amenity": "fuel", "email": null, "cafe": null, "self_service": null, "addr:postcode": null, "wifi": null, "internet_access:fee": null, "contact:vk": null, "barrier": null, "fuel:biogas": null, "fuel:octane_91": null, "fuel:e85": null, "fuel:e10": null, "fuel:biodiesel": null, "fuel:GTL_diesel": null, "fuel:1_50": null, "fuel:1_25": null, "addr:place": null, "name:hy": null, "fuel:cng": null, "phone": null, "payment:cash": null, "fuel:octane": null, "owner": null, "fuel:HGV_diesel": null, "wheelchair": null, "addr:housenumber": "7 км", "addr:city": null, "payment:debit_cards": null, "payment:visa_electron": null, "payment:visa_debit": null, "payment:visa": null, "payment:mastercard": null, "payment:maestro": null, "payment:credit_cards": null, "website": null, "fuel:octane_80": null, "internet_access": null, "contact:email": null, "compressed_air": null, "brand:wikipedia": null, "name:ru": null, "kiosk": null, "brand:wikidata": null, "brand:ru": null, "brand:en": null, "payment:cards": null, "fuel:octane_98": null, "fuel:lpg": null, "fuel:discount": null, "atm": null, "addr:street": "Новомосковское шоссе", "fuel:octane_100": null, "description": null, "toilets": null, "shop": "yes", "ref": null, "operator": "ПАО \"Туланефтепродукт\"", "opening_hours": "24/7", "name:en": null, "name": "ТНК #78", "fuel:octane_95": "yes", "fuel:octane_92": "yes", "fuel:diesel": "yes", "contact:website": null, "contact:phone": null, "brand": "ТНК" }, "geometry": { "type": "Point", "coordinates": [ 37.6479095, 54.1469431 ] } },
{ "type": "Feature", "properties": { "full_id": "n1720509519", "osm_id": "1720509519", "osm_type": "node", "amenity": "fuel", "email": null, "cafe": null, "self_service": null, "addr:postcode": null, "wifi": null, "internet_access:fee": null, "contact:vk": null, "barrier": null, "fuel:biogas": null, "fuel:octane_91": null, "fuel:e85": null, "fuel:e10": null, "fuel:biodiesel": null, "fuel:GTL_diesel": null, "fuel:1_50": null, "fuel:1_25": null, "addr:place": null, "name:hy": null, "fuel:cng": null, "phone": null, "payment:cash": null, "fuel:octane": null, "owner": null, "fuel:HGV_diesel": null, "wheelchair": null, "addr:housenumber": null, "addr:city": null, "payment:debit_cards": null, "payment:visa_electron": null, "payment:visa_debit": null, "payment:visa": null, "payment:mastercard": null, "payment:maestro": null, "payment:credit_cards": null, "website": null, "fuel:octane_80": null, "internet_access": null, "contact:email": null, "compressed_air": null, "brand:wikipedia": "ru:Роснефть", "name:ru": "Роснефть", "kiosk": null, "brand:wikidata": "Q1141123", "brand:ru": "Роснефть", "brand:en": "Rosneft", "payment:cards": null, "fuel:octane_98": null, "fuel:lpg": null, "fuel:discount": null, "atm": null, "addr:street": null, "fuel:octane_100": null, "description": null, "toilets": null, "shop": null, "ref": null, "operator": "Роснефть", "opening_hours": null, "name:en": "Rosneft", "name": "Роснефть", "fuel:octane_95": null, "fuel:octane_92": null, "fuel:diesel": null, "contact:website": null, "contact:phone": null, "brand": "Роснефть" }, "geometry": { "type": "Point", "coordinates": [ 37.6209795, 54.1639602 ] } },
{ "type": "Feature", "properties": { "full_id": "n2259928047", "osm_id": "2259928047", "osm_type": "node", "amenity": "fuel", "email": null, "cafe": null, "self_service": null, "addr:postcode": null, "wifi": null, "internet_access:fee": null, "contact:vk": null, "barrier": null, "fuel:biogas": null, "fuel:octane_91": null, "fuel:e85": null, "fuel:e10": null, "fuel:biodiesel": null, "fuel:GTL_diesel": null, "fuel:1_50": null, "fuel:1_25": null, "addr:place": null, "name:hy": null, "fuel:cng": null, "phone": "+7 800 2006828", "payment:cash": null, "fuel:octane": null, "owner": null, "fuel:HGV_diesel": null, "wheelchair": null, "addr:housenumber": null, "addr:city": null, "payment:debit_cards": null, "payment:visa_electron": null, "payment:visa_debit": null, "payment:visa": null, "payment:mastercard": null, "payment:maestro": null, "payment:credit_cards": null, "website": "https://azsgazprom.ru/", "fuel:octane_80": null, "internet_access": null, "contact:email": null, "compressed_air": null, "brand:wikipedia": "en:Gazprom Neft", "name:ru": null, "kiosk": null, "brand:wikidata": "Q1461799", "brand:ru": null, "brand:en": null, "payment:cards": null, "fuel:octane_98": null, "fuel:lpg": null, "fuel:discount": null, "atm": null, "addr:street": null, "fuel:octane_100": null, "description": null, "toilets": null, "shop": null, "ref": "372", "operator": "Газпром", "opening_hours": null, "name:en": null, "name": "Газпромнефть", "fuel:octane_95": "yes", "fuel:octane_92": "yes", "fuel:diesel": "yes", "contact:website": null, "contact:phone": null, "brand": "Газпромнефть" }, "geometry": { "type": "Point", "coordinates": [ 37.6327167, 54.1673227 ] } },
{ "type": "Feature", "properties": { "full_id": "n2259928240", "osm_id": "2259928240", "osm_type": "node", "amenity": "fuel", "email": null, "cafe": null, "self_service": null, "addr:postcode": null, "wifi": null, "internet_access:fee": null, "contact:vk": null, "barrier": null, "fuel:biogas": null, "fuel:octane_91": null, "fuel:e85": null, "fuel:e10": null, "fuel:biodiesel": null, "fuel:GTL_diesel": null, "fuel:1_50": null, "fuel:1_25": null, "addr:place": null, "name:hy": null, "fuel:cng": null, "phone": null, "payment:cash": null, "fuel:octane": null, "owner": null, "fuel:HGV_diesel": null, "wheelchair": null, "addr:housenumber": null, "addr:city": null, "payment:debit_cards": null, "payment:visa_electron": null, "payment:visa_debit": null, "payment:visa": null, "payment:mastercard": null, "payment:maestro": null, "payment:credit_cards": null, "website": null, "fuel:octane_80": null, "internet_access": null, "contact:email": "hotline@lukoil.com", "compressed_air": null, "brand:wikipedia": "ru:Лукойл", "name:ru": "Лукойл", "kiosk": null, "brand:wikidata": "Q329347", "brand:ru": "Лукойл", "brand:en": "Lukoil", "payment:cards": null, "fuel:octane_98": null, "fuel:lpg": null, "fuel:discount": null, "atm": null, "addr:street": null, "fuel:octane_100": "yes", "description": null, "toilets": "yes", "shop": "yes", "ref": "71916", "operator": "ООО \"ЛУКОЙЛ-Центрнефтепродукт\"", "opening_hours": "24/7", "name:en": "Lukoil", "name": "Лукойл", "fuel:octane_95": "yes", "fuel:octane_92": "yes", "fuel:diesel": "yes", "contact:website": "https://lukoil.ru/", "contact:phone": "+7 800 1000911", "brand": "Лукойл" }, "geometry": { "type": "Point", "coordinates": [ 37.6346258, 54.1696427 ] } },
{ "type": "Feature", "properties": { "full_id": "n2259928261", "osm_id": "2259928261", "osm_type": "node", "amenity": "fuel", "email": null, "cafe": null, "self_service": null, "addr:postcode": null, "wifi": null, "internet_access:fee": null, "contact:vk": null, "barrier": null, "fuel:biogas": null, "fuel:octane_91": null, "fuel:e85": null, "fuel:e10": null, "fuel:biodiesel": null, "fuel:GTL_diesel": null, "fuel:1_50": null, "fuel:1_25": null, "addr:place": null, "name:hy": null, "fuel:cng": null, "phone": null, "payment:cash": null, "fuel:octane": null, "owner": null, "fuel:HGV_diesel": null, "wheelchair": null, "addr:housenumber": null, "addr:city": null, "payment:debit_cards": null, "payment:visa_electron": null, "payment:visa_debit": null, "payment:visa": null, "payment:mastercard": null, "payment:maestro": null, "payment:credit_cards": null, "website": null, "fuel:octane_80": null, "internet_access": null, "contact:email": null, "compressed_air": null, "brand:wikipedia": "ru:Роснефть", "name:ru": "Роснефть", "kiosk": null, "brand:wikidata": "Q1141123", "brand:ru": "Роснефть", "brand:en": "Rosneft", "payment:cards": null, "fuel:octane_98": null, "fuel:lpg": null, "fuel:discount": null, "atm": null, "addr:street": null, "fuel:octane_100": null, "description": null, "toilets": null, "shop": null, "ref": null, "operator": "Роснефть", "opening_hours": null, "name:en": "Rosneft", "name": "Роснефть", "fuel:octane_95": null, "fuel:octane_92": null, "fuel:diesel": null, "contact:website": null, "contact:phone": null, "brand": "Роснефть" }, "geometry": { "type": "Point", "coordinates": [ 37.6165428, 54.1617701 ] } },
{ "type": "Feature", "properties": { "full_id": "n2719620021", "osm_id": "2719620021", "osm_type": "node", "amenity": "fuel", "email": null, "cafe": null, "self_service": null, "addr:postcode": null, "wifi": null, "internet_access:fee": null, "contact:vk": null, "barrier": null, "fuel:biogas": null, "fuel:octane_91": null, "fuel:e85": null, "fuel:e10": null, "fuel:biodiesel": null, "fuel:GTL_diesel": null, "fuel:1_50": null, "fuel:1_25": null, "addr:place": null, "name:hy": null, "fuel:cng": null, "phone": null, "payment:cash": null, "fuel:octane": null, "owner": null, "fuel:HGV_diesel": null, "wheelchair": null, "addr:housenumber": null, "addr:city": null, "payment:debit_cards": null, "payment:visa_electron": null, "payment:visa_debit": null, "payment:visa": null, "payment:mastercard": null, "payment:maestro": null, "payment:credit_cards": null, "website": null, "fuel:octane_80": null, "internet_access": null, "contact:email": "hotline@lukoil.com", "compressed_air": null, "brand:wikipedia": "ru:Лукойл", "name:ru": "Лукойл", "kiosk": null, "brand:wikidata": "Q329347", "brand:ru": null, "brand:en": null, "payment:cards": null, "fuel:octane_98": null, "fuel:lpg": null, "fuel:discount": null, "atm": null, "addr:street": null, "fuel:octane_100": null, "description": null, "toilets": "yes", "shop": null, "ref": "71911", "operator": "ООО \"ЛУКОЙЛ-Центрнефтепродукт\"", "opening_hours": "24/7", "name:en": "Lukoil", "name": "Лукойл", "fuel:octane_95": "yes", "fuel:octane_92": "yes", "fuel:diesel": "yes", "contact:website": "https://lukoil.ru/", "contact:phone": "+7 800 1000911;+7 963 2289643", "brand": "Лукойл" }, "geometry": { "type": "Point", "coordinates": [ 37.5652643, 54.1916545 ] } },
{ "type": "Feature", "properties": { "full_id": "n3240104863", "osm_id": "3240104863", "osm_type": "node", "amenity": "fuel", "email": null, "cafe": null, "self_service": null, "addr:postcode": null, "wifi": null, "internet_access:fee": null, "contact:vk": null, "barrier": null, "fuel:biogas": null, "fuel:octane_91": null, "fuel:e85": null, "fuel:e10": null, "fuel:biodiesel": null, "fuel:GTL_diesel": null, "fuel:1_50": null, "fuel:1_25": null, "addr:place": null, "name:hy": null, "fuel:cng": null, "phone": null, "payment:cash": null, "fuel:octane": null, "owner": null, "fuel:HGV_diesel": null, "wheelchair": null, "addr:housenumber": null, "addr:city": null, "payment:debit_cards": null, "payment:visa_electron": null, "payment:visa_debit": null, "payment:visa": null, "payment:mastercard": null, "payment:maestro": null, "payment:credit_cards": null, "website": null, "fuel:octane_80": null, "internet_access": null, "contact:email": "hotline@lukoil.com", "compressed_air": "yes", "brand:wikipedia": "ru:Лукойл", "name:ru": "Лукойл", "kiosk": null, "brand:wikidata": "Q329347", "brand:ru": null, "brand:en": null, "payment:cards": null, "fuel:octane_98": null, "fuel:lpg": null, "fuel:discount": null, "atm": null, "addr:street": null, "fuel:octane_100": "yes", "description": null, "toilets": null, "shop": null, "ref": "71912", "operator": "ООО \"ЛУКОЙЛ-Центрнефтепродукт\"", "opening_hours": "24/7", "name:en": "Lukoil", "name": "Лукойл", "fuel:octane_95": "yes", "fuel:octane_92": "yes", "fuel:diesel": "yes", "contact:website": "https://lukoil.ru/", "contact:phone": "+7 800 1000911", "brand": "Лукойл" }, "geometry": { "type": "Point", "coordinates": [ 37.6008471, 54.1575102 ] } },
{ "type": "Feature", "properties": { "full_id": "n3242784275", "osm_id": "3242784275", "osm_type": "node", "amenity": "fuel", "email": null, "cafe": null, "self_service": null, "addr:postcode": "300028", "wifi": null, "internet_access:fee": null, "contact:vk": null, "barrier": null, "fuel:biogas": null, "fuel:octane_91": null, "fuel:e85": null, "fuel:e10": null, "fuel:biodiesel": null, "fuel:GTL_diesel": null, "fuel:1_50": null, "fuel:1_25": null, "addr:place": null, "name:hy": null, "fuel:cng": null, "phone": null, "payment:cash": null, "fuel:octane": null, "owner": null, "fuel:HGV_diesel": null, "wheelchair": null, "addr:housenumber": "22", "addr:city": "Тула", "payment:debit_cards": null, "payment:visa_electron": null, "payment:visa_debit": null, "payment:visa": null, "payment:mastercard": null, "payment:maestro": null, "payment:credit_cards": null, "website": null, "fuel:octane_80": null, "internet_access": null, "contact:email": "hotline@lukoil.com", "compressed_air": null, "brand:wikipedia": null, "name:ru": "Лукойл", "kiosk": null, "brand:wikidata": "Q329347", "brand:ru": "Лукойл", "brand:en": "Lukoil", "payment:cards": null, "fuel:octane_98": "yes", "fuel:lpg": null, "fuel:discount": null, "atm": null, "addr:street": "улица Макаренко", "fuel:octane_100": "yes", "description": null, "toilets": "yes", "shop": null, "ref": "71908", "operator": "ООО \"ЛУКОЙЛ-Центрнефтепродукт\"", "opening_hours": "24/7", "name:en": "Lukoil", "name": "Лукойл", "fuel:octane_95": "yes", "fuel:octane_92": "yes", "fuel:diesel": "yes", "contact:website": "https://lukoil.ru/", "contact:phone": "+7 487 2225334;+7 800 1000911", "brand": "Лукойл" }, "geometry": { "type": "Point", "coordinates": [ 37.5682897, 54.1678352 ] } },
{ "type": "Feature", "properties": { "full_id": "n3298544511", "osm_id": "3298544511", "osm_type": "node", "amenity": "fuel", "email": null, "cafe": null, "self_service": null, "addr:postcode": null, "wifi": null, "internet_access:fee": null, "contact:vk": null, "barrier": null, "fuel:biogas": null, "fuel:octane_91": null, "fuel:e85": null, "fuel:e10": null, "fuel:biodiesel": null, "fuel:GTL_diesel": null, "fuel:1_50": null, "fuel:1_25": null, "addr:place": null, "name:hy": null, "fuel:cng": null, "phone": null, "payment:cash": null, "fuel:octane": null, "owner": null, "fuel:HGV_diesel": null, "wheelchair": null, "addr:housenumber": null, "addr:city": null, "payment:debit_cards": null, "payment:visa_electron": null, "payment:visa_debit": null, "payment:visa": null, "payment:mastercard": null, "payment:maestro": null, "payment:credit_cards": null, "website": null, "fuel:octane_80": null, "internet_access": null, "contact:email": null, "compressed_air": null, "brand:wikipedia": null, "name:ru": null, "kiosk": null, "brand:wikidata": null, "brand:ru": null, "brand:en": null, "payment:cards": null, "fuel:octane_98": null, "fuel:lpg": "yes", "fuel:discount": null, "atm": null, "addr:street": null, "fuel:octane_100": null, "description": null, "toilets": null, "shop": null, "ref": null, "operator": null, "opening_hours": null, "name:en": null, "name": "АГЗС \"Мобилгаз\"", "fuel:octane_95": null, "fuel:octane_92": null, "fuel:diesel": null, "contact:website": null, "contact:phone": null, "brand": null }, "geometry": { "type": "Point", "coordinates": [ 37.641177, 54.1741069 ] } },
{ "type": "Feature", "properties": { "full_id": "n3298544512", "osm_id": "3298544512", "osm_type": "node", "amenity": "fuel", "email": null, "cafe": null, "self_service": null, "addr:postcode": null, "wifi": null, "internet_access:fee": null, "contact:vk": null, "barrier": null, "fuel:biogas": null, "fuel:octane_91": null, "fuel:e85": null, "fuel:e10": null, "fuel:biodiesel": null, "fuel:GTL_diesel": null, "fuel:1_50": null, "fuel:1_25": null, "addr:place": null, "name:hy": null, "fuel:cng": null, "phone": null, "payment:cash": null, "fuel:octane": null, "owner": "ООО \"Тебойл рус\"", "fuel:HGV_diesel": null, "wheelchair": null, "addr:housenumber": null, "addr:city": null, "payment:debit_cards": null, "payment:visa_electron": null, "payment:visa_debit": null, "payment:visa": null, "payment:mastercard": null, "payment:maestro": null, "payment:credit_cards": null, "website": null, "fuel:octane_80": null, "internet_access": null, "contact:email": null, "compressed_air": null, "brand:wikipedia": null, "name:ru": null, "kiosk": null, "brand:wikidata": null, "brand:ru": null, "brand:en": null, "payment:cards": null, "fuel:octane_98": "no", "fuel:lpg": null, "fuel:discount": null, "atm": null, "addr:street": null, "fuel:octane_100": null, "description": null, "toilets": null, "shop": null, "ref": null, "operator": null, "opening_hours": "24/7", "name:en": null, "name": "Teboil", "fuel:octane_95": "yes", "fuel:octane_92": "yes", "fuel:diesel": "yes", "contact:website": "https://azs.teboil.ru", "contact:phone": "+7 919 0737817", "brand": "Teboil" }, "geometry": { "type": "Point", "coordinates": [ 37.6399951, 54.1734312 ] } },
{ "type": "Feature", "properties": { "full_id": "n3298544513", "osm_id": "3298544513", "osm_type": "node", "amenity": "fuel", "email": null, "cafe": null, "self_service": null, "addr:postcode": null, "wifi": null, "internet_access:fee": null, "contact:vk": null, "barrier": null, "fuel:biogas": null, "fuel:octane_91": null, "fuel:e85": null, "fuel:e10": null, "fuel:biodiesel": null, "fuel:GTL_diesel": null, "fuel:1_50": null, "fuel:1_25": null, "addr:place": null, "name:hy": null, "fuel:cng": null, "phone": null, "payment:cash": null, "fuel:octane": null, "owner": null, "fuel:HGV_diesel": null, "wheelchair": null, "addr:housenumber": null, "addr:city": null, "payment:debit_cards": null, "payment:visa_electron": null, "payment:visa_debit": null, "payment:visa": null, "payment:mastercard": null, "payment:maestro": null, "payment:credit_cards": null, "website": null, "fuel:octane_80": null, "internet_access": null, "contact:email": null, "compressed_air": null, "brand:wikipedia": null, "name:ru": null, "kiosk": null, "brand:wikidata": null, "brand:ru": null, "brand:en": null, "payment:cards": null, "fuel:octane_98": "yes", "fuel:lpg": null, "fuel:discount": null, "atm": null, "addr:street": null, "fuel:octane_100": null, "description": null, "toilets": null, "shop": null, "ref": null, "operator": null, "opening_hours": null, "name:en": null, "name": "ТНБ", "fuel:octane_95": "yes", "fuel:octane_92": "yes", "fuel:diesel": "yes", "contact:website": null, "contact:phone": null, "brand": null }, "geometry": { "type": "Point", "coordinates": [ 37.6422709, 54.1750832 ] } },
{ "type": "Feature", "properties": { "full_id": "n3632316342", "osm_id": "3632316342", "osm_type": "node", "amenity": "fuel", "email": null, "cafe": null, "self_service": null, "addr:postcode": null, "wifi": null, "internet_access:fee": null, "contact:vk": null, "barrier": null, "fuel:biogas": null, "fuel:octane_91": null, "fuel:e85": null, "fuel:e10": null, "fuel:biodiesel": null, "fuel:GTL_diesel": null, "fuel:1_50": null, "fuel:1_25": null, "addr:place": null, "name:hy": null, "fuel:cng": "yes", "phone": null, "payment:cash": null, "fuel:octane": null, "owner": null, "fuel:HGV_diesel": null, "wheelchair": null, "addr:housenumber": null, "addr:city": null, "payment:debit_cards": null, "payment:visa_electron": null, "payment:visa_debit": null, "payment:visa": null, "payment:mastercard": null, "payment:maestro": null, "payment:credit_cards": null, "website": null, "fuel:octane_80": null, "internet_access": null, "contact:email": null, "compressed_air": null, "brand:wikipedia": null, "name:ru": null, "kiosk": null, "brand:wikidata": null, "brand:ru": null, "brand:en": null, "payment:cards": null, "fuel:octane_98": null, "fuel:lpg": "yes", "fuel:discount": null, "atm": null, "addr:street": null, "fuel:octane_100": null, "description": null, "toilets": null, "shop": null, "ref": null, "operator": null, "opening_hours": null, "name:en": null, "name": null, "fuel:octane_95": null, "fuel:octane_92": null, "fuel:diesel": null, "contact:website": null, "contact:phone": null, "brand": null }, "geometry": { "type": "Point", "coordinates": [ 37.5816406, 54.1456222 ] } },
{ "type": "Feature", "properties": { "full_id": "n3632316388", "osm_id": "3632316388", "osm_type": "node", "amenity": "fuel", "email": null, "cafe": null, "self_service": null, "addr:postcode": null, "wifi": null, "internet_access:fee": null, "contact:vk": null, "barrier": null, "fuel:biogas": null, "fuel:octane_91": null, "fuel:e85": null, "fuel:e10": null, "fuel:biodiesel": null, "fuel:GTL_diesel": null, "fuel:1_50": null, "fuel:1_25": null, "addr:place": null, "name:hy": null, "fuel:cng": "no", "phone": null, "payment:cash": null, "fuel:octane": null, "owner": null, "fuel:HGV_diesel": null, "wheelchair": null, "addr:housenumber": null, "addr:city": null, "payment:debit_cards": null, "payment:visa_electron": null, "payment:visa_debit": null, "payment:visa": null, "payment:mastercard": null, "payment:maestro": null, "payment:credit_cards": null, "website": null, "fuel:octane_80": "no", "internet_access": null, "contact:email": null, "compressed_air": null, "brand:wikipedia": null, "name:ru": null, "kiosk": null, "brand:wikidata": null, "brand:ru": null, "brand:en": null, "payment:cards": null, "fuel:octane_98": "yes", "fuel:lpg": "no", "fuel:discount": null, "atm": null, "addr:street": null, "fuel:octane_100": null, "description": null, "toilets": null, "shop": "yes", "ref": null, "operator": null, "opening_hours": null, "name:en": null, "name": null, "fuel:octane_95": "yes", "fuel:octane_92": null, "fuel:diesel": "yes", "contact:website": null, "contact:phone": null, "brand": null }, "geometry": { "type": "Point", "coordinates": [ 37.5818648, 54.1467547 ] } },
{ "type": "Feature", "properties": { "full_id": "n3741339169", "osm_id": "3741339169", "osm_type": "node", "amenity": "fuel", "email": null, "cafe": null, "self_service": null, "addr:postcode": null, "wifi": null, "internet_access:fee": null, "contact:vk": null, "barrier": null, "fuel:biogas": null, "fuel:octane_91": null, "fuel:e85": null, "fuel:e10": null, "fuel:biodiesel": null, "fuel:GTL_diesel": null, "fuel:1_50": null, "fuel:1_25": null, "addr:place": null, "name:hy": null, "fuel:cng": null, "phone": null, "payment:cash": null, "fuel:octane": null, "owner": null, "fuel:HGV_diesel": null, "wheelchair": null, "addr:housenumber": null, "addr:city": null, "payment:debit_cards": null, "payment:visa_electron": null, "payment:visa_debit": null, "payment:visa": null, "payment:mastercard": null, "payment:maestro": null, "payment:credit_cards": null, "website": null, "fuel:octane_80": null, "internet_access": null, "contact:email": null, "compressed_air": null, "brand:wikipedia": null, "name:ru": null, "kiosk": null, "brand:wikidata": null, "brand:ru": null, "brand:en": null, "payment:cards": null, "fuel:octane_98": null, "fuel:lpg": null, "fuel:discount": null, "atm": null, "addr:street": null, "fuel:octane_100": null, "description": null, "toilets": null, "shop": null, "ref": null, "operator": null, "opening_hours": null, "name:en": null, "name": "АГАТ", "fuel:octane_95": null, "fuel:octane_92": null, "fuel:diesel": null, "contact:website": null, "contact:phone": null, "brand": null }, "geometry": { "type": "Point", "coordinates": [ 37.7093387, 54.1505423 ] } },
{ "type": "Feature", "properties": { "full_id": "n3741339170", "osm_id": "3741339170", "osm_type": "node", "amenity": "fuel", "email": null, "cafe": null, "self_service": null, "addr:postcode": null, "wifi": null, "internet_access:fee": null, "contact:vk": null, "barrier": null, "fuel:biogas": null, "fuel:octane_91": null, "fuel:e85": null, "fuel:e10": null, "fuel:biodiesel": null, "fuel:GTL_diesel": null, "fuel:1_50": null, "fuel:1_25": null, "addr:place": null, "name:hy": null, "fuel:cng": null, "phone": null, "payment:cash": null, "fuel:octane": null, "owner": null, "fuel:HGV_diesel": null, "wheelchair": null, "addr:housenumber": null, "addr:city": null, "payment:debit_cards": null, "payment:visa_electron": null, "payment:visa_debit": null, "payment:visa": null, "payment:mastercard": null, "payment:maestro": null, "payment:credit_cards": null, "website": null, "fuel:octane_80": null, "internet_access": null, "contact:email": null, "compressed_air": null, "brand:wikipedia": null, "name:ru": null, "kiosk": null, "brand:wikidata": null, "brand:ru": null, "brand:en": null, "payment:cards": null, "fuel:octane_98": null, "fuel:lpg": null, "fuel:discount": null, "atm": null, "addr:street": null, "fuel:octane_100": null, "description": null, "toilets": null, "shop": null, "ref": null, "operator": null, "opening_hours": null, "name:en": null, "name": "Солнышко", "fuel:octane_95": null, "fuel:octane_92": null, "fuel:diesel": null, "contact:website": null, "contact:phone": null, "brand": null }, "geometry": { "type": "Point", "coordinates": [ 37.7091868, 54.1608895 ] } },
{ "type": "Feature", "properties": { "full_id": "n3753088194", "osm_id": "3753088194", "osm_type": "node", "amenity": "fuel", "email": null, "cafe": null, "self_service": null, "addr:postcode": null, "wifi": null, "internet_access:fee": null, "contact:vk": null, "barrier": null, "fuel:biogas": null, "fuel:octane_91": null, "fuel:e85": null, "fuel:e10": null, "fuel:biodiesel": null, "fuel:GTL_diesel": null, "fuel:1_50": null, "fuel:1_25": null, "addr:place": null, "name:hy": null, "fuel:cng": "yes", "phone": null, "payment:cash": null, "fuel:octane": null, "owner": null, "fuel:HGV_diesel": null, "wheelchair": null, "addr:housenumber": null, "addr:city": null, "payment:debit_cards": null, "payment:visa_electron": null, "payment:visa_debit": null, "payment:visa": null, "payment:mastercard": null, "payment:maestro": null, "payment:credit_cards": null, "website": null, "fuel:octane_80": null, "internet_access": null, "contact:email": null, "compressed_air": null, "brand:wikipedia": null, "name:ru": null, "kiosk": null, "brand:wikidata": null, "brand:ru": null, "brand:en": null, "payment:cards": null, "fuel:octane_98": null, "fuel:lpg": null, "fuel:discount": null, "atm": null, "addr:street": null, "fuel:octane_100": null, "description": null, "toilets": null, "shop": null, "ref": null, "operator": null, "opening_hours": null, "name:en": null, "name": null, "fuel:octane_95": null, "fuel:octane_92": null, "fuel:diesel": null, "contact:website": null, "contact:phone": null, "brand": null }, "geometry": { "type": "Point", "coordinates": [ 37.6420254, 54.1665264 ] } },
{ "type": "Feature", "properties": { "full_id": "n3753089624", "osm_id": "3753089624", "osm_type": "node", "amenity": "fuel", "email": null, "cafe": null, "self_service": null, "addr:postcode": null, "wifi": null, "internet_access:fee": null, "contact:vk": null, "barrier": null, "fuel:biogas": null, "fuel:octane_91": null, "fuel:e85": null, "fuel:e10": null, "fuel:biodiesel": null, "fuel:GTL_diesel": null, "fuel:1_50": null, "fuel:1_25": null, "addr:place": null, "name:hy": null, "fuel:cng": null, "phone": null, "payment:cash": null, "fuel:octane": null, "owner": null, "fuel:HGV_diesel": null, "wheelchair": null, "addr:housenumber": null, "addr:city": null, "payment:debit_cards": null, "payment:visa_electron": null, "payment:visa_debit": null, "payment:visa": null, "payment:mastercard": null, "payment:maestro": null, "payment:credit_cards": null, "website": null, "fuel:octane_80": null, "internet_access": "wlan", "contact:email": "hotline@lukoil.com", "compressed_air": "yes", "brand:wikipedia": "ru:Лукойл", "name:ru": "Лукойл", "kiosk": null, "brand:wikidata": "Q329347", "brand:ru": null, "brand:en": null, "payment:cards": null, "fuel:octane_98": null, "fuel:lpg": null, "fuel:discount": null, "atm": null, "addr:street": null, "fuel:octane_100": "yes", "description": null, "toilets": "yes", "shop": "yes", "ref": "71904", "operator": "ООО \"ЛУКОЙЛ-Центрнефтепродукт\"", "opening_hours": "24/7", "name:en": "Lukoil", "name": "Лукойл", "fuel:octane_95": "yes", "fuel:octane_92": "yes", "fuel:diesel": "yes", "contact:website": "https://lukoil.ru/", "contact:phone": "+7 800 1000911", "brand": "Лукойл" }, "geometry": { "type": "Point", "coordinates": [ 37.7066205, 54.1196134 ] } },
{ "type": "Feature", "properties": { "full_id": "n3812933086", "osm_id": "3812933086", "osm_type": "node", "amenity": "fuel", "email": null, "cafe": null, "self_service": null, "addr:postcode": null, "wifi": null, "internet_access:fee": null, "contact:vk": null, "barrier": null, "fuel:biogas": null, "fuel:octane_91": null, "fuel:e85": null, "fuel:e10": null, "fuel:biodiesel": null, "fuel:GTL_diesel": null, "fuel:1_50": null, "fuel:1_25": null, "addr:place": null, "name:hy": null, "fuel:cng": null, "phone": null, "payment:cash": null, "fuel:octane": null, "owner": null, "fuel:HGV_diesel": null, "wheelchair": null, "addr:housenumber": null, "addr:city": null, "payment:debit_cards": null, "payment:visa_electron": null, "payment:visa_debit": null, "payment:visa": null, "payment:mastercard": null, "payment:maestro": null, "payment:credit_cards": null, "website": null, "fuel:octane_80": null, "internet_access": null, "contact:email": null, "compressed_air": null, "brand:wikipedia": null, "name:ru": null, "kiosk": null, "brand:wikidata": null, "brand:ru": null, "brand:en": null, "payment:cards": null, "fuel:octane_98": null, "fuel:lpg": null, "fuel:discount": null, "atm": null, "addr:street": null, "fuel:octane_100": null, "description": null, "toilets": null, "shop": null, "ref": null, "operator": null, "opening_hours": null, "name:en": null, "name": null, "fuel:octane_95": null, "fuel:octane_92": null, "fuel:diesel": null, "contact:website": null, "contact:phone": null, "brand": null }, "geometry": { "type": "Point", "coordinates": [ 37.5830914, 54.1632438 ] } },
{ "type": "Feature", "properties": { "full_id": "n9907067437", "osm_id": "9907067437", "osm_type": "node", "amenity": "fuel", "email": null, "cafe": null, "self_service": null, "addr:postcode": null, "wifi": null, "internet_access:fee": null, "contact:vk": null, "barrier": null, "fuel:biogas": null, "fuel:octane_91": null, "fuel:e85": null, "fuel:e10": null, "fuel:biodiesel": null, "fuel:GTL_diesel": null, "fuel:1_50": null, "fuel:1_25": null, "addr:place": null, "name:hy": null, "fuel:cng": null, "phone": null, "payment:cash": null, "fuel:octane": null, "owner": null, "fuel:HGV_diesel": null, "wheelchair": null, "addr:housenumber": null, "addr:city": null, "payment:debit_cards": null, "payment:visa_electron": null, "payment:visa_debit": null, "payment:visa": null, "payment:mastercard": null, "payment:maestro": null, "payment:credit_cards": null, "website": null, "fuel:octane_80": null, "internet_access": null, "contact:email": null, "compressed_air": null, "brand:wikipedia": null, "name:ru": "Роснефть", "kiosk": null, "brand:wikidata": "Q1141123", "brand:ru": "Роснефть", "brand:en": "Rosneft", "payment:cards": null, "fuel:octane_98": null, "fuel:lpg": null, "fuel:discount": null, "atm": null, "addr:street": null, "fuel:octane_100": null, "description": null, "toilets": null, "shop": null, "ref": null, "operator": null, "opening_hours": null, "name:en": "Rosneft", "name": "Роснефть", "fuel:octane_95": null, "fuel:octane_92": null, "fuel:diesel": null, "contact:website": null, "contact:phone": null, "brand": "Роснефть" }, "geometry": { "type": "Point", "coordinates": [ 37.5807755, 54.1569329 ] } },
{ "type": "Feature", "properties": { "full_id": "n1383123302", "osm_id": "1383123302", "osm_type": "node", "amenity": "fuel", "email": null, "cafe": null, "self_service": null, "addr:postcode": null, "wifi": null, "internet_access:fee": null, "contact:vk": null, "barrier": null, "fuel:biogas": null, "fuel:octane_91": null, "fuel:e85": null, "fuel:e10": null, "fuel:biodiesel": null, "fuel:GTL_diesel": null, "fuel:1_50": null, "fuel:1_25": null, "addr:place": null, "name:hy": null, "fuel:cng": null, "phone": null, "payment:cash": null, "fuel:octane": null, "owner": null, "fuel:HGV_diesel": null, "wheelchair": null, "addr:housenumber": null, "addr:city": null, "payment:debit_cards": null, "payment:visa_electron": null, "payment:visa_debit": null, "payment:visa": null, "payment:mastercard": null, "payment:maestro": null, "payment:credit_cards": null, "website": null, "fuel:octane_80": null, "internet_access": null, "contact:email": null, "compressed_air": "no", "brand:wikipedia": null, "name:ru": null, "kiosk": null, "brand:wikidata": null, "brand:ru": null, "brand:en": null, "payment:cards": null, "fuel:octane_98": null, "fuel:lpg": null, "fuel:discount": null, "atm": null, "addr:street": null, "fuel:octane_100": null, "description": null, "toilets": null, "shop": null, "ref": null, "operator": null, "opening_hours": null, "name:en": null, "name": null, "fuel:octane_95": null, "fuel:octane_92": null, "fuel:diesel": null, "contact:website": null, "contact:phone": null, "brand": null }, "geometry": { "type": "Point", "coordinates": [ 37.6827602, 54.2202582 ] } },
{ "type": "Feature", "properties": { "full_id": "n1803333170", "osm_id": "1803333170", "osm_type": "node", "amenity": "fuel", "email": null, "cafe": null, "self_service": null, "addr:postcode": null, "wifi": null, "internet_access:fee": null, "contact:vk": null, "barrier": null, "fuel:biogas": null, "fuel:octane_91": null, "fuel:e85": null, "fuel:e10": null, "fuel:biodiesel": null, "fuel:GTL_diesel": null, "fuel:1_50": null, "fuel:1_25": null, "addr:place": null, "name:hy": null, "fuel:cng": null, "phone": null, "payment:cash": null, "fuel:octane": null, "owner": null, "fuel:HGV_diesel": null, "wheelchair": null, "addr:housenumber": null, "addr:city": null, "payment:debit_cards": null, "payment:visa_electron": null, "payment:visa_debit": null, "payment:visa": null, "payment:mastercard": null, "payment:maestro": null, "payment:credit_cards": null, "website": null, "fuel:octane_80": null, "internet_access": null, "contact:email": null, "compressed_air": null, "brand:wikipedia": null, "name:ru": null, "kiosk": null, "brand:wikidata": null, "brand:ru": null, "brand:en": null, "payment:cards": null, "fuel:octane_98": "yes", "fuel:lpg": null, "fuel:discount": null, "atm": null, "addr:street": null, "fuel:octane_100": null, "description": null, "toilets": null, "shop": null, "ref": null, "operator": null, "opening_hours": "24/7", "name:en": null, "name": "АЗС \"Транзит\"", "fuel:octane_95": "yes", "fuel:octane_92": "yes", "fuel:diesel": "yes", "contact:website": null, "contact:phone": null, "brand": null }, "geometry": { "type": "Point", "coordinates": [ 37.6929696, 54.2085112 ] } },
{ "type": "Feature", "properties": { "full_id": "n2104825162", "osm_id": "2104825162", "osm_type": "node", "amenity": "fuel", "email": null, "cafe": null, "self_service": null, "addr:postcode": null, "wifi": null, "internet_access:fee": null, "contact:vk": null, "barrier": null, "fuel:biogas": null, "fuel:octane_91": null, "fuel:e85": null, "fuel:e10": null, "fuel:biodiesel": null, "fuel:GTL_diesel": null, "fuel:1_50": null, "fuel:1_25": null, "addr:place": null, "name:hy": null, "fuel:cng": null, "phone": null, "payment:cash": null, "fuel:octane": null, "owner": null, "fuel:HGV_diesel": null, "wheelchair": null, "addr:housenumber": null, "addr:city": null, "payment:debit_cards": null, "payment:visa_electron": null, "payment:visa_debit": null, "payment:visa": null, "payment:mastercard": null, "payment:maestro": null, "payment:credit_cards": null, "website": null, "fuel:octane_80": null, "internet_access": null, "contact:email": null, "compressed_air": null, "brand:wikipedia": null, "name:ru": null, "kiosk": null, "brand:wikidata": null, "brand:ru": null, "brand:en": null, "payment:cards": null, "fuel:octane_98": null, "fuel:lpg": "yes", "fuel:discount": null, "atm": null, "addr:street": null, "fuel:octane_100": null, "description": null, "toilets": null, "shop": null, "ref": null, "operator": null, "opening_hours": null, "name:en": null, "name": null, "fuel:octane_95": null, "fuel:octane_92": null, "fuel:diesel": null, "contact:website": null, "contact:phone": null, "brand": null }, "geometry": { "type": "Point", "coordinates": [ 37.6993572, 54.2128993 ] } },
{ "type": "Feature", "properties": { "full_id": "n5320911083", "osm_id": "5320911083", "osm_type": "node", "amenity": "fuel", "email": null, "cafe": null, "self_service": null, "addr:postcode": null, "wifi": null, "internet_access:fee": null, "contact:vk": null, "barrier": null, "fuel:biogas": null, "fuel:octane_91": null, "fuel:e85": null, "fuel:e10": null, "fuel:biodiesel": null, "fuel:GTL_diesel": null, "fuel:1_50": null, "fuel:1_25": null, "addr:place": null, "name:hy": null, "fuel:cng": null, "phone": null, "payment:cash": null, "fuel:octane": null, "owner": null, "fuel:HGV_diesel": null, "wheelchair": null, "addr:housenumber": null, "addr:city": null, "payment:debit_cards": null, "payment:visa_electron": null, "payment:visa_debit": null, "payment:visa": null, "payment:mastercard": null, "payment:maestro": null, "payment:credit_cards": null, "website": null, "fuel:octane_80": null, "internet_access": null, "contact:email": null, "compressed_air": null, "brand:wikipedia": "en:Gazprom Neft", "name:ru": null, "kiosk": null, "brand:wikidata": "Q1461799", "brand:ru": null, "brand:en": null, "payment:cards": null, "fuel:octane_98": null, "fuel:lpg": null, "fuel:discount": null, "atm": null, "addr:street": null, "fuel:octane_100": null, "description": null, "toilets": null, "shop": null, "ref": null, "operator": "Газпром", "opening_hours": null, "name:en": null, "name": "Газпромнефть", "fuel:octane_95": "yes", "fuel:octane_92": "yes", "fuel:diesel": "yes", "contact:website": null, "contact:phone": null, "brand": "Газпромнефть" }, "geometry": { "type": "Point", "coordinates": [ 37.6268327, 54.2204103 ] } },
{ "type": "Feature", "properties": { "full_id": "n444831518", "osm_id": "444831518", "osm_type": "node", "amenity": "fuel", "email": null, "cafe": null, "self_service": null, "addr:postcode": null, "wifi": null, "internet_access:fee": null, "contact:vk": null, "barrier": null, "fuel:biogas": null, "fuel:octane_91": null, "fuel:e85": null, "fuel:e10": null, "fuel:biodiesel": null, "fuel:GTL_diesel": null, "fuel:1_50": null, "fuel:1_25": null, "addr:place": null, "name:hy": null, "fuel:cng": null, "phone": null, "payment:cash": null, "fuel:octane": null, "owner": null, "fuel:HGV_diesel": null, "wheelchair": null, "addr:housenumber": null, "addr:city": null, "payment:debit_cards": null, "payment:visa_electron": null, "payment:visa_debit": null, "payment:visa": null, "payment:mastercard": null, "payment:maestro": null, "payment:credit_cards": null, "website": null, "fuel:octane_80": null, "internet_access": null, "contact:email": null, "compressed_air": null, "brand:wikipedia": null, "name:ru": null, "kiosk": null, "brand:wikidata": null, "brand:ru": null, "brand:en": null, "payment:cards": null, "fuel:octane_98": null, "fuel:lpg": null, "fuel:discount": null, "atm": null, "addr:street": null, "fuel:octane_100": "no", "description": null, "toilets": null, "shop": null, "ref": null, "operator": null, "opening_hours": null, "name:en": null, "name": "НТК", "fuel:octane_95": "yes", "fuel:octane_92": "yes", "fuel:diesel": null, "contact:website": null, "contact:phone": null, "brand": null }, "geometry": { "type": "Point", "coordinates": [ 37.467239, 54.163689 ] } },
{ "type": "Feature", "properties": { "full_id": "n444831526", "osm_id": "444831526", "osm_type": "node", "amenity": "fuel", "email": null, "cafe": null, "self_service": null, "addr:postcode": null, "wifi": null, "internet_access:fee": null, "contact:vk": null, "barrier": null, "fuel:biogas": null, "fuel:octane_91": null, "fuel:e85": null, "fuel:e10": null, "fuel:biodiesel": null, "fuel:GTL_diesel": null, "fuel:1_50": null, "fuel:1_25": null, "addr:place": null, "name:hy": null, "fuel:cng": null, "phone": null, "payment:cash": null, "fuel:octane": null, "owner": null, "fuel:HGV_diesel": null, "wheelchair": null, "addr:housenumber": null, "addr:city": null, "payment:debit_cards": null, "payment:visa_electron": null, "payment:visa_debit": null, "payment:visa": null, "payment:mastercard": null, "payment:maestro": null, "payment:credit_cards": null, "website": null, "fuel:octane_80": null, "internet_access": null, "contact:email": null, "compressed_air": null, "brand:wikipedia": null, "name:ru": null, "kiosk": null, "brand:wikidata": null, "brand:ru": null, "brand:en": null, "payment:cards": null, "fuel:octane_98": null, "fuel:lpg": "yes", "fuel:discount": null, "atm": null, "addr:street": null, "fuel:octane_100": "yes", "description": null, "toilets": null, "shop": null, "ref": null, "operator": null, "opening_hours": null, "name:en": null, "name": "97-й километр", "fuel:octane_95": "yes", "fuel:octane_92": "yes", "fuel:diesel": "yes", "contact:website": null, "contact:phone": null, "brand": null }, "geometry": { "type": "Point", "coordinates": [ 37.4883695, 54.1570581 ] } },
{ "type": "Feature", "properties": { "full_id": "n624188184", "osm_id": "624188184", "osm_type": "node", "amenity": "fuel", "email": null, "cafe": null, "self_service": null, "addr:postcode": null, "wifi": null, "internet_access:fee": null, "contact:vk": null, "barrier": null, "fuel:biogas": null, "fuel:octane_91": null, "fuel:e85": null, "fuel:e10": null, "fuel:biodiesel": null, "fuel:GTL_diesel": null, "fuel:1_50": null, "fuel:1_25": null, "addr:place": null, "name:hy": null, "fuel:cng": null, "phone": null, "payment:cash": null, "fuel:octane": null, "owner": null, "fuel:HGV_diesel": null, "wheelchair": null, "addr:housenumber": null, "addr:city": null, "payment:debit_cards": null, "payment:visa_electron": null, "payment:visa_debit": null, "payment:visa": null, "payment:mastercard": null, "payment:maestro": null, "payment:credit_cards": null, "website": null, "fuel:octane_80": null, "internet_access": null, "contact:email": null, "compressed_air": null, "brand:wikipedia": null, "name:ru": "Лукойл", "kiosk": null, "brand:wikidata": null, "brand:ru": null, "brand:en": null, "payment:cards": null, "fuel:octane_98": null, "fuel:lpg": null, "fuel:discount": null, "atm": null, "addr:street": null, "fuel:octane_100": null, "description": null, "toilets": null, "shop": null, "ref": "71923", "operator": "ООО \"ЛУКОЙЛ-Центрнефтепродукт\"", "opening_hours": "24/7", "name:en": "Lukoil", "name": "Лукойл", "fuel:octane_95": "yes", "fuel:octane_92": "yes", "fuel:diesel": "yes", "contact:website": "https://lukoil.ru/", "contact:phone": "+7 800 1000911", "brand": "Лукойл" }, "geometry": { "type": "Point", "coordinates": [ 37.2827096, 54.1370672 ] } },
{ "type": "Feature", "properties": { "full_id": "n776961371", "osm_id": "776961371", "osm_type": "node", "amenity": "fuel", "email": null, "cafe": null, "self_service": null, "addr:postcode": null, "wifi": null, "internet_access:fee": null, "contact:vk": null, "barrier": null, "fuel:biogas": null, "fuel:octane_91": null, "fuel:e85": null, "fuel:e10": null, "fuel:biodiesel": null, "fuel:GTL_diesel": null, "fuel:1_50": null, "fuel:1_25": null, "addr:place": null, "name:hy": null, "fuel:cng": null, "phone": null, "payment:cash": null, "fuel:octane": null, "owner": null, "fuel:HGV_diesel": "no", "wheelchair": null, "addr:housenumber": null, "addr:city": null, "payment:debit_cards": null, "payment:visa_electron": null, "payment:visa_debit": null, "payment:visa": null, "payment:mastercard": null, "payment:maestro": null, "payment:credit_cards": null, "website": null, "fuel:octane_80": null, "internet_access": null, "contact:email": null, "compressed_air": null, "brand:wikipedia": null, "name:ru": null, "kiosk": null, "brand:wikidata": null, "brand:ru": null, "brand:en": null, "payment:cards": null, "fuel:octane_98": null, "fuel:lpg": null, "fuel:discount": null, "atm": null, "addr:street": null, "fuel:octane_100": null, "description": null, "toilets": null, "shop": null, "ref": null, "operator": null, "opening_hours": null, "name:en": null, "name": null, "fuel:octane_95": "yes", "fuel:octane_92": "yes", "fuel:diesel": "yes", "contact:website": null, "contact:phone": null, "brand": null }, "geometry": { "type": "Point", "coordinates": [ 37.5288716, 54.2549553 ] } },
{ "type": "Feature", "properties": { "full_id": "n776961420", "osm_id": "776961420", "osm_type": "node", "amenity": "fuel", "email": null, "cafe": null, "self_service": null, "addr:postcode": null, "wifi": null, "internet_access:fee": null, "contact:vk": null, "barrier": null, "fuel:biogas": null, "fuel:octane_91": null, "fuel:e85": null, "fuel:e10": null, "fuel:biodiesel": null, "fuel:GTL_diesel": null, "fuel:1_50": null, "fuel:1_25": null, "addr:place": null, "name:hy": null, "fuel:cng": null, "phone": null, "payment:cash": null, "fuel:octane": "yes", "owner": null, "fuel:HGV_diesel": null, "wheelchair": null, "addr:housenumber": null, "addr:city": null, "payment:debit_cards": null, "payment:visa_electron": null, "payment:visa_debit": null, "payment:visa": null, "payment:mastercard": null, "payment:maestro": null, "payment:credit_cards": null, "website": null, "fuel:octane_80": null, "internet_access": "wlan", "contact:email": "hotline@lukoil.com", "compressed_air": "yes", "brand:wikipedia": "ru:Лукойл", "name:ru": "Лукойл", "kiosk": null, "brand:wikidata": "Q329347", "brand:ru": null, "brand:en": null, "payment:cards": null, "fuel:octane_98": null, "fuel:lpg": null, "fuel:discount": null, "atm": null, "addr:street": null, "fuel:octane_100": "yes", "description": null, "toilets": "yes", "shop": "yes", "ref": "71926", "operator": "ООО \"ЛУКОЙЛ-Центрнефтепродукт\"", "opening_hours": "24/7", "name:en": "Lukoil", "name": "Лукойл", "fuel:octane_95": "yes", "fuel:octane_92": "yes", "fuel:diesel": "yes", "contact:website": "https://lukoil.ru/", "contact:phone": "+7 800 1000911;+7 905 1122750", "brand": "Лукойл" }, "geometry": { "type": "Point", "coordinates": [ 37.4894835, 54.1914647 ] } },
{ "type": "Feature", "properties": { "full_id": "n776961456", "osm_id": "776961456", "osm_type": "node", "amenity": "fuel", "email": null, "cafe": null, "self_service": null, "addr:postcode": null, "wifi": null, "internet_access:fee": null, "contact:vk": null, "barrier": null, "fuel:biogas": null, "fuel:octane_91": null, "fuel:e85": null, "fuel:e10": null, "fuel:biodiesel": null, "fuel:GTL_diesel": null, "fuel:1_50": null, "fuel:1_25": null, "addr:place": null, "name:hy": null, "fuel:cng": null, "phone": null, "payment:cash": null, "fuel:octane": null, "owner": null, "fuel:HGV_diesel": null, "wheelchair": null, "addr:housenumber": null, "addr:city": null, "payment:debit_cards": null, "payment:visa_electron": null, "payment:visa_debit": null, "payment:visa": null, "payment:mastercard": null, "payment:maestro": null, "payment:credit_cards": null, "website": null, "fuel:octane_80": null, "internet_access": null, "contact:email": null, "compressed_air": null, "brand:wikipedia": null, "name:ru": "Роснефть", "kiosk": null, "brand:wikidata": "Q1141123", "brand:ru": "Роснефть", "brand:en": "Rosneft", "payment:cards": null, "fuel:octane_98": "no", "fuel:lpg": null, "fuel:discount": null, "atm": null, "addr:street": null, "fuel:octane_100": null, "description": null, "toilets": null, "shop": null, "ref": null, "operator": "«Роснефть»", "opening_hours": null, "name:en": "Rosneft", "name": "Роснефть", "fuel:octane_95": "yes", "fuel:octane_92": "yes", "fuel:diesel": "yes", "contact:website": null, "contact:phone": null, "brand": "Роснефть" }, "geometry": { "type": "Point", "coordinates": [ 37.5329181, 54.2667193 ] } },
{ "type": "Feature", "properties": { "full_id": "n776961520", "osm_id": "776961520", "osm_type": "node", "amenity": "fuel", "email": null, "cafe": null, "self_service": null, "addr:postcode": null, "wifi": null, "internet_access:fee": null, "contact:vk": null, "barrier": null, "fuel:biogas": null, "fuel:octane_91": null, "fuel:e85": null, "fuel:e10": null, "fuel:biodiesel": null, "fuel:GTL_diesel": null, "fuel:1_50": null, "fuel:1_25": null, "addr:place": null, "name:hy": null, "fuel:cng": null, "phone": null, "payment:cash": null, "fuel:octane": null, "owner": null, "fuel:HGV_diesel": null, "wheelchair": null, "addr:housenumber": null, "addr:city": null, "payment:debit_cards": null, "payment:visa_electron": null, "payment:visa_debit": null, "payment:visa": null, "payment:mastercard": null, "payment:maestro": null, "payment:credit_cards": null, "website": null, "fuel:octane_80": null, "internet_access": null, "contact:email": null, "compressed_air": null, "brand:wikipedia": "en:Rosneft", "name:ru": "Роснефть", "kiosk": null, "brand:wikidata": "Q2298901", "brand:ru": "Роснефть", "brand:en": null, "payment:cards": null, "fuel:octane_98": null, "fuel:lpg": null, "fuel:discount": null, "atm": null, "addr:street": null, "fuel:octane_100": null, "description": null, "toilets": null, "shop": null, "ref": null, "operator": "«Роснефть»", "opening_hours": null, "name:en": "Rosneft", "name": "Роснефть", "fuel:octane_95": "yes", "fuel:octane_92": "yes", "fuel:diesel": "yes", "contact:website": null, "contact:phone": null, "brand": "Роснефть" }, "geometry": { "type": "Point", "coordinates": [ 37.4949706, 54.1622944 ] } },
{ "type": "Feature", "properties": { "full_id": "n2719567173", "osm_id": "2719567173", "osm_type": "node", "amenity": "fuel", "email": null, "cafe": null, "self_service": null, "addr:postcode": null, "wifi": null, "internet_access:fee": null, "contact:vk": null, "barrier": null, "fuel:biogas": null, "fuel:octane_91": null, "fuel:e85": null, "fuel:e10": null, "fuel:biodiesel": null, "fuel:GTL_diesel": null, "fuel:1_50": null, "fuel:1_25": null, "addr:place": null, "name:hy": null, "fuel:cng": "yes", "phone": null, "payment:cash": null, "fuel:octane": null, "owner": null, "fuel:HGV_diesel": null, "wheelchair": null, "addr:housenumber": null, "addr:city": null, "payment:debit_cards": null, "payment:visa_electron": null, "payment:visa_debit": null, "payment:visa": null, "payment:mastercard": null, "payment:maestro": null, "payment:credit_cards": null, "website": null, "fuel:octane_80": null, "internet_access": null, "contact:email": null, "compressed_air": null, "brand:wikipedia": null, "name:ru": null, "kiosk": null, "brand:wikidata": null, "brand:ru": null, "brand:en": null, "payment:cards": null, "fuel:octane_98": "no", "fuel:lpg": null, "fuel:discount": null, "atm": null, "addr:street": null, "fuel:octane_100": null, "description": null, "toilets": null, "shop": null, "ref": null, "operator": "Газпром Трансгаз", "opening_hours": null, "name:en": null, "name": null, "fuel:octane_95": "no", "fuel:octane_92": "no", "fuel:diesel": null, "contact:website": null, "contact:phone": null, "brand": null }, "geometry": { "type": "Point", "coordinates": [ 37.5020259, 54.1802191 ] } },
{ "type": "Feature", "properties": { "full_id": "n2719619906", "osm_id": "2719619906", "osm_type": "node", "amenity": "fuel", "email": null, "cafe": null, "self_service": null, "addr:postcode": null, "wifi": null, "internet_access:fee": null, "contact:vk": null, "barrier": null, "fuel:biogas": null, "fuel:octane_91": null, "fuel:e85": null, "fuel:e10": null, "fuel:biodiesel": null, "fuel:GTL_diesel": null, "fuel:1_50": null, "fuel:1_25": null, "addr:place": null, "name:hy": null, "fuel:cng": null, "phone": null, "payment:cash": null, "fuel:octane": null, "owner": null, "fuel:HGV_diesel": null, "wheelchair": null, "addr:housenumber": null, "addr:city": null, "payment:debit_cards": null, "payment:visa_electron": null, "payment:visa_debit": null, "payment:visa": null, "payment:mastercard": null, "payment:maestro": null, "payment:credit_cards": null, "website": null, "fuel:octane_80": null, "internet_access": null, "contact:email": null, "compressed_air": null, "brand:wikipedia": "ru:Роснефть", "name:ru": "Роснефть", "kiosk": null, "brand:wikidata": "Q1141123", "brand:ru": "Роснефть", "brand:en": "Rosneft", "payment:cards": null, "fuel:octane_98": null, "fuel:lpg": null, "fuel:discount": null, "atm": null, "addr:street": null, "fuel:octane_100": null, "description": null, "toilets": null, "shop": null, "ref": null, "operator": null, "opening_hours": null, "name:en": "Rosneft", "name": "Роснефть", "fuel:octane_95": "yes", "fuel:octane_92": "yes", "fuel:diesel": "yes", "contact:website": null, "contact:phone": null, "brand": "Роснефть" }, "geometry": { "type": "Point", "coordinates": [ 37.5313953, 54.1880051 ] } },
{ "type": "Feature", "properties": { "full_id": "n2719620142", "osm_id": "2719620142", "osm_type": "node", "amenity": "fuel", "email": null, "cafe": null, "self_service": null, "addr:postcode": null, "wifi": null, "internet_access:fee": null, "contact:vk": null, "barrier": null, "fuel:biogas": null, "fuel:octane_91": null, "fuel:e85": null, "fuel:e10": null, "fuel:biodiesel": null, "fuel:GTL_diesel": null, "fuel:1_50": null, "fuel:1_25": null, "addr:place": null, "name:hy": null, "fuel:cng": null, "phone": "+7 800 2006828", "payment:cash": null, "fuel:octane": null, "owner": null, "fuel:HGV_diesel": null, "wheelchair": null, "addr:housenumber": null, "addr:city": null, "payment:debit_cards": null, "payment:visa_electron": null, "payment:visa_debit": null, "payment:visa": null, "payment:mastercard": null, "payment:maestro": null, "payment:credit_cards": null, "website": "https://azsgazprom.ru/", "fuel:octane_80": null, "internet_access": null, "contact:email": null, "compressed_air": null, "brand:wikipedia": null, "name:ru": null, "kiosk": null, "brand:wikidata": null, "brand:ru": null, "brand:en": null, "payment:cards": null, "fuel:octane_98": null, "fuel:lpg": null, "fuel:discount": null, "atm": null, "addr:street": null, "fuel:octane_100": null, "description": null, "toilets": null, "shop": null, "ref": "371", "operator": "Газпром", "opening_hours": null, "name:en": null, "name": null, "fuel:octane_95": "yes", "fuel:octane_92": "yes", "fuel:diesel": "yes", "contact:website": null, "contact:phone": null, "brand": null }, "geometry": { "type": "Point", "coordinates": [ 37.5438491, 54.193024 ] } },
{ "type": "Feature", "properties": { "full_id": "n2773617000", "osm_id": "2773617000", "osm_type": "node", "amenity": "fuel", "email": null, "cafe": null, "self_service": null, "addr:postcode": null, "wifi": null, "internet_access:fee": null, "contact:vk": null, "barrier": null, "fuel:biogas": null, "fuel:octane_91": null, "fuel:e85": null, "fuel:e10": null, "fuel:biodiesel": null, "fuel:GTL_diesel": null, "fuel:1_50": null, "fuel:1_25": null, "addr:place": null, "name:hy": null, "fuel:cng": null, "phone": null, "payment:cash": null, "fuel:octane": null, "owner": null, "fuel:HGV_diesel": null, "wheelchair": null, "addr:housenumber": null, "addr:city": null, "payment:debit_cards": null, "payment:visa_electron": null, "payment:visa_debit": null, "payment:visa": null, "payment:mastercard": null, "payment:maestro": null, "payment:credit_cards": null, "website": null, "fuel:octane_80": null, "internet_access": null, "contact:email": null, "compressed_air": null, "brand:wikipedia": null, "name:ru": null, "kiosk": null, "brand:wikidata": null, "brand:ru": null, "brand:en": null, "payment:cards": null, "fuel:octane_98": null, "fuel:lpg": null, "fuel:discount": null, "atm": null, "addr:street": null, "fuel:octane_100": null, "description": null, "toilets": null, "shop": null, "ref": null, "operator": null, "opening_hours": null, "name:en": null, "name": "Октан-сервис", "fuel:octane_95": "yes", "fuel:octane_92": "yes", "fuel:diesel": "yes", "contact:website": null, "contact:phone": null, "brand": null }, "geometry": { "type": "Point", "coordinates": [ 37.4613138, 54.2257754 ] } },
{ "type": "Feature", "properties": { "full_id": "n2937944305", "osm_id": "2937944305", "osm_type": "node", "amenity": "fuel", "email": null, "cafe": null, "self_service": null, "addr:postcode": null, "wifi": null, "internet_access:fee": null, "contact:vk": null, "barrier": null, "fuel:biogas": null, "fuel:octane_91": null, "fuel:e85": null, "fuel:e10": null, "fuel:biodiesel": null, "fuel:GTL_diesel": null, "fuel:1_50": null, "fuel:1_25": null, "addr:place": null, "name:hy": null, "fuel:cng": null, "phone": null, "payment:cash": null, "fuel:octane": null, "owner": null, "fuel:HGV_diesel": null, "wheelchair": null, "addr:housenumber": null, "addr:city": null, "payment:debit_cards": null, "payment:visa_electron": null, "payment:visa_debit": null, "payment:visa": null, "payment:mastercard": null, "payment:maestro": null, "payment:credit_cards": null, "website": null, "fuel:octane_80": null, "internet_access": null, "contact:email": "hotline@lukoil.com", "compressed_air": null, "brand:wikipedia": "ru:Лукойл", "name:ru": "Лукойл", "kiosk": null, "brand:wikidata": "Q329347", "brand:ru": "Лукойл", "brand:en": "Lukoil", "payment:cards": null, "fuel:octane_98": null, "fuel:lpg": null, "fuel:discount": null, "atm": null, "addr:street": null, "fuel:octane_100": "yes", "description": null, "toilets": "yes", "shop": "yes", "ref": "71924", "operator": "ООО \"ЛУКОЙЛ-Центрнефтепродукт\"", "opening_hours": "24/7", "name:en": "Lukoil", "name": "Лукойл", "fuel:octane_95": "yes", "fuel:octane_92": "yes", "fuel:diesel": "yes", "contact:website": "https://lukoil.ru/", "contact:phone": "+7 800 1000911;+7 963 2289637", "brand": "Лукойл" }, "geometry": { "type": "Point", "coordinates": [ 37.4887827, 54.1177247 ] } },
{ "type": "Feature", "properties": { "full_id": "n3240148887", "osm_id": "3240148887", "osm_type": "node", "amenity": "fuel", "email": null, "cafe": null, "self_service": null, "addr:postcode": null, "wifi": null, "internet_access:fee": null, "contact:vk": null, "barrier": null, "fuel:biogas": null, "fuel:octane_91": null, "fuel:e85": null, "fuel:e10": null, "fuel:biodiesel": null, "fuel:GTL_diesel": null, "fuel:1_50": null, "fuel:1_25": null, "addr:place": null, "name:hy": null, "fuel:cng": null, "phone": null, "payment:cash": null, "fuel:octane": null, "owner": null, "fuel:HGV_diesel": null, "wheelchair": null, "addr:housenumber": null, "addr:city": null, "payment:debit_cards": null, "payment:visa_electron": null, "payment:visa_debit": null, "payment:visa": null, "payment:mastercard": null, "payment:maestro": null, "payment:credit_cards": null, "website": null, "fuel:octane_80": null, "internet_access": null, "contact:email": "hotline@lukoil.com", "compressed_air": null, "brand:wikipedia": null, "name:ru": "Лукойл", "kiosk": null, "brand:wikidata": null, "brand:ru": null, "brand:en": null, "payment:cards": null, "fuel:octane_98": null, "fuel:lpg": null, "fuel:discount": null, "atm": null, "addr:street": null, "fuel:octane_100": null, "description": null, "toilets": null, "shop": null, "ref": "71917", "operator": "ООО \"ЛУКОЙЛ-Центрнефтепродукт\"", "opening_hours": "24/7", "name:en": "Lukoil", "name": "Лукойл", "fuel:octane_95": "yes", "fuel:octane_92": "yes", "fuel:diesel": "yes", "contact:website": "https://lukoil.ru/", "contact:phone": "+7 487 2396888;+7 800 1000911", "brand": "Лукойл" }, "geometry": { "type": "Point", "coordinates": [ 37.5382205, 54.1914438 ] } },
{ "type": "Feature", "properties": { "full_id": "n3242434108", "osm_id": "3242434108", "osm_type": "node", "amenity": "fuel", "email": null, "cafe": null, "self_service": null, "addr:postcode": null, "wifi": null, "internet_access:fee": null, "contact:vk": null, "barrier": null, "fuel:biogas": null, "fuel:octane_91": null, "fuel:e85": null, "fuel:e10": null, "fuel:biodiesel": null, "fuel:GTL_diesel": null, "fuel:1_50": null, "fuel:1_25": null, "addr:place": null, "name:hy": null, "fuel:cng": null, "phone": null, "payment:cash": null, "fuel:octane": null, "owner": null, "fuel:HGV_diesel": null, "wheelchair": null, "addr:housenumber": null, "addr:city": "Фёдоровское сельское поселение", "payment:debit_cards": null, "payment:visa_electron": null, "payment:visa_debit": null, "payment:visa": null, "payment:mastercard": null, "payment:maestro": null, "payment:credit_cards": null, "website": null, "fuel:octane_80": null, "internet_access": null, "contact:email": "hotline@lukoil.com", "compressed_air": null, "brand:wikipedia": null, "name:ru": "Лукойл", "kiosk": null, "brand:wikidata": null, "brand:ru": null, "brand:en": null, "payment:cards": null, "fuel:octane_98": null, "fuel:lpg": null, "fuel:discount": null, "atm": null, "addr:street": null, "fuel:octane_100": null, "description": null, "toilets": "yes", "shop": "yes", "ref": "71901", "operator": "ООО \"ЛУКОЙЛ-Центрнефтепродукт\"", "opening_hours": "24/7", "name:en": "Lukoil", "name": "Лукойл", "fuel:octane_95": "yes", "fuel:octane_92": "yes", "fuel:diesel": "yes", "contact:website": "https://lukoil.ru/", "contact:phone": "+7 487 2396642;+7 800 1000911", "brand": "Лукойл" }, "geometry": { "type": "Point", "coordinates": [ 37.5318024, 54.205097 ] } },
{ "type": "Feature", "properties": { "full_id": "n3690253824", "osm_id": "3690253824", "osm_type": "node", "amenity": "fuel", "email": null, "cafe": null, "self_service": null, "addr:postcode": null, "wifi": null, "internet_access:fee": null, "contact:vk": null, "barrier": null, "fuel:biogas": null, "fuel:octane_91": null, "fuel:e85": null, "fuel:e10": null, "fuel:biodiesel": null, "fuel:GTL_diesel": null, "fuel:1_50": null, "fuel:1_25": null, "addr:place": null, "name:hy": null, "fuel:cng": null, "phone": null, "payment:cash": null, "fuel:octane": null, "owner": null, "fuel:HGV_diesel": null, "wheelchair": null, "addr:housenumber": null, "addr:city": null, "payment:debit_cards": null, "payment:visa_electron": null, "payment:visa_debit": null, "payment:visa": null, "payment:mastercard": null, "payment:maestro": null, "payment:credit_cards": null, "website": null, "fuel:octane_80": null, "internet_access": null, "contact:email": null, "compressed_air": null, "brand:wikipedia": null, "name:ru": null, "kiosk": null, "brand:wikidata": "Q110716465", "brand:ru": null, "brand:en": null, "payment:cards": null, "fuel:octane_98": null, "fuel:lpg": null, "fuel:discount": null, "atm": null, "addr:street": null, "fuel:octane_100": null, "description": null, "toilets": null, "shop": null, "ref": null, "operator": "Роснефть", "opening_hours": null, "name:en": null, "name": "Shell", "fuel:octane_95": null, "fuel:octane_92": null, "fuel:diesel": null, "contact:website": null, "contact:phone": null, "brand": "Shell" }, "geometry": { "type": "Point", "coordinates": [ 37.5006414, 54.2507978 ] } },
{ "type": "Feature", "properties": { "full_id": "n4703510983", "osm_id": "4703510983", "osm_type": "node", "amenity": "fuel", "email": null, "cafe": null, "self_service": null, "addr:postcode": "300005", "wifi": null, "internet_access:fee": null, "contact:vk": null, "barrier": null, "fuel:biogas": null, "fuel:octane_91": null, "fuel:e85": null, "fuel:e10": null, "fuel:biodiesel": null, "fuel:GTL_diesel": null, "fuel:1_50": null, "fuel:1_25": null, "addr:place": null, "name:hy": null, "fuel:cng": null, "phone": null, "payment:cash": null, "fuel:octane": null, "owner": null, "fuel:HGV_diesel": null, "wheelchair": null, "addr:housenumber": "15", "addr:city": "Тула", "payment:debit_cards": null, "payment:visa_electron": null, "payment:visa_debit": null, "payment:visa": null, "payment:mastercard": null, "payment:maestro": null, "payment:credit_cards": null, "website": null, "fuel:octane_80": null, "internet_access": null, "contact:email": null, "compressed_air": null, "brand:wikipedia": null, "name:ru": "Роснефть", "kiosk": null, "brand:wikidata": null, "brand:ru": null, "brand:en": null, "payment:cards": null, "fuel:octane_98": null, "fuel:lpg": null, "fuel:discount": null, "atm": null, "addr:street": "Нижняя Упская улица", "fuel:octane_100": null, "description": null, "toilets": null, "shop": null, "ref": "72", "operator": null, "opening_hours": "24/7", "name:en": "Rosneft", "name": "Роснефть", "fuel:octane_95": "yes", "fuel:octane_92": "yes", "fuel:diesel": "yes", "contact:website": null, "contact:phone": null, "brand": null }, "geometry": { "type": "Point", "coordinates": [ 37.5756464, 54.2084308 ] } },
{ "type": "Feature", "properties": { "full_id": "n5201590313", "osm_id": "5201590313", "osm_type": "node", "amenity": "fuel", "email": null, "cafe": null, "self_service": null, "addr:postcode": null, "wifi": null, "internet_access:fee": null, "contact:vk": null, "barrier": null, "fuel:biogas": null, "fuel:octane_91": null, "fuel:e85": null, "fuel:e10": null, "fuel:biodiesel": null, "fuel:GTL_diesel": null, "fuel:1_50": null, "fuel:1_25": null, "addr:place": null, "name:hy": null, "fuel:cng": null, "phone": null, "payment:cash": null, "fuel:octane": null, "owner": null, "fuel:HGV_diesel": null, "wheelchair": null, "addr:housenumber": null, "addr:city": null, "payment:debit_cards": null, "payment:visa_electron": null, "payment:visa_debit": null, "payment:visa": null, "payment:mastercard": null, "payment:maestro": null, "payment:credit_cards": null, "website": null, "fuel:octane_80": null, "internet_access": null, "contact:email": null, "compressed_air": null, "brand:wikipedia": null, "name:ru": "Татнефть", "kiosk": null, "brand:wikidata": "Q1616858", "brand:ru": "Татнефть", "brand:en": "Tatneft", "payment:cards": null, "fuel:octane_98": null, "fuel:lpg": null, "fuel:discount": null, "atm": null, "addr:street": null, "fuel:octane_100": "no", "description": null, "toilets": null, "shop": null, "ref": "535", "operator": "ООО \"Татнефть-АЗС-Запад\"", "opening_hours": "24/7", "name:en": "Tatneft", "name": "Татнефть", "fuel:octane_95": "yes", "fuel:octane_92": "yes", "fuel:diesel": "yes", "contact:website": "https://azs.tatneft.ru/", "contact:phone": "+7 800 5555911", "brand": "Татнефть" }, "geometry": { "type": "Point", "coordinates": [ 37.4875767, 54.1075028 ] } },
{ "type": "Feature", "properties": { "full_id": "n5747288750", "osm_id": "5747288750", "osm_type": "node", "amenity": "fuel", "email": null, "cafe": null, "self_service": null, "addr:postcode": null, "wifi": null, "internet_access:fee": null, "contact:vk": null, "barrier": null, "fuel:biogas": null, "fuel:octane_91": null, "fuel:e85": null, "fuel:e10": null, "fuel:biodiesel": null, "fuel:GTL_diesel": null, "fuel:1_50": null, "fuel:1_25": null, "addr:place": null, "name:hy": null, "fuel:cng": null, "phone": null, "payment:cash": null, "fuel:octane": null, "owner": null, "fuel:HGV_diesel": null, "wheelchair": null, "addr:housenumber": null, "addr:city": null, "payment:debit_cards": null, "payment:visa_electron": null, "payment:visa_debit": null, "payment:visa": null, "payment:mastercard": null, "payment:maestro": null, "payment:credit_cards": null, "website": null, "fuel:octane_80": null, "internet_access": null, "contact:email": null, "compressed_air": null, "brand:wikipedia": "en:Gazprom Neft", "name:ru": null, "kiosk": null, "brand:wikidata": "Q1461799", "brand:ru": null, "brand:en": null, "payment:cards": null, "fuel:octane_98": null, "fuel:lpg": "yes", "fuel:discount": null, "atm": null, "addr:street": null, "fuel:octane_100": null, "description": null, "toilets": null, "shop": null, "ref": null, "operator": null, "opening_hours": null, "name:en": null, "name": "Газпромнефть", "fuel:octane_95": null, "fuel:octane_92": null, "fuel:diesel": null, "contact:website": null, "contact:phone": null, "brand": "Газпромнефть" }, "geometry": { "type": "Point", "coordinates": [ 37.5385191, 54.1913914 ] } },
{ "type": "Feature", "properties": { "full_id": "n776961474", "osm_id": "776961474", "osm_type": "node", "amenity": "fuel", "email": null, "cafe": null, "self_service": null, "addr:postcode": null, "wifi": null, "internet_access:fee": null, "contact:vk": null, "barrier": null, "fuel:biogas": null, "fuel:octane_91": null, "fuel:e85": null, "fuel:e10": null, "fuel:biodiesel": null, "fuel:GTL_diesel": null, "fuel:1_50": null, "fuel:1_25": null, "addr:place": null, "name:hy": null, "fuel:cng": null, "phone": null, "payment:cash": null, "fuel:octane": null, "owner": "ООО \"Тебойл рус\"", "fuel:HGV_diesel": null, "wheelchair": null, "addr:housenumber": null, "addr:city": null, "payment:debit_cards": null, "payment:visa_electron": null, "payment:visa_debit": null, "payment:visa": null, "payment:mastercard": null, "payment:maestro": null, "payment:credit_cards": null, "website": null, "fuel:octane_80": null, "internet_access": null, "contact:email": null, "compressed_air": null, "brand:wikipedia": null, "name:ru": null, "kiosk": null, "brand:wikidata": null, "brand:ru": null, "brand:en": null, "payment:cards": null, "fuel:octane_98": null, "fuel:lpg": null, "fuel:discount": null, "atm": null, "addr:street": null, "fuel:octane_100": null, "description": null, "toilets": null, "shop": null, "ref": null, "operator": null, "opening_hours": "24/7", "name:en": null, "name": "Teboil", "fuel:octane_95": null, "fuel:octane_92": null, "fuel:diesel": null, "contact:website": "https://azs.teboil.ru", "contact:phone": "+7 910 7041344", "brand": "Teboil" }, "geometry": { "type": "Point", "coordinates": [ 37.5460912, 54.3386691 ] } },
{ "type": "Feature", "properties": { "full_id": "n1059314433", "osm_id": "1059314433", "osm_type": "node", "amenity": "fuel", "email": null, "cafe": null, "self_service": null, "addr:postcode": null, "wifi": null, "internet_access:fee": null, "contact:vk": null, "barrier": null, "fuel:biogas": null, "fuel:octane_91": null, "fuel:e85": null, "fuel:e10": null, "fuel:biodiesel": null, "fuel:GTL_diesel": null, "fuel:1_50": null, "fuel:1_25": null, "addr:place": null, "name:hy": null, "fuel:cng": null, "phone": null, "payment:cash": null, "fuel:octane": null, "owner": null, "fuel:HGV_diesel": null, "wheelchair": null, "addr:housenumber": null, "addr:city": null, "payment:debit_cards": null, "payment:visa_electron": null, "payment:visa_debit": null, "payment:visa": null, "payment:mastercard": null, "payment:maestro": null, "payment:credit_cards": null, "website": null, "fuel:octane_80": null, "internet_access": "wlan", "contact:email": "hotline@lukoil.com", "compressed_air": "yes", "brand:wikipedia": null, "name:ru": "Лукойл", "kiosk": null, "brand:wikidata": null, "brand:ru": null, "brand:en": null, "payment:cards": null, "fuel:octane_98": null, "fuel:lpg": null, "fuel:discount": null, "atm": null, "addr:street": null, "fuel:octane_100": "yes", "description": null, "toilets": "yes", "shop": "yes", "ref": "71913", "operator": "ООО \"ЛУКОЙЛ-Центрнефтепродукт\"", "opening_hours": "24/7", "name:en": "Lukoil", "name": "Лукойл", "fuel:octane_95": "yes", "fuel:octane_92": "yes", "fuel:diesel": "yes", "contact:website": "https://lukoil.ru/", "contact:phone": "+7 800 1000911;+7 905 1122664", "brand": "Лукойл" }, "geometry": { "type": "Point", "coordinates": [ 37.6202224, 54.2032869 ] } },
{ "type": "Feature", "properties": { "full_id": "n3240182344", "osm_id": "3240182344", "osm_type": "node", "amenity": "fuel", "email": null, "cafe": null, "self_service": "yes", "addr:postcode": null, "wifi": null, "internet_access:fee": null, "contact:vk": null, "barrier": null, "fuel:biogas": null, "fuel:octane_91": null, "fuel:e85": null, "fuel:e10": null, "fuel:biodiesel": null, "fuel:GTL_diesel": null, "fuel:1_50": null, "fuel:1_25": null, "addr:place": null, "name:hy": null, "fuel:cng": null, "phone": null, "payment:cash": null, "fuel:octane": null, "owner": null, "fuel:HGV_diesel": null, "wheelchair": null, "addr:housenumber": "2А", "addr:city": null, "payment:debit_cards": null, "payment:visa_electron": null, "payment:visa_debit": null, "payment:visa": null, "payment:mastercard": null, "payment:maestro": null, "payment:credit_cards": null, "website": null, "fuel:octane_80": null, "internet_access": null, "contact:email": "hotline@lukoil.com", "compressed_air": null, "brand:wikipedia": null, "name:ru": "Лукойл", "kiosk": null, "brand:wikidata": null, "brand:ru": null, "brand:en": null, "payment:cards": null, "fuel:octane_98": null, "fuel:lpg": null, "fuel:discount": null, "atm": null, "addr:street": "Алексинское шоссе", "fuel:octane_100": "yes", "description": null, "toilets": null, "shop": null, "ref": "71925", "operator": "ООО \"ЛУКОЙЛ-Центрнефтепродукт\"", "opening_hours": "24/7", "name:en": "Lukoil", "name": "Лукойл", "fuel:octane_95": "yes", "fuel:octane_92": "yes", "fuel:diesel": "yes", "contact:website": "https://lukoil.ru/", "contact:phone": "+7 800 1000911", "brand": "Лукойл" }, "geometry": { "type": "Point", "coordinates": [ 37.592901, 54.2185335 ] } },
{ "type": "Feature", "properties": { "full_id": "n3812933089", "osm_id": "3812933089", "osm_type": "node", "amenity": "fuel", "email": null, "cafe": null, "self_service": null, "addr:postcode": null, "wifi": null, "internet_access:fee": null, "contact:vk": null, "barrier": null, "fuel:biogas": null, "fuel:octane_91": null, "fuel:e85": null, "fuel:e10": null, "fuel:biodiesel": null, "fuel:GTL_diesel": null, "fuel:1_50": null, "fuel:1_25": null, "addr:place": null, "name:hy": null, "fuel:cng": null, "phone": null, "payment:cash": null, "fuel:octane": null, "owner": null, "fuel:HGV_diesel": null, "wheelchair": null, "addr:housenumber": "301", "addr:city": null, "payment:debit_cards": null, "payment:visa_electron": null, "payment:visa_debit": null, "payment:visa": null, "payment:mastercard": null, "payment:maestro": null, "payment:credit_cards": null, "website": null, "fuel:octane_80": null, "internet_access": null, "contact:email": null, "compressed_air": null, "brand:wikipedia": null, "name:ru": null, "kiosk": null, "brand:wikidata": null, "brand:ru": null, "brand:en": null, "payment:cards": null, "fuel:octane_98": null, "fuel:lpg": null, "fuel:discount": null, "atm": null, "addr:street": "Октябрьская улица", "fuel:octane_100": null, "description": null, "toilets": null, "shop": null, "ref": null, "operator": null, "opening_hours": null, "name:en": null, "name": "Туланефтепродукт", "fuel:octane_95": null, "fuel:octane_92": null, "fuel:diesel": null, "contact:website": null, "contact:phone": null, "brand": null }, "geometry": { "type": "Point", "coordinates": [ 37.6179454, 54.2424285 ] } },
{ "type": "Feature", "properties": { "full_id": "n3812933092", "osm_id": "3812933092", "osm_type": "node", "amenity": "fuel", "email": null, "cafe": null, "self_service": null, "addr:postcode": null, "wifi": null, "internet_access:fee": null, "contact:vk": null, "barrier": null, "fuel:biogas": null, "fuel:octane_91": null, "fuel:e85": null, "fuel:e10": null, "fuel:biodiesel": null, "fuel:GTL_diesel": null, "fuel:1_50": null, "fuel:1_25": null, "addr:place": null, "name:hy": null, "fuel:cng": null, "phone": null, "payment:cash": "yes", "fuel:octane": null, "owner": null, "fuel:HGV_diesel": null, "wheelchair": null, "addr:housenumber": "307", "addr:city": "Тула", "payment:debit_cards": null, "payment:visa_electron": null, "payment:visa_debit": null, "payment:visa": null, "payment:mastercard": null, "payment:maestro": null, "payment:credit_cards": null, "website": null, "fuel:octane_80": null, "internet_access": null, "contact:email": null, "compressed_air": null, "brand:wikipedia": null, "name:ru": null, "kiosk": null, "brand:wikidata": null, "brand:ru": null, "brand:en": null, "payment:cards": "yes", "fuel:octane_98": null, "fuel:lpg": "yes", "fuel:discount": null, "atm": null, "addr:street": "Октябрьская улица", "fuel:octane_100": null, "description": null, "toilets": null, "shop": null, "ref": null, "operator": null, "opening_hours": "24/7", "name:en": null, "name": "АГЗС", "fuel:octane_95": null, "fuel:octane_92": null, "fuel:diesel": null, "contact:website": null, "contact:phone": null, "brand": "Кимовскгазстрой" }, "geometry": { "type": "Point", "coordinates": [ 37.6173607, 54.2432697 ] } },
{ "type": "Feature", "properties": { "full_id": "n4349128789", "osm_id": "4349128789", "osm_type": "node", "amenity": "fuel", "email": null, "cafe": null, "self_service": null, "addr:postcode": null, "wifi": null, "internet_access:fee": null, "contact:vk": null, "barrier": null, "fuel:biogas": null, "fuel:octane_91": null, "fuel:e85": null, "fuel:e10": null, "fuel:biodiesel": null, "fuel:GTL_diesel": null, "fuel:1_50": null, "fuel:1_25": null, "addr:place": null, "name:hy": null, "fuel:cng": null, "phone": null, "payment:cash": null, "fuel:octane": null, "owner": null, "fuel:HGV_diesel": null, "wheelchair": null, "addr:housenumber": "151", "addr:city": null, "payment:debit_cards": null, "payment:visa_electron": null, "payment:visa_debit": null, "payment:visa": null, "payment:mastercard": null, "payment:maestro": null, "payment:credit_cards": null, "website": null, "fuel:octane_80": null, "internet_access": null, "contact:email": null, "compressed_air": null, "brand:wikipedia": null, "name:ru": null, "kiosk": null, "brand:wikidata": null, "brand:ru": null, "brand:en": null, "payment:cards": null, "fuel:octane_98": null, "fuel:lpg": null, "fuel:discount": null, "atm": null, "addr:street": "улица Пузакова", "fuel:octane_100": null, "description": null, "toilets": null, "shop": null, "ref": null, "operator": null, "opening_hours": null, "name:en": null, "name": "Коста", "fuel:octane_95": null, "fuel:octane_92": null, "fuel:diesel": null, "contact:website": null, "contact:phone": null, "brand": null }, "geometry": { "type": "Point", "coordinates": [ 37.6081044, 54.2207382 ] } },
{ "type": "Feature", "properties": { "full_id": "n4586604029", "osm_id": "4586604029", "osm_type": "node", "amenity": "fuel", "email": null, "cafe": null, "self_service": null, "addr:postcode": null, "wifi": null, "internet_access:fee": null, "contact:vk": null, "barrier": null, "fuel:biogas": null, "fuel:octane_91": null, "fuel:e85": null, "fuel:e10": null, "fuel:biodiesel": null, "fuel:GTL_diesel": null, "fuel:1_50": null, "fuel:1_25": null, "addr:place": null, "name:hy": null, "fuel:cng": null, "phone": null, "payment:cash": null, "fuel:octane": null, "owner": null, "fuel:HGV_diesel": null, "wheelchair": null, "addr:housenumber": null, "addr:city": null, "payment:debit_cards": null, "payment:visa_electron": null, "payment:visa_debit": null, "payment:visa": null, "payment:mastercard": null, "payment:maestro": null, "payment:credit_cards": null, "website": null, "fuel:octane_80": null, "internet_access": null, "contact:email": null, "compressed_air": null, "brand:wikipedia": null, "name:ru": null, "kiosk": null, "brand:wikidata": null, "brand:ru": null, "brand:en": null, "payment:cards": null, "fuel:octane_98": null, "fuel:lpg": null, "fuel:discount": null, "atm": null, "addr:street": null, "fuel:octane_100": null, "description": null, "toilets": null, "shop": null, "ref": null, "operator": null, "opening_hours": null, "name:en": null, "name": "Красные ворота", "fuel:octane_95": null, "fuel:octane_92": null, "fuel:diesel": null, "contact:website": null, "contact:phone": null, "brand": null }, "geometry": { "type": "Point", "coordinates": [ 37.6008678, 54.2654756 ] } },
{ "type": "Feature", "properties": { "full_id": "n4849880734", "osm_id": "4849880734", "osm_type": "node", "amenity": "fuel", "email": null, "cafe": null, "self_service": null, "addr:postcode": null, "wifi": null, "internet_access:fee": null, "contact:vk": null, "barrier": null, "fuel:biogas": null, "fuel:octane_91": null, "fuel:e85": null, "fuel:e10": null, "fuel:biodiesel": null, "fuel:GTL_diesel": null, "fuel:1_50": null, "fuel:1_25": null, "addr:place": null, "name:hy": null, "fuel:cng": "no", "phone": null, "payment:cash": null, "fuel:octane": null, "owner": null, "fuel:HGV_diesel": null, "wheelchair": null, "addr:housenumber": null, "addr:city": null, "payment:debit_cards": null, "payment:visa_electron": null, "payment:visa_debit": null, "payment:visa": null, "payment:mastercard": null, "payment:maestro": null, "payment:credit_cards": null, "website": null, "fuel:octane_80": null, "internet_access": null, "contact:email": null, "compressed_air": null, "brand:wikipedia": null, "name:ru": null, "kiosk": null, "brand:wikidata": null, "brand:ru": null, "brand:en": null, "payment:cards": null, "fuel:octane_98": null, "fuel:lpg": "yes", "fuel:discount": null, "atm": null, "addr:street": null, "fuel:octane_100": null, "description": null, "toilets": null, "shop": null, "ref": null, "operator": null, "opening_hours": null, "name:en": null, "name": "АГЗС", "fuel:octane_95": null, "fuel:octane_92": null, "fuel:diesel": null, "contact:website": null, "contact:phone": null, "brand": "АГЗС" }, "geometry": { "type": "Point", "coordinates": [ 37.5002181, 54.4153598 ] } },
{ "type": "Feature", "properties": { "full_id": "n10661048176", "osm_id": "10661048176", "osm_type": "node", "amenity": "fuel", "email": null, "cafe": null, "self_service": "no", "addr:postcode": "300901", "wifi": null, "internet_access:fee": null, "contact:vk": null, "barrier": null, "fuel:biogas": null, "fuel:octane_91": null, "fuel:e85": null, "fuel:e10": null, "fuel:biodiesel": null, "fuel:GTL_diesel": null, "fuel:1_50": null, "fuel:1_25": null, "addr:place": null, "name:hy": null, "fuel:cng": null, "phone": null, "payment:cash": null, "fuel:octane": null, "owner": null, "fuel:HGV_diesel": null, "wheelchair": null, "addr:housenumber": "2В/1", "addr:city": "Тула", "payment:debit_cards": null, "payment:visa_electron": null, "payment:visa_debit": null, "payment:visa": null, "payment:mastercard": null, "payment:maestro": null, "payment:credit_cards": null, "website": "https://azsgazprom.ru/", "fuel:octane_80": null, "internet_access": null, "contact:email": null, "compressed_air": null, "brand:wikipedia": "en:Gazprom Neft", "name:ru": null, "kiosk": null, "brand:wikidata": "Q1461799", "brand:ru": null, "brand:en": null, "payment:cards": null, "fuel:octane_98": null, "fuel:lpg": null, "fuel:discount": null, "atm": null, "addr:street": "Московское шоссе", "fuel:octane_100": null, "description": null, "toilets": null, "shop": null, "ref": null, "operator": "Газпром", "opening_hours": null, "name:en": null, "name": "Газпромнефть", "fuel:octane_95": "yes", "fuel:octane_92": "yes", "fuel:diesel": "yes", "contact:website": null, "contact:phone": null, "brand": "Газпромнефть" }, "geometry": { "type": "Point", "coordinates": [ 37.6099596, 54.2518114 ] } },
{ "type": "Feature", "properties": { "full_id": "n543374309", "osm_id": "543374309", "osm_type": "node", "amenity": "fuel", "email": null, "cafe": null, "self_service": null, "addr:postcode": null, "wifi": null, "internet_access:fee": null, "contact:vk": null, "barrier": null, "fuel:biogas": null, "fuel:octane_91": null, "fuel:e85": null, "fuel:e10": null, "fuel:biodiesel": null, "fuel:GTL_diesel": null, "fuel:1_50": null, "fuel:1_25": null, "addr:place": null, "name:hy": null, "fuel:cng": null, "phone": null, "payment:cash": null, "fuel:octane": null, "owner": null, "fuel:HGV_diesel": null, "wheelchair": null, "addr:housenumber": null, "addr:city": null, "payment:debit_cards": null, "payment:visa_electron": null, "payment:visa_debit": null, "payment:visa": null, "payment:mastercard": null, "payment:maestro": null, "payment:credit_cards": null, "website": "https://www.rosneft.ru/", "fuel:octane_80": null, "internet_access": null, "contact:email": null, "compressed_air": null, "brand:wikipedia": "ru:Роснефть", "name:ru": "Роснефть", "kiosk": null, "brand:wikidata": "Q1141123", "brand:ru": "Роснефть", "brand:en": "Rosneft", "payment:cards": null, "fuel:octane_98": null, "fuel:lpg": null, "fuel:discount": null, "atm": null, "addr:street": null, "fuel:octane_100": null, "description": null, "toilets": null, "shop": null, "ref": null, "operator": "Роснефть", "opening_hours": null, "name:en": "Rosneft", "name": "Роснефть", "fuel:octane_95": null, "fuel:octane_92": null, "fuel:diesel": null, "contact:website": null, "contact:phone": null, "brand": "Роснефть" }, "geometry": { "type": "Point", "coordinates": [ 37.9097572, 54.0206406 ] } },
{ "type": "Feature", "properties": { "full_id": "n543374310", "osm_id": "543374310", "osm_type": "node", "amenity": "fuel", "email": null, "cafe": null, "self_service": null, "addr:postcode": null, "wifi": null, "internet_access:fee": null, "contact:vk": null, "barrier": null, "fuel:biogas": null, "fuel:octane_91": null, "fuel:e85": null, "fuel:e10": null, "fuel:biodiesel": null, "fuel:GTL_diesel": null, "fuel:1_50": null, "fuel:1_25": null, "addr:place": null, "name:hy": null, "fuel:cng": null, "phone": null, "payment:cash": null, "fuel:octane": null, "owner": "ООО \"Тебойл рус\"", "fuel:HGV_diesel": null, "wheelchair": null, "addr:housenumber": null, "addr:city": null, "payment:debit_cards": null, "payment:visa_electron": null, "payment:visa_debit": null, "payment:visa": null, "payment:mastercard": null, "payment:maestro": null, "payment:credit_cards": null, "website": null, "fuel:octane_80": null, "internet_access": null, "contact:email": null, "compressed_air": null, "brand:wikipedia": null, "name:ru": null, "kiosk": null, "brand:wikidata": null, "brand:ru": null, "brand:en": null, "payment:cards": null, "fuel:octane_98": "yes", "fuel:lpg": null, "fuel:discount": null, "atm": null, "addr:street": null, "fuel:octane_100": null, "description": null, "toilets": null, "shop": null, "ref": null, "operator": null, "opening_hours": "24/7", "name:en": null, "name": "Teboil", "fuel:octane_95": "yes", "fuel:octane_92": "yes", "fuel:diesel": "yes", "contact:website": "https://azs.teboil.ru", "contact:phone": "+7 910 7041346", "brand": "Teboil" }, "geometry": { "type": "Point", "coordinates": [ 37.9132918, 54.0205767 ] } },
{ "type": "Feature", "properties": { "full_id": "n1599038724", "osm_id": "1599038724", "osm_type": "node", "amenity": "fuel", "email": null, "cafe": null, "self_service": null, "addr:postcode": null, "wifi": null, "internet_access:fee": null, "contact:vk": null, "barrier": null, "fuel:biogas": null, "fuel:octane_91": null, "fuel:e85": null, "fuel:e10": null, "fuel:biodiesel": null, "fuel:GTL_diesel": null, "fuel:1_50": null, "fuel:1_25": null, "addr:place": null, "name:hy": null, "fuel:cng": null, "phone": null, "payment:cash": null, "fuel:octane": null, "owner": null, "fuel:HGV_diesel": null, "wheelchair": null, "addr:housenumber": null, "addr:city": null, "payment:debit_cards": null, "payment:visa_electron": null, "payment:visa_debit": null, "payment:visa": null, "payment:mastercard": null, "payment:maestro": null, "payment:credit_cards": null, "website": null, "fuel:octane_80": null, "internet_access": null, "contact:email": null, "compressed_air": null, "brand:wikipedia": null, "name:ru": null, "kiosk": null, "brand:wikidata": null, "brand:ru": null, "brand:en": null, "payment:cards": null, "fuel:octane_98": null, "fuel:lpg": null, "fuel:discount": null, "atm": null, "addr:street": null, "fuel:octane_100": null, "description": null, "toilets": null, "shop": null, "ref": null, "operator": null, "opening_hours": null, "name:en": null, "name": "Паркойл №12", "fuel:octane_95": null, "fuel:octane_92": null, "fuel:diesel": null, "contact:website": null, "contact:phone": null, "brand": null }, "geometry": { "type": "Point", "coordinates": [ 38.011416, 54.0196879 ] } },
{ "type": "Feature", "properties": { "full_id": "n1690275390", "osm_id": "1690275390", "osm_type": "node", "amenity": "fuel", "email": null, "cafe": null, "self_service": null, "addr:postcode": null, "wifi": null, "internet_access:fee": null, "contact:vk": null, "barrier": null, "fuel:biogas": null, "fuel:octane_91": null, "fuel:e85": null, "fuel:e10": null, "fuel:biodiesel": null, "fuel:GTL_diesel": null, "fuel:1_50": null, "fuel:1_25": null, "addr:place": null, "name:hy": null, "fuel:cng": null, "phone": null, "payment:cash": null, "fuel:octane": null, "owner": null, "fuel:HGV_diesel": null, "wheelchair": null, "addr:housenumber": null, "addr:city": null, "payment:debit_cards": null, "payment:visa_electron": null, "payment:visa_debit": null, "payment:visa": null, "payment:mastercard": null, "payment:maestro": null, "payment:credit_cards": null, "website": null, "fuel:octane_80": null, "internet_access": null, "contact:email": null, "compressed_air": null, "brand:wikipedia": "ru:Роснефть", "name:ru": "Роснефть", "kiosk": null, "brand:wikidata": "Q1141123", "brand:ru": "Роснефть", "brand:en": "Rosneft", "payment:cards": null, "fuel:octane_98": null, "fuel:lpg": null, "fuel:discount": null, "atm": null, "addr:street": null, "fuel:octane_100": null, "description": null, "toilets": null, "shop": null, "ref": null, "operator": "Роснефть", "opening_hours": null, "name:en": "Rosneft", "name": "Роснефть", "fuel:octane_95": null, "fuel:octane_92": null, "fuel:diesel": null, "contact:website": null, "contact:phone": null, "brand": "Роснефть" }, "geometry": { "type": "Point", "coordinates": [ 37.9062684, 54.0197181 ] } },
{ "type": "Feature", "properties": { "full_id": "n1701530983", "osm_id": "1701530983", "osm_type": "node", "amenity": "fuel", "email": null, "cafe": null, "self_service": null, "addr:postcode": null, "wifi": null, "internet_access:fee": null, "contact:vk": null, "barrier": null, "fuel:biogas": null, "fuel:octane_91": null, "fuel:e85": null, "fuel:e10": null, "fuel:biodiesel": null, "fuel:GTL_diesel": null, "fuel:1_50": null, "fuel:1_25": null, "addr:place": null, "name:hy": null, "fuel:cng": null, "phone": null, "payment:cash": null, "fuel:octane": null, "owner": "ООО \"Тебойл рус\"", "fuel:HGV_diesel": null, "wheelchair": null, "addr:housenumber": null, "addr:city": null, "payment:debit_cards": null, "payment:visa_electron": null, "payment:visa_debit": null, "payment:visa": null, "payment:mastercard": null, "payment:maestro": null, "payment:credit_cards": null, "website": null, "fuel:octane_80": null, "internet_access": null, "contact:email": null, "compressed_air": null, "brand:wikipedia": null, "name:ru": null, "kiosk": null, "brand:wikidata": null, "brand:ru": null, "brand:en": null, "payment:cards": null, "fuel:octane_98": null, "fuel:lpg": null, "fuel:discount": null, "atm": null, "addr:street": null, "fuel:octane_100": null, "description": null, "toilets": null, "shop": null, "ref": null, "operator": null, "opening_hours": "24/7", "name:en": null, "name": "Teboil", "fuel:octane_95": null, "fuel:octane_92": null, "fuel:diesel": null, "contact:website": "https://azs.teboil.ru", "contact:phone": "+7 910 7041353", "brand": "Teboil" }, "geometry": { "type": "Point", "coordinates": [ 37.802328, 54.0609833 ] } },
{ "type": "Feature", "properties": { "full_id": "n2207851022", "osm_id": "2207851022", "osm_type": "node", "amenity": "fuel", "email": null, "cafe": null, "self_service": null, "addr:postcode": null, "wifi": null, "internet_access:fee": null, "contact:vk": null, "barrier": null, "fuel:biogas": null, "fuel:octane_91": null, "fuel:e85": null, "fuel:e10": null, "fuel:biodiesel": null, "fuel:GTL_diesel": null, "fuel:1_50": null, "fuel:1_25": null, "addr:place": null, "name:hy": null, "fuel:cng": null, "phone": null, "payment:cash": null, "fuel:octane": null, "owner": null, "fuel:HGV_diesel": null, "wheelchair": null, "addr:housenumber": null, "addr:city": null, "payment:debit_cards": null, "payment:visa_electron": null, "payment:visa_debit": null, "payment:visa": null, "payment:mastercard": null, "payment:maestro": null, "payment:credit_cards": null, "website": null, "fuel:octane_80": null, "internet_access": null, "contact:email": null, "compressed_air": null, "brand:wikipedia": null, "name:ru": null, "kiosk": null, "brand:wikidata": null, "brand:ru": null, "brand:en": null, "payment:cards": null, "fuel:octane_98": null, "fuel:lpg": "yes", "fuel:discount": null, "atm": null, "addr:street": null, "fuel:octane_100": null, "description": null, "toilets": null, "shop": null, "ref": null, "operator": null, "opening_hours": null, "name:en": null, "name": null, "fuel:octane_95": null, "fuel:octane_92": null, "fuel:diesel": null, "contact:website": null, "contact:phone": null, "brand": null }, "geometry": { "type": "Point", "coordinates": [ 37.4899059, 54.033342 ] } },
{ "type": "Feature", "properties": { "full_id": "n2773485947", "osm_id": "2773485947", "osm_type": "node", "amenity": "fuel", "email": null, "cafe": null, "self_service": null, "addr:postcode": null, "wifi": null, "internet_access:fee": null, "contact:vk": null, "barrier": null, "fuel:biogas": null, "fuel:octane_91": null, "fuel:e85": null, "fuel:e10": null, "fuel:biodiesel": null, "fuel:GTL_diesel": null, "fuel:1_50": null, "fuel:1_25": null, "addr:place": null, "name:hy": null, "fuel:cng": null, "phone": null, "payment:cash": null, "fuel:octane": null, "owner": null, "fuel:HGV_diesel": null, "wheelchair": null, "addr:housenumber": null, "addr:city": null, "payment:debit_cards": null, "payment:visa_electron": null, "payment:visa_debit": null, "payment:visa": null, "payment:mastercard": null, "payment:maestro": null, "payment:credit_cards": null, "website": null, "fuel:octane_80": null, "internet_access": null, "contact:email": null, "compressed_air": null, "brand:wikipedia": null, "name:ru": null, "kiosk": null, "brand:wikidata": null, "brand:ru": null, "brand:en": null, "payment:cards": null, "fuel:octane_98": null, "fuel:lpg": null, "fuel:discount": null, "atm": null, "addr:street": null, "fuel:octane_100": null, "description": null, "toilets": null, "shop": null, "ref": null, "operator": null, "opening_hours": null, "name:en": null, "name": "ТКБ", "fuel:octane_95": "yes", "fuel:octane_92": "yes", "fuel:diesel": "yes", "contact:website": null, "contact:phone": null, "brand": null }, "geometry": { "type": "Point", "coordinates": [ 37.9280953, 54.0183832 ] } },
{ "type": "Feature", "properties": { "full_id": "n3741545204", "osm_id": "3741545204", "osm_type": "node", "amenity": "fuel", "email": null, "cafe": null, "self_service": null, "addr:postcode": null, "wifi": null, "internet_access:fee": null, "contact:vk": null, "barrier": null, "fuel:biogas": null, "fuel:octane_91": null, "fuel:e85": null, "fuel:e10": null, "fuel:biodiesel": null, "fuel:GTL_diesel": null, "fuel:1_50": null, "fuel:1_25": null, "addr:place": null, "name:hy": null, "fuel:cng": null, "phone": null, "payment:cash": null, "fuel:octane": null, "owner": null, "fuel:HGV_diesel": null, "wheelchair": null, "addr:housenumber": null, "addr:city": null, "payment:debit_cards": null, "payment:visa_electron": null, "payment:visa_debit": null, "payment:visa": null, "payment:mastercard": null, "payment:maestro": null, "payment:credit_cards": null, "website": null, "fuel:octane_80": null, "internet_access": null, "contact:email": null, "compressed_air": null, "brand:wikipedia": null, "name:ru": null, "kiosk": null, "brand:wikidata": null, "brand:ru": null, "brand:en": null, "payment:cards": null, "fuel:octane_98": null, "fuel:lpg": null, "fuel:discount": null, "atm": null, "addr:street": null, "fuel:octane_100": null, "description": null, "toilets": null, "shop": null, "ref": null, "operator": null, "opening_hours": null, "name:en": null, "name": null, "fuel:octane_95": null, "fuel:octane_92": null, "fuel:diesel": null, "contact:website": null, "contact:phone": null, "brand": null }, "geometry": { "type": "Point", "coordinates": [ 37.8020385, 54.0619481 ] } },
{ "type": "Feature", "properties": { "full_id": "n7512485710", "osm_id": "7512485710", "osm_type": "node", "amenity": "fuel", "email": null, "cafe": "yes", "self_service": null, "addr:postcode": null, "wifi": null, "internet_access:fee": null, "contact:vk": null, "barrier": null, "fuel:biogas": null, "fuel:octane_91": null, "fuel:e85": null, "fuel:e10": null, "fuel:biodiesel": null, "fuel:GTL_diesel": null, "fuel:1_50": null, "fuel:1_25": null, "addr:place": null, "name:hy": null, "fuel:cng": null, "phone": null, "payment:cash": null, "fuel:octane": null, "owner": "ПАО «Газпром нефть»", "fuel:HGV_diesel": null, "wheelchair": null, "addr:housenumber": null, "addr:city": null, "payment:debit_cards": null, "payment:visa_electron": null, "payment:visa_debit": null, "payment:visa": null, "payment:mastercard": null, "payment:maestro": null, "payment:credit_cards": null, "website": null, "fuel:octane_80": null, "internet_access": null, "contact:email": null, "compressed_air": "yes", "brand:wikipedia": "en:Gazprom Neft", "name:ru": "Газпромнефть", "kiosk": null, "brand:wikidata": "Q1461799", "brand:ru": null, "brand:en": null, "payment:cards": null, "fuel:octane_98": null, "fuel:lpg": null, "fuel:discount": "Нам по пути", "atm": null, "addr:street": null, "fuel:octane_100": "yes", "description": null, "toilets": "yes", "shop": null, "ref": "351", "operator": null, "opening_hours": "24/7", "name:en": "Gazpromneft", "name": "Газпромнефть", "fuel:octane_95": "yes", "fuel:octane_92": "yes", "fuel:diesel": null, "contact:website": "https://www.gazprom-neft.ru", "contact:phone": null, "brand": "Газпромнефть" }, "geometry": { "type": "Point", "coordinates": [ 37.4893363, 54.0460658 ] } },
{ "type": "Feature", "properties": { "full_id": "n623901055", "osm_id": "623901055", "osm_type": "node", "amenity": "fuel", "email": null, "cafe": null, "self_service": null, "addr:postcode": null, "wifi": null, "internet_access:fee": null, "contact:vk": null, "barrier": null, "fuel:biogas": null, "fuel:octane_91": null, "fuel:e85": null, "fuel:e10": null, "fuel:biodiesel": null, "fuel:GTL_diesel": null, "fuel:1_50": null, "fuel:1_25": null, "addr:place": null, "name:hy": null, "fuel:cng": null, "phone": null, "payment:cash": null, "fuel:octane": null, "owner": null, "fuel:HGV_diesel": null, "wheelchair": null, "addr:housenumber": null, "addr:city": null, "payment:debit_cards": null, "payment:visa_electron": null, "payment:visa_debit": null, "payment:visa": null, "payment:mastercard": null, "payment:maestro": null, "payment:credit_cards": null, "website": null, "fuel:octane_80": null, "internet_access": null, "contact:email": null, "compressed_air": null, "brand:wikipedia": null, "name:ru": null, "kiosk": null, "brand:wikidata": null, "brand:ru": null, "brand:en": null, "payment:cards": null, "fuel:octane_98": null, "fuel:lpg": null, "fuel:discount": null, "atm": null, "addr:street": null, "fuel:octane_100": null, "description": null, "toilets": null, "shop": null, "ref": null, "operator": null, "opening_hours": null, "name:en": null, "name": null, "fuel:octane_95": null, "fuel:octane_92": null, "fuel:diesel": null, "contact:website": null, "contact:phone": null, "brand": null }, "geometry": { "type": "Point", "coordinates": [ 37.1032152, 54.0995309 ] } },
{ "type": "Feature", "properties": { "full_id": "n1324645701", "osm_id": "1324645701", "osm_type": "node", "amenity": "fuel", "email": null, "cafe": null, "self_service": null, "addr:postcode": null, "wifi": null, "internet_access:fee": null, "contact:vk": null, "barrier": null, "fuel:biogas": null, "fuel:octane_91": null, "fuel:e85": null, "fuel:e10": null, "fuel:biodiesel": null, "fuel:GTL_diesel": null, "fuel:1_50": null, "fuel:1_25": null, "addr:place": null, "name:hy": null, "fuel:cng": null, "phone": null, "payment:cash": null, "fuel:octane": null, "owner": null, "fuel:HGV_diesel": null, "wheelchair": null, "addr:housenumber": null, "addr:city": null, "payment:debit_cards": null, "payment:visa_electron": null, "payment:visa_debit": null, "payment:visa": null, "payment:mastercard": null, "payment:maestro": null, "payment:credit_cards": null, "website": null, "fuel:octane_80": null, "internet_access": null, "contact:email": null, "compressed_air": null, "brand:wikipedia": null, "name:ru": null, "kiosk": null, "brand:wikidata": null, "brand:ru": null, "brand:en": null, "payment:cards": null, "fuel:octane_98": null, "fuel:lpg": null, "fuel:discount": null, "atm": null, "addr:street": null, "fuel:octane_100": null, "description": null, "toilets": null, "shop": null, "ref": null, "operator": null, "opening_hours": null, "name:en": null, "name": null, "fuel:octane_95": null, "fuel:octane_92": null, "fuel:diesel": null, "contact:website": null, "contact:phone": null, "brand": null }, "geometry": { "type": "Point", "coordinates": [ 37.4397824, 54.748592 ] } },
{ "type": "Feature", "properties": { "full_id": "n1965186302", "osm_id": "1965186302", "osm_type": "node", "amenity": "fuel", "email": null, "cafe": null, "self_service": null, "addr:postcode": null, "wifi": null, "internet_access:fee": null, "contact:vk": null, "barrier": null, "fuel:biogas": null, "fuel:octane_91": null, "fuel:e85": null, "fuel:e10": null, "fuel:biodiesel": null, "fuel:GTL_diesel": null, "fuel:1_50": null, "fuel:1_25": null, "addr:place": null, "name:hy": null, "fuel:cng": null, "phone": null, "payment:cash": null, "fuel:octane": null, "owner": null, "fuel:HGV_diesel": null, "wheelchair": null, "addr:housenumber": null, "addr:city": null, "payment:debit_cards": null, "payment:visa_electron": null, "payment:visa_debit": null, "payment:visa": null, "payment:mastercard": null, "payment:maestro": null, "payment:credit_cards": null, "website": null, "fuel:octane_80": null, "internet_access": null, "contact:email": null, "compressed_air": null, "brand:wikipedia": null, "name:ru": null, "kiosk": null, "brand:wikidata": null, "brand:ru": null, "brand:en": null, "payment:cards": null, "fuel:octane_98": null, "fuel:lpg": null, "fuel:discount": null, "atm": null, "addr:street": null, "fuel:octane_100": null, "description": null, "toilets": null, "shop": null, "ref": null, "operator": null, "opening_hours": null, "name:en": null, "name": "Нефть", "fuel:octane_95": null, "fuel:octane_92": null, "fuel:diesel": null, "contact:website": null, "contact:phone": null, "brand": null }, "geometry": { "type": "Point", "coordinates": [ 37.3725984, 54.7402282 ] } },
{ "type": "Feature", "properties": { "full_id": "n2333166662", "osm_id": "2333166662", "osm_type": "node", "amenity": "fuel", "email": null, "cafe": null, "self_service": null, "addr:postcode": null, "wifi": null, "internet_access:fee": null, "contact:vk": null, "barrier": null, "fuel:biogas": null, "fuel:octane_91": null, "fuel:e85": null, "fuel:e10": null, "fuel:biodiesel": null, "fuel:GTL_diesel": null, "fuel:1_50": null, "fuel:1_25": null, "addr:place": null, "name:hy": null, "fuel:cng": null, "phone": null, "payment:cash": null, "fuel:octane": null, "owner": null, "fuel:HGV_diesel": null, "wheelchair": null, "addr:housenumber": null, "addr:city": null, "payment:debit_cards": null, "payment:visa_electron": null, "payment:visa_debit": null, "payment:visa": null, "payment:mastercard": null, "payment:maestro": null, "payment:credit_cards": null, "website": null, "fuel:octane_80": null, "internet_access": "wlan", "contact:email": null, "compressed_air": null, "brand:wikipedia": null, "name:ru": null, "kiosk": null, "brand:wikidata": null, "brand:ru": null, "brand:en": null, "payment:cards": null, "fuel:octane_98": null, "fuel:lpg": null, "fuel:discount": null, "atm": null, "addr:street": null, "fuel:octane_100": null, "description": null, "toilets": null, "shop": "yes", "ref": null, "operator": null, "opening_hours": null, "name:en": null, "name": "B", "fuel:octane_95": null, "fuel:octane_92": null, "fuel:diesel": null, "contact:website": null, "contact:phone": null, "brand": null }, "geometry": { "type": "Point", "coordinates": [ 37.3950016, 54.7399258 ] } },
{ "type": "Feature", "properties": { "full_id": "n2333175063", "osm_id": "2333175063", "osm_type": "node", "amenity": "fuel", "email": null, "cafe": null, "self_service": null, "addr:postcode": null, "wifi": null, "internet_access:fee": null, "contact:vk": null, "barrier": null, "fuel:biogas": null, "fuel:octane_91": null, "fuel:e85": null, "fuel:e10": null, "fuel:biodiesel": null, "fuel:GTL_diesel": null, "fuel:1_50": null, "fuel:1_25": null, "addr:place": null, "name:hy": null, "fuel:cng": null, "phone": null, "payment:cash": null, "fuel:octane": null, "owner": null, "fuel:HGV_diesel": null, "wheelchair": null, "addr:housenumber": null, "addr:city": null, "payment:debit_cards": null, "payment:visa_electron": null, "payment:visa_debit": null, "payment:visa": null, "payment:mastercard": null, "payment:maestro": null, "payment:credit_cards": null, "website": null, "fuel:octane_80": null, "internet_access": null, "contact:email": null, "compressed_air": null, "brand:wikipedia": null, "name:ru": null, "kiosk": null, "brand:wikidata": null, "brand:ru": null, "brand:en": null, "payment:cards": null, "fuel:octane_98": null, "fuel:lpg": null, "fuel:discount": null, "atm": null, "addr:street": null, "fuel:octane_100": null, "description": null, "toilets": null, "shop": null, "ref": null, "operator": null, "opening_hours": null, "name:en": null, "name": "Лего-Ойл", "fuel:octane_95": "yes", "fuel:octane_92": "yes", "fuel:diesel": "yes", "contact:website": null, "contact:phone": null, "brand": null }, "geometry": { "type": "Point", "coordinates": [ 37.4044322, 54.7480944 ] } },
{ "type": "Feature", "properties": { "full_id": "n444819426", "osm_id": "444819426", "osm_type": "node", "amenity": "fuel", "email": null, "cafe": null, "self_service": null, "addr:postcode": null, "wifi": null, "internet_access:fee": null, "contact:vk": null, "barrier": null, "fuel:biogas": null, "fuel:octane_91": null, "fuel:e85": null, "fuel:e10": null, "fuel:biodiesel": null, "fuel:GTL_diesel": null, "fuel:1_50": null, "fuel:1_25": null, "addr:place": null, "name:hy": null, "fuel:cng": null, "phone": null, "payment:cash": null, "fuel:octane": null, "owner": null, "fuel:HGV_diesel": null, "wheelchair": null, "addr:housenumber": null, "addr:city": null, "payment:debit_cards": null, "payment:visa_electron": "yes", "payment:visa_debit": "yes", "payment:visa": "yes", "payment:mastercard": "yes", "payment:maestro": "yes", "payment:credit_cards": "yes", "website": null, "fuel:octane_80": null, "internet_access": null, "contact:email": null, "compressed_air": null, "brand:wikipedia": null, "name:ru": null, "kiosk": null, "brand:wikidata": null, "brand:ru": null, "brand:en": null, "payment:cards": "yes", "fuel:octane_98": "no", "fuel:lpg": "yes", "fuel:discount": null, "atm": null, "addr:street": null, "fuel:octane_100": null, "description": null, "toilets": null, "shop": null, "ref": null, "operator": null, "opening_hours": "24/7", "name:en": null, "name": null, "fuel:octane_95": "yes", "fuel:octane_92": null, "fuel:diesel": "yes", "contact:website": null, "contact:phone": null, "brand": null }, "geometry": { "type": "Point", "coordinates": [ 37.4831447, 54.8049405 ] } },
{ "type": "Feature", "properties": { "full_id": "n444819433", "osm_id": "444819433", "osm_type": "node", "amenity": "fuel", "email": null, "cafe": null, "self_service": null, "addr:postcode": null, "wifi": null, "internet_access:fee": null, "contact:vk": null, "barrier": null, "fuel:biogas": null, "fuel:octane_91": null, "fuel:e85": null, "fuel:e10": null, "fuel:biodiesel": null, "fuel:GTL_diesel": null, "fuel:1_50": null, "fuel:1_25": null, "addr:place": null, "name:hy": null, "fuel:cng": null, "phone": null, "payment:cash": null, "fuel:octane": null, "owner": null, "fuel:HGV_diesel": null, "wheelchair": null, "addr:housenumber": null, "addr:city": null, "payment:debit_cards": "yes", "payment:visa_electron": null, "payment:visa_debit": "yes", "payment:visa": "yes", "payment:mastercard": "yes", "payment:maestro": "yes", "payment:credit_cards": null, "website": null, "fuel:octane_80": null, "internet_access": null, "contact:email": null, "compressed_air": null, "brand:wikipedia": null, "name:ru": null, "kiosk": null, "brand:wikidata": null, "brand:ru": null, "brand:en": null, "payment:cards": "yes", "fuel:octane_98": null, "fuel:lpg": null, "fuel:discount": null, "atm": null, "addr:street": null, "fuel:octane_100": "no", "description": null, "toilets": null, "shop": null, "ref": null, "operator": null, "opening_hours": "24/7", "name:en": null, "name": "Teboil", "fuel:octane_95": "yes", "fuel:octane_92": "yes", "fuel:diesel": "yes", "contact:website": "https://azs.teboil.ru", "contact:phone": "+7 910 5800072", "brand": "Teboil" }, "geometry": { "type": "Point", "coordinates": [ 37.4864519, 54.7633189 ] } },
{ "type": "Feature", "properties": { "full_id": "n444819439", "osm_id": "444819439", "osm_type": "node", "amenity": "fuel", "email": null, "cafe": null, "self_service": null, "addr:postcode": null, "wifi": null, "internet_access:fee": null, "contact:vk": null, "barrier": null, "fuel:biogas": null, "fuel:octane_91": null, "fuel:e85": null, "fuel:e10": null, "fuel:biodiesel": null, "fuel:GTL_diesel": null, "fuel:1_50": null, "fuel:1_25": null, "addr:place": null, "name:hy": null, "fuel:cng": null, "phone": null, "payment:cash": null, "fuel:octane": null, "owner": null, "fuel:HGV_diesel": null, "wheelchair": null, "addr:housenumber": null, "addr:city": null, "payment:debit_cards": "yes", "payment:visa_electron": "yes", "payment:visa_debit": "yes", "payment:visa": "yes", "payment:mastercard": "yes", "payment:maestro": "yes", "payment:credit_cards": null, "website": null, "fuel:octane_80": null, "internet_access": null, "contact:email": "info@azs-opti.ru", "compressed_air": null, "brand:wikipedia": null, "name:ru": "Опти", "kiosk": null, "brand:wikidata": null, "brand:ru": null, "brand:en": null, "payment:cards": null, "fuel:octane_98": "no", "fuel:lpg": null, "fuel:discount": null, "atm": null, "addr:street": null, "fuel:octane_100": null, "description": null, "toilets": null, "shop": null, "ref": null, "operator": null, "opening_hours": "24/7", "name:en": "Opti", "name": "Опти", "fuel:octane_95": "yes", "fuel:octane_92": "yes", "fuel:diesel": "yes", "contact:website": "https://www.azs-opti.ru", "contact:phone": "+7 800 5057846", "brand": null }, "geometry": { "type": "Point", "coordinates": [ 37.5136522, 54.7129339 ] } },
{ "type": "Feature", "properties": { "full_id": "n444819441", "osm_id": "444819441", "osm_type": "node", "amenity": "fuel", "email": null, "cafe": null, "self_service": null, "addr:postcode": null, "wifi": null, "internet_access:fee": null, "contact:vk": null, "barrier": null, "fuel:biogas": null, "fuel:octane_91": null, "fuel:e85": null, "fuel:e10": null, "fuel:biodiesel": null, "fuel:GTL_diesel": null, "fuel:1_50": null, "fuel:1_25": null, "addr:place": null, "name:hy": null, "fuel:cng": null, "phone": null, "payment:cash": null, "fuel:octane": null, "owner": null, "fuel:HGV_diesel": null, "wheelchair": null, "addr:housenumber": null, "addr:city": null, "payment:debit_cards": "yes", "payment:visa_electron": "yes", "payment:visa_debit": "yes", "payment:visa": "yes", "payment:mastercard": "yes", "payment:maestro": "yes", "payment:credit_cards": null, "website": null, "fuel:octane_80": null, "internet_access": null, "contact:email": "info@azs-opti.ru", "compressed_air": null, "brand:wikipedia": null, "name:ru": "Опти", "kiosk": null, "brand:wikidata": null, "brand:ru": null, "brand:en": null, "payment:cards": "yes", "fuel:octane_98": "yes", "fuel:lpg": null, "fuel:discount": null, "atm": null, "addr:street": null, "fuel:octane_100": null, "description": null, "toilets": null, "shop": null, "ref": null, "operator": null, "opening_hours": "24/7", "name:en": "Opti", "name": "Опти", "fuel:octane_95": "yes", "fuel:octane_92": null, "fuel:diesel": "yes", "contact:website": "https://www.azs-opti.ru", "contact:phone": "+7 800 5057846", "brand": null }, "geometry": { "type": "Point", "coordinates": [ 37.5154865, 54.7127858 ] } },
{ "type": "Feature", "properties": { "full_id": "n5796937992", "osm_id": "5796937992", "osm_type": "node", "amenity": "fuel", "email": null, "cafe": null, "self_service": null, "addr:postcode": null, "wifi": null, "internet_access:fee": null, "contact:vk": null, "barrier": null, "fuel:biogas": null, "fuel:octane_91": null, "fuel:e85": null, "fuel:e10": null, "fuel:biodiesel": null, "fuel:GTL_diesel": null, "fuel:1_50": null, "fuel:1_25": null, "addr:place": null, "name:hy": null, "fuel:cng": null, "phone": null, "payment:cash": null, "fuel:octane": null, "owner": null, "fuel:HGV_diesel": null, "wheelchair": null, "addr:housenumber": null, "addr:city": null, "payment:debit_cards": "yes", "payment:visa_electron": "yes", "payment:visa_debit": "yes", "payment:visa": "yes", "payment:mastercard": "yes", "payment:maestro": "yes", "payment:credit_cards": null, "website": null, "fuel:octane_80": null, "internet_access": null, "contact:email": null, "compressed_air": null, "brand:wikipedia": null, "name:ru": null, "kiosk": null, "brand:wikidata": null, "brand:ru": null, "brand:en": null, "payment:cards": "yes", "fuel:octane_98": "yes", "fuel:lpg": null, "fuel:discount": null, "atm": null, "addr:street": null, "fuel:octane_100": null, "description": null, "toilets": null, "shop": null, "ref": null, "operator": null, "opening_hours": "24/7", "name:en": null, "name": null, "fuel:octane_95": "yes", "fuel:octane_92": null, "fuel:diesel": "yes", "contact:website": null, "contact:phone": null, "brand": null }, "geometry": { "type": "Point", "coordinates": [ 37.4854453, 54.8045271 ] } },
{ "type": "Feature", "properties": { "full_id": "n5795184068", "osm_id": "5795184068", "osm_type": "node", "amenity": "fuel", "email": null, "cafe": null, "self_service": null, "addr:postcode": null, "wifi": null, "internet_access:fee": null, "contact:vk": null, "barrier": null, "fuel:biogas": null, "fuel:octane_91": null, "fuel:e85": null, "fuel:e10": null, "fuel:biodiesel": null, "fuel:GTL_diesel": null, "fuel:1_50": null, "fuel:1_25": null, "addr:place": null, "name:hy": null, "fuel:cng": null, "phone": null, "payment:cash": null, "fuel:octane": null, "owner": null, "fuel:HGV_diesel": null, "wheelchair": null, "addr:housenumber": null, "addr:city": null, "payment:debit_cards": null, "payment:visa_electron": "yes", "payment:visa_debit": "yes", "payment:visa": "yes", "payment:mastercard": "yes", "payment:maestro": "yes", "payment:credit_cards": "yes", "website": null, "fuel:octane_80": null, "internet_access": "wlan", "contact:email": null, "compressed_air": null, "brand:wikipedia": null, "name:ru": "Лукойл", "kiosk": null, "brand:wikidata": "Q329347", "brand:ru": "Лукойл", "brand:en": "Lukoil", "payment:cards": "yes", "fuel:octane_98": null, "fuel:lpg": null, "fuel:discount": null, "atm": null, "addr:street": null, "fuel:octane_100": "yes", "description": "АЗС № 364", "toilets": "yes", "shop": "yes", "ref": "71922", "operator": "ООО \"ЛУКОЙЛ-Центрнефтепродукт\"", "opening_hours": "24/7", "name:en": "Lukoil", "name": "Лукойл", "fuel:octane_95": "yes", "fuel:octane_92": "yes", "fuel:diesel": "yes", "contact:website": "https://lukoil.ru/", "contact:phone": "+7 800 1000911", "brand": "Лукойл" }, "geometry": { "type": "Point", "coordinates": [ 37.5148543, 54.5264434 ] } },
{ "type": "Feature", "properties": { "full_id": "n5795184413", "osm_id": "5795184413", "osm_type": "node", "amenity": "fuel", "email": null, "cafe": null, "self_service": null, "addr:postcode": null, "wifi": null, "internet_access:fee": null, "contact:vk": null, "barrier": null, "fuel:biogas": null, "fuel:octane_91": null, "fuel:e85": null, "fuel:e10": null, "fuel:biodiesel": null, "fuel:GTL_diesel": null, "fuel:1_50": null, "fuel:1_25": null, "addr:place": null, "name:hy": null, "fuel:cng": null, "phone": null, "payment:cash": null, "fuel:octane": null, "owner": null, "fuel:HGV_diesel": null, "wheelchair": null, "addr:housenumber": null, "addr:city": null, "payment:debit_cards": "yes", "payment:visa_electron": "yes", "payment:visa_debit": "yes", "payment:visa": "yes", "payment:mastercard": "yes", "payment:maestro": "yes", "payment:credit_cards": "yes", "website": null, "fuel:octane_80": null, "internet_access": "wlan", "contact:email": "hotline@lukoil.com", "compressed_air": null, "brand:wikipedia": null, "name:ru": "Лукойл", "kiosk": null, "brand:wikidata": "Q329347", "brand:ru": "Лукойл", "brand:en": "Lukoil", "payment:cards": "yes", "fuel:octane_98": null, "fuel:lpg": null, "fuel:discount": null, "atm": null, "addr:street": null, "fuel:octane_100": "yes", "description": null, "toilets": "yes", "shop": "yes", "ref": "71921", "operator": "ООО \"ЛУКОЙЛ-Центрнефтепродукт\"", "opening_hours": "24/7", "name:en": "Lukoil", "name": "Лукойл", "fuel:octane_95": "yes", "fuel:octane_92": "yes", "fuel:diesel": "yes", "contact:website": "https://lukoil.ru/", "contact:phone": "+7 800 1000911", "brand": "Лукойл" }, "geometry": { "type": "Point", "coordinates": [ 37.5165503, 54.5263866 ] } },
{ "type": "Feature", "properties": { "full_id": "n5795701752", "osm_id": "5795701752", "osm_type": "node", "amenity": "fuel", "email": "postman@rosneft.ru", "cafe": null, "self_service": null, "addr:postcode": null, "wifi": null, "internet_access:fee": null, "contact:vk": null, "barrier": null, "fuel:biogas": null, "fuel:octane_91": null, "fuel:e85": null, "fuel:e10": null, "fuel:biodiesel": null, "fuel:GTL_diesel": null, "fuel:1_50": null, "fuel:1_25": null, "addr:place": null, "name:hy": null, "fuel:cng": null, "phone": "+7 800 2001070;+7 800 7009955", "payment:cash": null, "fuel:octane": null, "owner": null, "fuel:HGV_diesel": null, "wheelchair": null, "addr:housenumber": null, "addr:city": null, "payment:debit_cards": "yes", "payment:visa_electron": "yes", "payment:visa_debit": "yes", "payment:visa": "yes", "payment:mastercard": "yes", "payment:maestro": "yes", "payment:credit_cards": null, "website": null, "fuel:octane_80": null, "internet_access": null, "contact:email": null, "compressed_air": null, "brand:wikipedia": null, "name:ru": "Роснефть", "kiosk": null, "brand:wikidata": "Q1141123", "brand:ru": "Роснефть", "brand:en": "Rosneft", "payment:cards": null, "fuel:octane_98": null, "fuel:lpg": null, "fuel:discount": null, "atm": null, "addr:street": null, "fuel:octane_100": "no", "description": null, "toilets": null, "shop": null, "ref": null, "operator": "«Роснефть»", "opening_hours": "24/7", "name:en": "Rosneft", "name": "Роснефть", "fuel:octane_95": "yes", "fuel:octane_92": "yes", "fuel:diesel": "yes", "contact:website": null, "contact:phone": null, "brand": "Роснефть" }, "geometry": { "type": "Point", "coordinates": [ 37.5023778, 54.5852503 ] } },
{ "type": "Feature", "properties": { "full_id": "n5795701781", "osm_id": "5795701781", "osm_type": "node", "amenity": "fuel", "email": null, "cafe": null, "self_service": null, "addr:postcode": null, "wifi": null, "internet_access:fee": null, "contact:vk": null, "barrier": null, "fuel:biogas": null, "fuel:octane_91": null, "fuel:e85": null, "fuel:e10": null, "fuel:biodiesel": null, "fuel:GTL_diesel": null, "fuel:1_50": null, "fuel:1_25": null, "addr:place": null, "name:hy": null, "fuel:cng": null, "phone": "+7 800 2001070;+7 800 5002545", "payment:cash": null, "fuel:octane": null, "owner": null, "fuel:HGV_diesel": null, "wheelchair": null, "addr:housenumber": null, "addr:city": null, "payment:debit_cards": null, "payment:visa_electron": "yes", "payment:visa_debit": "yes", "payment:visa": "yes", "payment:mastercard": "yes", "payment:maestro": "yes", "payment:credit_cards": "yes", "website": "https://rosneft-azs.ru/", "fuel:octane_80": null, "internet_access": null, "contact:email": null, "compressed_air": null, "brand:wikipedia": null, "name:ru": null, "kiosk": null, "brand:wikidata": null, "brand:ru": null, "brand:en": null, "payment:cards": "yes", "fuel:octane_98": "yes", "fuel:lpg": null, "fuel:discount": null, "atm": null, "addr:street": null, "fuel:octane_100": null, "description": null, "toilets": null, "shop": null, "ref": null, "operator": "«Роснефть»", "opening_hours": "24/7", "name:en": null, "name": "Роснефть", "fuel:octane_95": "yes", "fuel:octane_92": null, "fuel:diesel": "yes", "contact:website": null, "contact:phone": null, "brand": "«Роснефть»" }, "geometry": { "type": "Point", "coordinates": [ 37.5048456, 54.5850884 ] } },
{ "type": "Feature", "properties": { "full_id": "n5805281287", "osm_id": "5805281287", "osm_type": "node", "amenity": "fuel", "email": null, "cafe": null, "self_service": null, "addr:postcode": null, "wifi": null, "internet_access:fee": null, "contact:vk": null, "barrier": null, "fuel:biogas": null, "fuel:octane_91": null, "fuel:e85": null, "fuel:e10": null, "fuel:biodiesel": null, "fuel:GTL_diesel": null, "fuel:1_50": null, "fuel:1_25": null, "addr:place": null, "name:hy": null, "fuel:cng": null, "phone": null, "payment:cash": null, "fuel:octane": null, "owner": null, "fuel:HGV_diesel": null, "wheelchair": null, "addr:housenumber": null, "addr:city": null, "payment:debit_cards": null, "payment:visa_electron": null, "payment:visa_debit": null, "payment:visa": "yes", "payment:mastercard": "yes", "payment:maestro": null, "payment:credit_cards": "yes", "website": null, "fuel:octane_80": null, "internet_access": null, "contact:email": null, "compressed_air": null, "brand:wikipedia": null, "name:ru": null, "kiosk": null, "brand:wikidata": null, "brand:ru": null, "brand:en": null, "payment:cards": null, "fuel:octane_98": "yes", "fuel:lpg": null, "fuel:discount": null, "atm": null, "addr:street": null, "fuel:octane_100": null, "description": null, "toilets": null, "shop": null, "ref": null, "operator": null, "opening_hours": "24/7", "name:en": null, "name": "Ронекс", "fuel:octane_95": "yes", "fuel:octane_92": null, "fuel:diesel": "yes", "contact:website": null, "contact:phone": null, "brand": null }, "geometry": { "type": "Point", "coordinates": [ 37.6845406, 54.4841606 ] } },
{ "type": "Feature", "properties": { "full_id": "n5812004695", "osm_id": "5812004695", "osm_type": "node", "amenity": "fuel", "email": "support@tnboil.ru", "cafe": null, "self_service": null, "addr:postcode": null, "wifi": null, "internet_access:fee": null, "contact:vk": null, "barrier": null, "fuel:biogas": null, "fuel:octane_91": null, "fuel:e85": null, "fuel:e10": null, "fuel:biodiesel": null, "fuel:GTL_diesel": null, "fuel:1_50": null, "fuel:1_25": null, "addr:place": null, "name:hy": null, "fuel:cng": null, "phone": "+7 906 6270668", "payment:cash": null, "fuel:octane": null, "owner": null, "fuel:HGV_diesel": null, "wheelchair": null, "addr:housenumber": null, "addr:city": null, "payment:debit_cards": "yes", "payment:visa_electron": "yes", "payment:visa_debit": "yes", "payment:visa": "yes", "payment:mastercard": "yes", "payment:maestro": "yes", "payment:credit_cards": null, "website": "https://tnboil.ru/", "fuel:octane_80": null, "internet_access": null, "contact:email": null, "compressed_air": null, "brand:wikipedia": null, "name:ru": null, "kiosk": null, "brand:wikidata": null, "brand:ru": null, "brand:en": null, "payment:cards": "yes", "fuel:octane_98": "yes", "fuel:lpg": null, "fuel:discount": null, "atm": null, "addr:street": null, "fuel:octane_100": null, "description": null, "toilets": null, "shop": null, "ref": null, "operator": "ООО \"ТНБ\"", "opening_hours": "24/7", "name:en": null, "name": "ТНБ", "fuel:octane_95": "yes", "fuel:octane_92": "yes", "fuel:diesel": "yes", "contact:website": null, "contact:phone": null, "brand": "ТНБ" }, "geometry": { "type": "Point", "coordinates": [ 37.7190869, 54.4890841 ] } },
{ "type": "Feature", "properties": { "full_id": "n5566403384", "osm_id": "5566403384", "osm_type": "node", "amenity": "fuel", "email": null, "cafe": null, "self_service": null, "addr:postcode": null, "wifi": null, "internet_access:fee": null, "contact:vk": null, "barrier": null, "fuel:biogas": null, "fuel:octane_91": null, "fuel:e85": null, "fuel:e10": null, "fuel:biodiesel": null, "fuel:GTL_diesel": null, "fuel:1_50": null, "fuel:1_25": null, "addr:place": null, "name:hy": null, "fuel:cng": null, "phone": null, "payment:cash": null, "fuel:octane": null, "owner": null, "fuel:HGV_diesel": null, "wheelchair": null, "addr:housenumber": null, "addr:city": null, "payment:debit_cards": null, "payment:visa_electron": null, "payment:visa_debit": null, "payment:visa": null, "payment:mastercard": null, "payment:maestro": null, "payment:credit_cards": null, "website": null, "fuel:octane_80": null, "internet_access": null, "contact:email": null, "compressed_air": null, "brand:wikipedia": null, "name:ru": null, "kiosk": null, "brand:wikidata": null, "brand:ru": null, "brand:en": null, "payment:cards": null, "fuel:octane_98": null, "fuel:lpg": null, "fuel:discount": null, "atm": null, "addr:street": null, "fuel:octane_100": null, "description": null, "toilets": null, "shop": null, "ref": null, "operator": null, "opening_hours": null, "name:en": null, "name": null, "fuel:octane_95": "yes", "fuel:octane_92": "yes", "fuel:diesel": "yes", "contact:website": null, "contact:phone": null, "brand": null }, "geometry": { "type": "Point", "coordinates": [ 37.7105874, 53.2524539 ] } },
{ "type": "Feature", "properties": { "full_id": "n2958984979", "osm_id": "2958984979", "osm_type": "node", "amenity": "fuel", "email": null, "cafe": null, "self_service": null, "addr:postcode": null, "wifi": null, "internet_access:fee": null, "contact:vk": null, "barrier": null, "fuel:biogas": null, "fuel:octane_91": null, "fuel:e85": null, "fuel:e10": null, "fuel:biodiesel": null, "fuel:GTL_diesel": null, "fuel:1_50": null, "fuel:1_25": null, "addr:place": null, "name:hy": null, "fuel:cng": null, "phone": null, "payment:cash": null, "fuel:octane": null, "owner": null, "fuel:HGV_diesel": null, "wheelchair": null, "addr:housenumber": null, "addr:city": null, "payment:debit_cards": null, "payment:visa_electron": null, "payment:visa_debit": null, "payment:visa": null, "payment:mastercard": null, "payment:maestro": null, "payment:credit_cards": null, "website": null, "fuel:octane_80": null, "internet_access": null, "contact:email": null, "compressed_air": null, "brand:wikipedia": null, "name:ru": null, "kiosk": null, "brand:wikidata": null, "brand:ru": null, "brand:en": null, "payment:cards": null, "fuel:octane_98": null, "fuel:lpg": null, "fuel:discount": null, "atm": null, "addr:street": null, "fuel:octane_100": null, "description": null, "toilets": null, "shop": null, "ref": null, "operator": null, "opening_hours": null, "name:en": null, "name": "ТНБ", "fuel:octane_95": null, "fuel:octane_92": null, "fuel:diesel": null, "contact:website": null, "contact:phone": null, "brand": null }, "geometry": { "type": "Point", "coordinates": [ 38.5045745, 53.9718714 ] } },
{ "type": "Feature", "properties": { "full_id": "n9474192291", "osm_id": "9474192291", "osm_type": "node", "amenity": "fuel", "email": null, "cafe": null, "self_service": null, "addr:postcode": null, "wifi": null, "internet_access:fee": null, "contact:vk": null, "barrier": null, "fuel:biogas": null, "fuel:octane_91": null, "fuel:e85": null, "fuel:e10": null, "fuel:biodiesel": null, "fuel:GTL_diesel": null, "fuel:1_50": null, "fuel:1_25": null, "addr:place": null, "name:hy": null, "fuel:cng": null, "phone": null, "payment:cash": null, "fuel:octane": null, "owner": null, "fuel:HGV_diesel": null, "wheelchair": null, "addr:housenumber": null, "addr:city": null, "payment:debit_cards": null, "payment:visa_electron": null, "payment:visa_debit": null, "payment:visa": null, "payment:mastercard": null, "payment:maestro": null, "payment:credit_cards": null, "website": null, "fuel:octane_80": null, "internet_access": null, "contact:email": "info@azs-opti.ru", "compressed_air": null, "brand:wikipedia": null, "name:ru": "Опти", "kiosk": null, "brand:wikidata": null, "brand:ru": null, "brand:en": null, "payment:cards": null, "fuel:octane_98": null, "fuel:lpg": "yes", "fuel:discount": null, "atm": null, "addr:street": null, "fuel:octane_100": null, "description": null, "toilets": null, "shop": null, "ref": null, "operator": null, "opening_hours": "24/7", "name:en": "Opti", "name": "Опти", "fuel:octane_95": "yes", "fuel:octane_92": "yes", "fuel:diesel": "yes", "contact:website": "https://www.azs-opti.ru", "contact:phone": "+7 800 5057846", "brand": null }, "geometry": { "type": "Point", "coordinates": [ 38.5504931, 53.9736931 ] } },
{ "type": "Feature", "properties": { "full_id": "n1098540123", "osm_id": "1098540123", "osm_type": "node", "amenity": "fuel", "email": null, "cafe": null, "self_service": null, "addr:postcode": null, "wifi": null, "internet_access:fee": null, "contact:vk": null, "barrier": null, "fuel:biogas": null, "fuel:octane_91": null, "fuel:e85": null, "fuel:e10": null, "fuel:biodiesel": null, "fuel:GTL_diesel": null, "fuel:1_50": null, "fuel:1_25": null, "addr:place": null, "name:hy": null, "fuel:cng": null, "phone": null, "payment:cash": null, "fuel:octane": null, "owner": null, "fuel:HGV_diesel": null, "wheelchair": null, "addr:housenumber": null, "addr:city": null, "payment:debit_cards": null, "payment:visa_electron": null, "payment:visa_debit": null, "payment:visa": null, "payment:mastercard": null, "payment:maestro": null, "payment:credit_cards": null, "website": null, "fuel:octane_80": null, "internet_access": null, "contact:email": null, "compressed_air": null, "brand:wikipedia": "en:TNK-BP", "name:ru": null, "kiosk": null, "brand:wikidata": "Q2298901", "brand:ru": null, "brand:en": null, "payment:cards": null, "fuel:octane_98": null, "fuel:lpg": null, "fuel:discount": null, "atm": null, "addr:street": null, "fuel:octane_100": null, "description": null, "toilets": null, "shop": null, "ref": null, "operator": null, "opening_hours": null, "name:en": null, "name": "ТНК", "fuel:octane_95": null, "fuel:octane_92": null, "fuel:diesel": null, "contact:website": null, "contact:phone": null, "brand": "ТНК" }, "geometry": { "type": "Point", "coordinates": [ 37.9477067, 53.9328874 ] } },
{ "type": "Feature", "properties": { "full_id": "n2949609669", "osm_id": "2949609669", "osm_type": "node", "amenity": "fuel", "email": null, "cafe": null, "self_service": null, "addr:postcode": null, "wifi": null, "internet_access:fee": null, "contact:vk": null, "barrier": null, "fuel:biogas": null, "fuel:octane_91": null, "fuel:e85": null, "fuel:e10": null, "fuel:biodiesel": null, "fuel:GTL_diesel": null, "fuel:1_50": null, "fuel:1_25": null, "addr:place": null, "name:hy": null, "fuel:cng": null, "phone": null, "payment:cash": null, "fuel:octane": null, "owner": null, "fuel:HGV_diesel": null, "wheelchair": null, "addr:housenumber": null, "addr:city": null, "payment:debit_cards": null, "payment:visa_electron": null, "payment:visa_debit": null, "payment:visa": null, "payment:mastercard": null, "payment:maestro": null, "payment:credit_cards": null, "website": null, "fuel:octane_80": null, "internet_access": null, "contact:email": null, "compressed_air": null, "brand:wikipedia": null, "name:ru": null, "kiosk": null, "brand:wikidata": null, "brand:ru": null, "brand:en": null, "payment:cards": null, "fuel:octane_98": null, "fuel:lpg": null, "fuel:discount": null, "atm": null, "addr:street": null, "fuel:octane_100": null, "description": null, "toilets": null, "shop": null, "ref": null, "operator": null, "opening_hours": null, "name:en": null, "name": null, "fuel:octane_95": null, "fuel:octane_92": null, "fuel:diesel": null, "contact:website": null, "contact:phone": null, "brand": null }, "geometry": { "type": "Point", "coordinates": [ 37.71093, 53.9234366 ] } },
{ "type": "Feature", "properties": { "full_id": "n1382814737", "osm_id": "1382814737", "osm_type": "node", "amenity": "fuel", "email": null, "cafe": null, "self_service": null, "addr:postcode": null, "wifi": null, "internet_access:fee": null, "contact:vk": null, "barrier": null, "fuel:biogas": null, "fuel:octane_91": null, "fuel:e85": null, "fuel:e10": null, "fuel:biodiesel": null, "fuel:GTL_diesel": null, "fuel:1_50": null, "fuel:1_25": null, "addr:place": null, "name:hy": null, "fuel:cng": null, "phone": null, "payment:cash": null, "fuel:octane": null, "owner": null, "fuel:HGV_diesel": null, "wheelchair": null, "addr:housenumber": null, "addr:city": null, "payment:debit_cards": null, "payment:visa_electron": null, "payment:visa_debit": null, "payment:visa": null, "payment:mastercard": null, "payment:maestro": null, "payment:credit_cards": null, "website": null, "fuel:octane_80": null, "internet_access": null, "contact:email": null, "compressed_air": null, "brand:wikipedia": null, "name:ru": null, "kiosk": null, "brand:wikidata": null, "brand:ru": null, "brand:en": null, "payment:cards": null, "fuel:octane_98": null, "fuel:lpg": null, "fuel:discount": null, "atm": null, "addr:street": null, "fuel:octane_100": null, "description": null, "toilets": null, "shop": null, "ref": null, "operator": null, "opening_hours": null, "name:en": null, "name": "ТНБ", "fuel:octane_95": "yes", "fuel:octane_92": "yes", "fuel:diesel": null, "contact:website": null, "contact:phone": null, "brand": null }, "geometry": { "type": "Point", "coordinates": [ 37.6472972, 53.9401406 ] } },
{ "type": "Feature", "properties": { "full_id": "n401913939", "osm_id": "401913939", "osm_type": "node", "amenity": "fuel", "email": null, "cafe": null, "self_service": null, "addr:postcode": null, "wifi": null, "internet_access:fee": null, "contact:vk": null, "barrier": null, "fuel:biogas": null, "fuel:octane_91": null, "fuel:e85": null, "fuel:e10": null, "fuel:biodiesel": null, "fuel:GTL_diesel": null, "fuel:1_50": null, "fuel:1_25": null, "addr:place": null, "name:hy": null, "fuel:cng": null, "phone": null, "payment:cash": null, "fuel:octane": null, "owner": null, "fuel:HGV_diesel": null, "wheelchair": null, "addr:housenumber": null, "addr:city": null, "payment:debit_cards": null, "payment:visa_electron": null, "payment:visa_debit": null, "payment:visa": null, "payment:mastercard": null, "payment:maestro": null, "payment:credit_cards": null, "website": null, "fuel:octane_80": null, "internet_access": "wlan", "contact:email": "hotline@lukoil.com", "compressed_air": "yes", "brand:wikipedia": "ru:Лукойл", "name:ru": "Лукойл", "kiosk": null, "brand:wikidata": "Q329347", "brand:ru": "Лукойл", "brand:en": "Lukoil", "payment:cards": null, "fuel:octane_98": null, "fuel:lpg": null, "fuel:discount": null, "atm": null, "addr:street": null, "fuel:octane_100": "yes", "description": null, "toilets": "yes", "shop": "yes", "ref": "71903", "operator": "ООО \"ЛУКОЙЛ-Центрнефтепродукт\"", "opening_hours": "24/7", "name:en": "Lukoil", "name": "Лукойл", "fuel:octane_95": "yes", "fuel:octane_92": "yes", "fuel:diesel": "yes", "contact:website": "https://lukoil.ru/", "contact:phone": "+7 800 1000911;+7 963 2289629", "brand": "Лукойл" }, "geometry": { "type": "Point", "coordinates": [ 38.0119188, 54.0000888 ] } },
{ "type": "Feature", "properties": { "full_id": "n401913940", "osm_id": "401913940", "osm_type": "node", "amenity": "fuel", "email": null, "cafe": null, "self_service": null, "addr:postcode": null, "wifi": null, "internet_access:fee": null, "contact:vk": null, "barrier": null, "fuel:biogas": null, "fuel:octane_91": null, "fuel:e85": null, "fuel:e10": null, "fuel:biodiesel": null, "fuel:GTL_diesel": null, "fuel:1_50": null, "fuel:1_25": null, "addr:place": null, "name:hy": null, "fuel:cng": null, "phone": null, "payment:cash": null, "fuel:octane": null, "owner": null, "fuel:HGV_diesel": null, "wheelchair": null, "addr:housenumber": null, "addr:city": null, "payment:debit_cards": null, "payment:visa_electron": null, "payment:visa_debit": null, "payment:visa": null, "payment:mastercard": null, "payment:maestro": null, "payment:credit_cards": null, "website": null, "fuel:octane_80": null, "internet_access": "wlan", "contact:email": "hotline@lukoil.com", "compressed_air": null, "brand:wikipedia": "ru:Лукойл", "name:ru": "Лукойл", "kiosk": null, "brand:wikidata": "Q329347", "brand:ru": "Лукойл", "brand:en": "Lukoil", "payment:cards": null, "fuel:octane_98": null, "fuel:lpg": null, "fuel:discount": null, "atm": null, "addr:street": null, "fuel:octane_100": "yes", "description": null, "toilets": "yes", "shop": "yes", "ref": "71906", "operator": "ООО \"ЛУКОЙЛ-Центрнефтепродукт\"", "opening_hours": "24/7", "name:en": "Lukoil", "name": "Лукойл", "fuel:octane_95": "yes", "fuel:octane_92": "yes", "fuel:diesel": "yes", "contact:website": "https://lukoil.ru/", "contact:phone": "+7 800 1000911;+7 963 2289646", "brand": "Лукойл" }, "geometry": { "type": "Point", "coordinates": [ 38.0135156, 54.000116 ] } },
{ "type": "Feature", "properties": { "full_id": "n401913958", "osm_id": "401913958", "osm_type": "node", "amenity": "fuel", "email": null, "cafe": null, "self_service": null, "addr:postcode": null, "wifi": null, "internet_access:fee": null, "contact:vk": null, "barrier": null, "fuel:biogas": null, "fuel:octane_91": null, "fuel:e85": null, "fuel:e10": null, "fuel:biodiesel": null, "fuel:GTL_diesel": null, "fuel:1_50": null, "fuel:1_25": null, "addr:place": null, "name:hy": null, "fuel:cng": null, "phone": null, "payment:cash": null, "fuel:octane": null, "owner": null, "fuel:HGV_diesel": null, "wheelchair": null, "addr:housenumber": null, "addr:city": null, "payment:debit_cards": null, "payment:visa_electron": null, "payment:visa_debit": null, "payment:visa": null, "payment:mastercard": null, "payment:maestro": null, "payment:credit_cards": null, "website": null, "fuel:octane_80": "yes", "internet_access": null, "contact:email": "info@azs-opti.ru", "compressed_air": null, "brand:wikipedia": null, "name:ru": "Опти", "kiosk": null, "brand:wikidata": null, "brand:ru": null, "brand:en": null, "payment:cards": null, "fuel:octane_98": "yes", "fuel:lpg": "yes", "fuel:discount": null, "atm": null, "addr:street": null, "fuel:octane_100": null, "description": null, "toilets": null, "shop": null, "ref": null, "operator": null, "opening_hours": "24/7", "name:en": "Opti", "name": "Опти", "fuel:octane_95": "yes", "fuel:octane_92": "yes", "fuel:diesel": "yes", "contact:website": "https://www.azs-opti.ru", "contact:phone": "+7 800 5057846", "brand": null }, "geometry": { "type": "Point", "coordinates": [ 38.051663, 53.8980489 ] } },
{ "type": "Feature", "properties": { "full_id": "n1281454780", "osm_id": "1281454780", "osm_type": "node", "amenity": "fuel", "email": null, "cafe": null, "self_service": null, "addr:postcode": null, "wifi": null, "internet_access:fee": null, "contact:vk": null, "barrier": null, "fuel:biogas": null, "fuel:octane_91": null, "fuel:e85": null, "fuel:e10": null, "fuel:biodiesel": null, "fuel:GTL_diesel": null, "fuel:1_50": null, "fuel:1_25": null, "addr:place": null, "name:hy": null, "fuel:cng": null, "phone": null, "payment:cash": null, "fuel:octane": null, "owner": null, "fuel:HGV_diesel": null, "wheelchair": null, "addr:housenumber": null, "addr:city": null, "payment:debit_cards": null, "payment:visa_electron": null, "payment:visa_debit": null, "payment:visa": null, "payment:mastercard": null, "payment:maestro": null, "payment:credit_cards": null, "website": null, "fuel:octane_80": null, "internet_access": null, "contact:email": "info@azs-opti.ru", "compressed_air": null, "brand:wikipedia": null, "name:ru": "Опти", "kiosk": null, "brand:wikidata": null, "brand:ru": null, "brand:en": null, "payment:cards": null, "fuel:octane_98": "no", "fuel:lpg": "yes", "fuel:discount": null, "atm": null, "addr:street": null, "fuel:octane_100": null, "description": null, "toilets": null, "shop": null, "ref": null, "operator": null, "opening_hours": "24/7", "name:en": "Opti", "name": "Опти", "fuel:octane_95": "yes", "fuel:octane_92": "yes", "fuel:diesel": "yes", "contact:website": "https://www.azs-opti.ru", "contact:phone": "+7 800 5057846", "brand": null }, "geometry": { "type": "Point", "coordinates": [ 38.0532231, 53.8975212 ] } },
{ "type": "Feature", "properties": { "full_id": "n4402444816", "osm_id": "4402444816", "osm_type": "node", "amenity": "fuel", "email": null, "cafe": null, "self_service": null, "addr:postcode": null, "wifi": null, "internet_access:fee": null, "contact:vk": null, "barrier": null, "fuel:biogas": null, "fuel:octane_91": null, "fuel:e85": null, "fuel:e10": null, "fuel:biodiesel": null, "fuel:GTL_diesel": null, "fuel:1_50": null, "fuel:1_25": null, "addr:place": null, "name:hy": null, "fuel:cng": null, "phone": null, "payment:cash": null, "fuel:octane": null, "owner": null, "fuel:HGV_diesel": null, "wheelchair": null, "addr:housenumber": null, "addr:city": null, "payment:debit_cards": null, "payment:visa_electron": null, "payment:visa_debit": null, "payment:visa": null, "payment:mastercard": null, "payment:maestro": null, "payment:credit_cards": null, "website": null, "fuel:octane_80": null, "internet_access": null, "contact:email": null, "compressed_air": null, "brand:wikipedia": null, "name:ru": null, "kiosk": null, "brand:wikidata": null, "brand:ru": null, "brand:en": null, "payment:cards": null, "fuel:octane_98": null, "fuel:lpg": "yes", "fuel:discount": null, "atm": null, "addr:street": null, "fuel:octane_100": null, "description": null, "toilets": null, "shop": null, "ref": null, "operator": null, "opening_hours": null, "name:en": null, "name": "АГЗС", "fuel:octane_95": null, "fuel:octane_92": null, "fuel:diesel": null, "contact:website": null, "contact:phone": null, "brand": null }, "geometry": { "type": "Point", "coordinates": [ 38.0177702, 53.9654501 ] } },
{ "type": "Feature", "properties": { "full_id": "n3125985350", "osm_id": "3125985350", "osm_type": "node", "amenity": "fuel", "email": null, "cafe": null, "self_service": null, "addr:postcode": null, "wifi": null, "internet_access:fee": null, "contact:vk": null, "barrier": null, "fuel:biogas": null, "fuel:octane_91": null, "fuel:e85": null, "fuel:e10": null, "fuel:biodiesel": null, "fuel:GTL_diesel": null, "fuel:1_50": null, "fuel:1_25": null, "addr:place": null, "name:hy": null, "fuel:cng": null, "phone": null, "payment:cash": null, "fuel:octane": null, "owner": null, "fuel:HGV_diesel": null, "wheelchair": null, "addr:housenumber": "27А", "addr:city": "Куркино", "payment:debit_cards": null, "payment:visa_electron": null, "payment:visa_debit": null, "payment:visa": null, "payment:mastercard": null, "payment:maestro": null, "payment:credit_cards": null, "website": "https://www.tnboil.ru/azk/azk-12-p-kurkino/", "fuel:octane_80": null, "internet_access": null, "contact:email": null, "compressed_air": null, "brand:wikipedia": null, "name:ru": null, "kiosk": null, "brand:wikidata": null, "brand:ru": null, "brand:en": null, "payment:cards": null, "fuel:octane_98": null, "fuel:lpg": null, "fuel:discount": null, "atm": null, "addr:street": "2-я Привокзальная улица", "fuel:octane_100": null, "description": null, "toilets": null, "shop": null, "ref": null, "operator": "ТНБ", "opening_hours": null, "name:en": null, "name": "ТНБ АЗК №12 п. Куркино", "fuel:octane_95": "yes", "fuel:octane_92": "yes", "fuel:diesel": "yes", "contact:website": null, "contact:phone": null, "brand": "ТНБ" }, "geometry": { "type": "Point", "coordinates": [ 38.6450195, 53.426281 ] } },
{ "type": "Feature", "properties": { "full_id": "n623896488", "osm_id": "623896488", "osm_type": "node", "amenity": "fuel", "email": null, "cafe": null, "self_service": null, "addr:postcode": null, "wifi": null, "internet_access:fee": null, "contact:vk": null, "barrier": null, "fuel:biogas": null, "fuel:octane_91": null, "fuel:e85": null, "fuel:e10": null, "fuel:biodiesel": null, "fuel:GTL_diesel": null, "fuel:1_50": null, "fuel:1_25": null, "addr:place": null, "name:hy": null, "fuel:cng": null, "phone": null, "payment:cash": null, "fuel:octane": null, "owner": null, "fuel:HGV_diesel": null, "wheelchair": null, "addr:housenumber": null, "addr:city": null, "payment:debit_cards": null, "payment:visa_electron": null, "payment:visa_debit": null, "payment:visa": null, "payment:mastercard": null, "payment:maestro": null, "payment:credit_cards": null, "website": null, "fuel:octane_80": null, "internet_access": null, "contact:email": null, "compressed_air": null, "brand:wikipedia": null, "name:ru": null, "kiosk": null, "brand:wikidata": null, "brand:ru": null, "brand:en": null, "payment:cards": null, "fuel:octane_98": null, "fuel:lpg": null, "fuel:discount": null, "atm": null, "addr:street": null, "fuel:octane_100": null, "description": null, "toilets": null, "shop": null, "ref": null, "operator": null, "opening_hours": null, "name:en": null, "name": null, "fuel:octane_95": null, "fuel:octane_92": null, "fuel:diesel": null, "contact:website": null, "contact:phone": null, "brand": null }, "geometry": { "type": "Point", "coordinates": [ 36.7196099, 53.9899651 ] } },
{ "type": "Feature", "properties": { "full_id": "n2934859968", "osm_id": "2934859968", "osm_type": "node", "amenity": "fuel", "email": null, "cafe": null, "self_service": null, "addr:postcode": null, "wifi": null, "internet_access:fee": null, "contact:vk": null, "barrier": null, "fuel:biogas": null, "fuel:octane_91": null, "fuel:e85": null, "fuel:e10": null, "fuel:biodiesel": null, "fuel:GTL_diesel": null, "fuel:1_50": null, "fuel:1_25": null, "addr:place": null, "name:hy": null, "fuel:cng": null, "phone": null, "payment:cash": null, "fuel:octane": null, "owner": null, "fuel:HGV_diesel": null, "wheelchair": null, "addr:housenumber": null, "addr:city": null, "payment:debit_cards": null, "payment:visa_electron": null, "payment:visa_debit": null, "payment:visa": null, "payment:mastercard": null, "payment:maestro": null, "payment:credit_cards": null, "website": null, "fuel:octane_80": null, "internet_access": null, "contact:email": null, "compressed_air": null, "brand:wikipedia": null, "name:ru": null, "kiosk": null, "brand:wikidata": null, "brand:ru": null, "brand:en": null, "payment:cards": null, "fuel:octane_98": null, "fuel:lpg": null, "fuel:discount": null, "atm": null, "addr:street": null, "fuel:octane_100": null, "description": null, "toilets": null, "shop": null, "ref": null, "operator": null, "opening_hours": null, "name:en": null, "name": null, "fuel:octane_95": null, "fuel:octane_92": null, "fuel:diesel": null, "contact:website": null, "contact:phone": null, "brand": null }, "geometry": { "type": "Point", "coordinates": [ 36.6598669, 53.9383441 ] } },
{ "type": "Feature", "properties": { "full_id": "n6187647791", "osm_id": "6187647791", "osm_type": "node", "amenity": "fuel", "email": null, "cafe": null, "self_service": null, "addr:postcode": null, "wifi": null, "internet_access:fee": null, "contact:vk": null, "barrier": null, "fuel:biogas": null, "fuel:octane_91": null, "fuel:e85": null, "fuel:e10": null, "fuel:biodiesel": null, "fuel:GTL_diesel": null, "fuel:1_50": null, "fuel:1_25": null, "addr:place": null, "name:hy": null, "fuel:cng": null, "phone": null, "payment:cash": null, "fuel:octane": null, "owner": null, "fuel:HGV_diesel": null, "wheelchair": null, "addr:housenumber": null, "addr:city": null, "payment:debit_cards": null, "payment:visa_electron": null, "payment:visa_debit": null, "payment:visa": null, "payment:mastercard": null, "payment:maestro": null, "payment:credit_cards": null, "website": null, "fuel:octane_80": null, "internet_access": null, "contact:email": null, "compressed_air": null, "brand:wikipedia": null, "name:ru": null, "kiosk": null, "brand:wikidata": null, "brand:ru": null, "brand:en": null, "payment:cards": null, "fuel:octane_98": null, "fuel:lpg": null, "fuel:discount": null, "atm": null, "addr:street": null, "fuel:octane_100": null, "description": null, "toilets": null, "shop": null, "ref": null, "operator": null, "opening_hours": null, "name:en": null, "name": null, "fuel:octane_95": null, "fuel:octane_92": null, "fuel:diesel": null, "contact:website": null, "contact:phone": null, "brand": null }, "geometry": { "type": "Point", "coordinates": [ 36.6686151, 53.9350873 ] } },
{ "type": "Feature", "properties": { "full_id": "n623889365", "osm_id": "623889365", "osm_type": "node", "amenity": "fuel", "email": null, "cafe": null, "self_service": null, "addr:postcode": null, "wifi": null, "internet_access:fee": null, "contact:vk": null, "barrier": null, "fuel:biogas": null, "fuel:octane_91": null, "fuel:e85": null, "fuel:e10": null, "fuel:biodiesel": null, "fuel:GTL_diesel": null, "fuel:1_50": null, "fuel:1_25": null, "addr:place": null, "name:hy": null, "fuel:cng": null, "phone": null, "payment:cash": null, "fuel:octane": null, "owner": null, "fuel:HGV_diesel": null, "wheelchair": null, "addr:housenumber": null, "addr:city": null, "payment:debit_cards": null, "payment:visa_electron": null, "payment:visa_debit": null, "payment:visa": null, "payment:mastercard": null, "payment:maestro": null, "payment:credit_cards": null, "website": null, "fuel:octane_80": null, "internet_access": null, "contact:email": null, "compressed_air": null, "brand:wikipedia": null, "name:ru": null, "kiosk": null, "brand:wikidata": null, "brand:ru": null, "brand:en": null, "payment:cards": null, "fuel:octane_98": null, "fuel:lpg": null, "fuel:discount": null, "atm": null, "addr:street": null, "fuel:octane_100": null, "description": null, "toilets": null, "shop": null, "ref": null, "operator": null, "opening_hours": null, "name:en": null, "name": null, "fuel:octane_95": null, "fuel:octane_92": null, "fuel:diesel": null, "contact:website": null, "contact:phone": null, "brand": null }, "geometry": { "type": "Point", "coordinates": [ 36.515648, 54.1141275 ] } },
{ "type": "Feature", "properties": { "full_id": "n6043471404", "osm_id": "6043471404", "osm_type": "node", "amenity": "fuel", "email": null, "cafe": null, "self_service": null, "addr:postcode": null, "wifi": null, "internet_access:fee": null, "contact:vk": null, "barrier": null, "fuel:biogas": null, "fuel:octane_91": null, "fuel:e85": null, "fuel:e10": null, "fuel:biodiesel": null, "fuel:GTL_diesel": null, "fuel:1_50": null, "fuel:1_25": null, "addr:place": null, "name:hy": null, "fuel:cng": null, "phone": null, "payment:cash": null, "fuel:octane": null, "owner": null, "fuel:HGV_diesel": null, "wheelchair": null, "addr:housenumber": null, "addr:city": null, "payment:debit_cards": null, "payment:visa_electron": null, "payment:visa_debit": null, "payment:visa": null, "payment:mastercard": null, "payment:maestro": null, "payment:credit_cards": null, "website": null, "fuel:octane_80": null, "internet_access": null, "contact:email": null, "compressed_air": null, "brand:wikipedia": "en:Royal Dutch Shell", "name:ru": null, "kiosk": null, "brand:wikidata": "Q154950", "brand:ru": null, "brand:en": null, "payment:cards": null, "fuel:octane_98": null, "fuel:lpg": null, "fuel:discount": null, "atm": null, "addr:street": null, "fuel:octane_100": null, "description": null, "toilets": null, "shop": null, "ref": null, "operator": null, "opening_hours": null, "name:en": null, "name": "Shell", "fuel:octane_95": null, "fuel:octane_92": null, "fuel:diesel": null, "contact:website": null, "contact:phone": null, "brand": "Shell" }, "geometry": { "type": "Point", "coordinates": [ 36.4732146, 54.132727 ] } },
{ "type": "Feature", "properties": { "full_id": "n417799842", "osm_id": "417799842", "osm_type": "node", "amenity": "fuel", "email": null, "cafe": null, "self_service": null, "addr:postcode": null, "wifi": null, "internet_access:fee": null, "contact:vk": null, "barrier": null, "fuel:biogas": null, "fuel:octane_91": null, "fuel:e85": null, "fuel:e10": null, "fuel:biodiesel": null, "fuel:GTL_diesel": null, "fuel:1_50": null, "fuel:1_25": null, "addr:place": null, "name:hy": null, "fuel:cng": null, "phone": null, "payment:cash": null, "fuel:octane": null, "owner": null, "fuel:HGV_diesel": null, "wheelchair": null, "addr:housenumber": null, "addr:city": null, "payment:debit_cards": null, "payment:visa_electron": null, "payment:visa_debit": null, "payment:visa": null, "payment:mastercard": null, "payment:maestro": null, "payment:credit_cards": null, "website": null, "fuel:octane_80": null, "internet_access": null, "contact:email": null, "compressed_air": null, "brand:wikipedia": "ru:Роснефть", "name:ru": "Роснефть", "kiosk": null, "brand:wikidata": "Q1141123", "brand:ru": "Роснефть", "brand:en": "Rosneft", "payment:cards": null, "fuel:octane_98": null, "fuel:lpg": null, "fuel:discount": null, "atm": null, "addr:street": null, "fuel:octane_100": "no", "description": null, "toilets": null, "shop": null, "ref": null, "operator": null, "opening_hours": null, "name:en": "Rosneft", "name": "Роснефть", "fuel:octane_95": "yes", "fuel:octane_92": "yes", "fuel:diesel": "yes", "contact:website": null, "contact:phone": null, "brand": "Роснефть" }, "geometry": { "type": "Point", "coordinates": [ 37.2851984, 53.7015088 ] } },
{ "type": "Feature", "properties": { "full_id": "n5201658987", "osm_id": "5201658987", "osm_type": "node", "amenity": "fuel", "email": null, "cafe": null, "self_service": null, "addr:postcode": null, "wifi": null, "internet_access:fee": null, "contact:vk": null, "barrier": null, "fuel:biogas": null, "fuel:octane_91": null, "fuel:e85": null, "fuel:e10": null, "fuel:biodiesel": null, "fuel:GTL_diesel": null, "fuel:1_50": null, "fuel:1_25": null, "addr:place": null, "name:hy": null, "fuel:cng": null, "phone": null, "payment:cash": null, "fuel:octane": null, "owner": null, "fuel:HGV_diesel": null, "wheelchair": null, "addr:housenumber": null, "addr:city": null, "payment:debit_cards": null, "payment:visa_electron": null, "payment:visa_debit": null, "payment:visa": null, "payment:mastercard": null, "payment:maestro": null, "payment:credit_cards": null, "website": null, "fuel:octane_80": null, "internet_access": null, "contact:email": null, "compressed_air": null, "brand:wikipedia": null, "name:ru": "Татнефть", "kiosk": null, "brand:wikidata": "Q1616858", "brand:ru": "Татнефть", "brand:en": "Tatneft", "payment:cards": null, "fuel:octane_98": null, "fuel:lpg": null, "fuel:discount": null, "atm": null, "addr:street": null, "fuel:octane_100": "no", "description": null, "toilets": null, "shop": null, "ref": null, "operator": null, "opening_hours": null, "name:en": "Tatneft", "name": "Татнефть", "fuel:octane_95": "yes", "fuel:octane_92": "yes", "fuel:diesel": null, "contact:website": null, "contact:phone": null, "brand": "Татнефть" }, "geometry": { "type": "Point", "coordinates": [ 37.321232, 53.7447613 ] } },
{ "type": "Feature", "properties": { "full_id": "n417799838", "osm_id": "417799838", "osm_type": "node", "amenity": "fuel", "email": null, "cafe": null, "self_service": null, "addr:postcode": null, "wifi": null, "internet_access:fee": null, "contact:vk": null, "barrier": null, "fuel:biogas": null, "fuel:octane_91": null, "fuel:e85": null, "fuel:e10": null, "fuel:biodiesel": null, "fuel:GTL_diesel": null, "fuel:1_50": null, "fuel:1_25": null, "addr:place": null, "name:hy": null, "fuel:cng": null, "phone": null, "payment:cash": null, "fuel:octane": null, "owner": null, "fuel:HGV_diesel": null, "wheelchair": null, "addr:housenumber": null, "addr:city": null, "payment:debit_cards": null, "payment:visa_electron": null, "payment:visa_debit": null, "payment:visa": null, "payment:mastercard": null, "payment:maestro": null, "payment:credit_cards": null, "website": null, "fuel:octane_80": null, "internet_access": null, "contact:email": null, "compressed_air": null, "brand:wikipedia": null, "name:ru": null, "kiosk": null, "brand:wikidata": null, "brand:ru": null, "brand:en": null, "payment:cards": null, "fuel:octane_98": null, "fuel:lpg": "yes", "fuel:discount": null, "atm": null, "addr:street": null, "fuel:octane_100": null, "description": null, "toilets": null, "shop": null, "ref": null, "operator": null, "opening_hours": null, "name:en": null, "name": null, "fuel:octane_95": null, "fuel:octane_92": "yes", "fuel:diesel": "yes", "contact:website": null, "contact:phone": null, "brand": null }, "geometry": { "type": "Point", "coordinates": [ 37.1240326, 53.5641107 ] } },
{ "type": "Feature", "properties": { "full_id": "n417799839", "osm_id": "417799839", "osm_type": "node", "amenity": "fuel", "email": null, "cafe": null, "self_service": null, "addr:postcode": null, "wifi": null, "internet_access:fee": null, "contact:vk": null, "barrier": null, "fuel:biogas": null, "fuel:octane_91": null, "fuel:e85": null, "fuel:e10": null, "fuel:biodiesel": null, "fuel:GTL_diesel": null, "fuel:1_50": null, "fuel:1_25": null, "addr:place": null, "name:hy": null, "fuel:cng": null, "phone": null, "payment:cash": null, "fuel:octane": null, "owner": null, "fuel:HGV_diesel": null, "wheelchair": null, "addr:housenumber": null, "addr:city": null, "payment:debit_cards": null, "payment:visa_electron": null, "payment:visa_debit": null, "payment:visa": null, "payment:mastercard": null, "payment:maestro": null, "payment:credit_cards": null, "website": null, "fuel:octane_80": null, "internet_access": null, "contact:email": null, "compressed_air": null, "brand:wikipedia": null, "name:ru": null, "kiosk": null, "brand:wikidata": null, "brand:ru": null, "brand:en": null, "payment:cards": null, "fuel:octane_98": null, "fuel:lpg": null, "fuel:discount": null, "atm": null, "addr:street": null, "fuel:octane_100": "no", "description": null, "toilets": null, "shop": null, "ref": null, "operator": null, "opening_hours": null, "name:en": null, "name": "«Тулнефть»", "fuel:octane_95": "yes", "fuel:octane_92": "yes", "fuel:diesel": "yes", "contact:website": null, "contact:phone": null, "brand": "«Тулнефть»" }, "geometry": { "type": "Point", "coordinates": [ 37.1509653, 53.5869893 ] } },
{ "type": "Feature", "properties": { "full_id": "n10602825158", "osm_id": "10602825158", "osm_type": "node", "amenity": "fuel", "email": null, "cafe": null, "self_service": null, "addr:postcode": null, "wifi": null, "internet_access:fee": null, "contact:vk": null, "barrier": null, "fuel:biogas": null, "fuel:octane_91": null, "fuel:e85": null, "fuel:e10": null, "fuel:biodiesel": null, "fuel:GTL_diesel": null, "fuel:1_50": null, "fuel:1_25": null, "addr:place": null, "name:hy": null, "fuel:cng": null, "phone": null, "payment:cash": null, "fuel:octane": null, "owner": null, "fuel:HGV_diesel": null, "wheelchair": null, "addr:housenumber": null, "addr:city": null, "payment:debit_cards": null, "payment:visa_electron": null, "payment:visa_debit": null, "payment:visa": null, "payment:mastercard": null, "payment:maestro": null, "payment:credit_cards": null, "website": null, "fuel:octane_80": null, "internet_access": null, "contact:email": null, "compressed_air": null, "brand:wikipedia": null, "name:ru": null, "kiosk": null, "brand:wikidata": null, "brand:ru": null, "brand:en": null, "payment:cards": null, "fuel:octane_98": null, "fuel:lpg": null, "fuel:discount": null, "atm": null, "addr:street": null, "fuel:octane_100": null, "description": null, "toilets": null, "shop": null, "ref": null, "operator": null, "opening_hours": null, "name:en": null, "name": "АГЗС", "fuel:octane_95": null, "fuel:octane_92": null, "fuel:diesel": null, "contact:website": null, "contact:phone": null, "brand": null }, "geometry": { "type": "Point", "coordinates": [ 37.1244585, 53.564324 ] } },
{ "type": "Feature", "properties": { "full_id": "n505379605", "osm_id": "505379605", "osm_type": "node", "amenity": "fuel", "email": null, "cafe": null, "self_service": null, "addr:postcode": null, "wifi": null, "internet_access:fee": null, "contact:vk": null, "barrier": null, "fuel:biogas": null, "fuel:octane_91": null, "fuel:e85": null, "fuel:e10": null, "fuel:biodiesel": null, "fuel:GTL_diesel": null, "fuel:1_50": null, "fuel:1_25": null, "addr:place": null, "name:hy": null, "fuel:cng": null, "phone": null, "payment:cash": null, "fuel:octane": null, "owner": null, "fuel:HGV_diesel": null, "wheelchair": null, "addr:housenumber": null, "addr:city": null, "payment:debit_cards": null, "payment:visa_electron": null, "payment:visa_debit": null, "payment:visa": null, "payment:mastercard": null, "payment:maestro": null, "payment:credit_cards": null, "website": null, "fuel:octane_80": null, "internet_access": null, "contact:email": null, "compressed_air": null, "brand:wikipedia": null, "name:ru": null, "kiosk": null, "brand:wikidata": null, "brand:ru": null, "brand:en": null, "payment:cards": null, "fuel:octane_98": null, "fuel:lpg": null, "fuel:discount": null, "atm": null, "addr:street": null, "fuel:octane_100": null, "description": null, "toilets": null, "shop": null, "ref": null, "operator": null, "opening_hours": null, "name:en": null, "name": "Роснефть", "fuel:octane_95": "yes", "fuel:octane_92": "yes", "fuel:diesel": "yes", "contact:website": null, "contact:phone": null, "brand": null }, "geometry": { "type": "Point", "coordinates": [ 37.6039268, 53.6122949 ] } },
{ "type": "Feature", "properties": { "full_id": "n2934857646", "osm_id": "2934857646", "osm_type": "node", "amenity": "fuel", "email": null, "cafe": null, "self_service": null, "addr:postcode": null, "wifi": null, "internet_access:fee": null, "contact:vk": null, "barrier": null, "fuel:biogas": null, "fuel:octane_91": null, "fuel:e85": null, "fuel:e10": null, "fuel:biodiesel": null, "fuel:GTL_diesel": null, "fuel:1_50": null, "fuel:1_25": null, "addr:place": null, "name:hy": null, "fuel:cng": null, "phone": null, "payment:cash": null, "fuel:octane": null, "owner": null, "fuel:HGV_diesel": null, "wheelchair": null, "addr:housenumber": null, "addr:city": null, "payment:debit_cards": null, "payment:visa_electron": null, "payment:visa_debit": null, "payment:visa": null, "payment:mastercard": null, "payment:maestro": null, "payment:credit_cards": null, "website": null, "fuel:octane_80": null, "internet_access": null, "contact:email": null, "compressed_air": null, "brand:wikipedia": null, "name:ru": null, "kiosk": null, "brand:wikidata": null, "brand:ru": null, "brand:en": null, "payment:cards": null, "fuel:octane_98": null, "fuel:lpg": null, "fuel:discount": null, "atm": null, "addr:street": null, "fuel:octane_100": null, "description": null, "toilets": null, "shop": null, "ref": null, "operator": null, "opening_hours": null, "name:en": null, "name": "Сибирнефть", "fuel:octane_95": "yes", "fuel:octane_92": "yes", "fuel:diesel": "yes", "contact:website": null, "contact:phone": null, "brand": null }, "geometry": { "type": "Point", "coordinates": [ 37.5986856, 53.6159326 ] } },
{ "type": "Feature", "properties": { "full_id": "n2934857649", "osm_id": "2934857649", "osm_type": "node", "amenity": "fuel", "email": null, "cafe": null, "self_service": null, "addr:postcode": null, "wifi": null, "internet_access:fee": null, "contact:vk": null, "barrier": null, "fuel:biogas": null, "fuel:octane_91": null, "fuel:e85": null, "fuel:e10": null, "fuel:biodiesel": null, "fuel:GTL_diesel": null, "fuel:1_50": null, "fuel:1_25": null, "addr:place": null, "name:hy": null, "fuel:cng": null, "phone": null, "payment:cash": null, "fuel:octane": null, "owner": null, "fuel:HGV_diesel": null, "wheelchair": null, "addr:housenumber": null, "addr:city": null, "payment:debit_cards": null, "payment:visa_electron": null, "payment:visa_debit": null, "payment:visa": null, "payment:mastercard": null, "payment:maestro": null, "payment:credit_cards": null, "website": null, "fuel:octane_80": null, "internet_access": null, "contact:email": null, "compressed_air": null, "brand:wikipedia": null, "name:ru": null, "kiosk": null, "brand:wikidata": null, "brand:ru": null, "brand:en": null, "payment:cards": null, "fuel:octane_98": null, "fuel:lpg": "yes", "fuel:discount": null, "atm": null, "addr:street": null, "fuel:octane_100": null, "description": null, "toilets": null, "shop": null, "ref": null, "operator": null, "opening_hours": null, "name:en": null, "name": "Эталон газ", "fuel:octane_95": "no", "fuel:octane_92": "no", "fuel:diesel": "no", "contact:website": null, "contact:phone": null, "brand": null }, "geometry": { "type": "Point", "coordinates": [ 37.6017223, 53.6125507 ] } },
{ "type": "Feature", "properties": { "full_id": "n399409805", "osm_id": "399409805", "osm_type": "node", "amenity": "fuel", "email": null, "cafe": null, "self_service": null, "addr:postcode": null, "wifi": null, "internet_access:fee": null, "contact:vk": null, "barrier": null, "fuel:biogas": null, "fuel:octane_91": null, "fuel:e85": null, "fuel:e10": null, "fuel:biodiesel": null, "fuel:GTL_diesel": null, "fuel:1_50": null, "fuel:1_25": null, "addr:place": null, "name:hy": null, "fuel:cng": null, "phone": null, "payment:cash": null, "fuel:octane": null, "owner": null, "fuel:HGV_diesel": null, "wheelchair": null, "addr:housenumber": null, "addr:city": null, "payment:debit_cards": null, "payment:visa_electron": null, "payment:visa_debit": null, "payment:visa": null, "payment:mastercard": null, "payment:maestro": null, "payment:credit_cards": null, "website": null, "fuel:octane_80": null, "internet_access": null, "contact:email": null, "compressed_air": null, "brand:wikipedia": null, "name:ru": "Роснефть", "kiosk": "yes", "brand:wikidata": "Q1141123", "brand:ru": "Роснефть", "brand:en": "Rosneft", "payment:cards": null, "fuel:octane_98": null, "fuel:lpg": "no", "fuel:discount": null, "atm": null, "addr:street": null, "fuel:octane_100": "no", "description": null, "toilets": null, "shop": null, "ref": null, "operator": "Роснефть", "opening_hours": null, "name:en": "Rosneft", "name": "Роснефть", "fuel:octane_95": "yes", "fuel:octane_92": "yes", "fuel:diesel": "yes", "contact:website": null, "contact:phone": null, "brand": "Роснефть" }, "geometry": { "type": "Point", "coordinates": [ 36.7668428, 53.4022689 ] } },
{ "type": "Feature", "properties": { "full_id": "n399409807", "osm_id": "399409807", "osm_type": "node", "amenity": "fuel", "email": null, "cafe": null, "self_service": null, "addr:postcode": null, "wifi": null, "internet_access:fee": null, "contact:vk": null, "barrier": null, "fuel:biogas": null, "fuel:octane_91": null, "fuel:e85": null, "fuel:e10": null, "fuel:biodiesel": null, "fuel:GTL_diesel": null, "fuel:1_50": null, "fuel:1_25": null, "addr:place": null, "name:hy": null, "fuel:cng": null, "phone": null, "payment:cash": null, "fuel:octane": null, "owner": null, "fuel:HGV_diesel": null, "wheelchair": null, "addr:housenumber": null, "addr:city": null, "payment:debit_cards": null, "payment:visa_electron": null, "payment:visa_debit": null, "payment:visa": null, "payment:mastercard": null, "payment:maestro": null, "payment:credit_cards": null, "website": null, "fuel:octane_80": null, "internet_access": null, "contact:email": null, "compressed_air": null, "brand:wikipedia": null, "name:ru": "Роснефть", "kiosk": "yes", "brand:wikidata": "Q1141123", "brand:ru": "Роснефть", "brand:en": "Rosneft", "payment:cards": null, "fuel:octane_98": null, "fuel:lpg": "no", "fuel:discount": null, "atm": null, "addr:street": null, "fuel:octane_100": "no", "description": null, "toilets": null, "shop": null, "ref": null, "operator": "Роснефть", "opening_hours": null, "name:en": "Rosneft", "name": "Роснефть", "fuel:octane_95": "yes", "fuel:octane_92": "yes", "fuel:diesel": "yes", "contact:website": null, "contact:phone": null, "brand": "Роснефть" }, "geometry": { "type": "Point", "coordinates": [ 36.8095183, 53.435944 ] } },
{ "type": "Feature", "properties": { "full_id": "n417800835", "osm_id": "417800835", "osm_type": "node", "amenity": "fuel", "email": null, "cafe": null, "self_service": null, "addr:postcode": null, "wifi": null, "internet_access:fee": null, "contact:vk": null, "barrier": null, "fuel:biogas": null, "fuel:octane_91": null, "fuel:e85": null, "fuel:e10": null, "fuel:biodiesel": null, "fuel:GTL_diesel": null, "fuel:1_50": null, "fuel:1_25": null, "addr:place": null, "name:hy": null, "fuel:cng": null, "phone": null, "payment:cash": null, "fuel:octane": null, "owner": null, "fuel:HGV_diesel": null, "wheelchair": null, "addr:housenumber": null, "addr:city": null, "payment:debit_cards": null, "payment:visa_electron": null, "payment:visa_debit": null, "payment:visa": null, "payment:mastercard": null, "payment:maestro": null, "payment:credit_cards": null, "website": null, "fuel:octane_80": null, "internet_access": null, "contact:email": null, "compressed_air": null, "brand:wikipedia": "en:Gazprom Neft", "name:ru": null, "kiosk": null, "brand:wikidata": "Q1461799", "brand:ru": null, "brand:en": null, "payment:cards": null, "fuel:octane_98": null, "fuel:lpg": null, "fuel:discount": null, "atm": null, "addr:street": null, "fuel:octane_100": null, "description": null, "toilets": null, "shop": null, "ref": null, "operator": null, "opening_hours": null, "name:en": null, "name": "Газпром", "fuel:octane_95": "yes", "fuel:octane_92": "yes", "fuel:diesel": "yes", "contact:website": null, "contact:phone": null, "brand": "Газпромнефть" }, "geometry": { "type": "Point", "coordinates": [ 37.4266352, 53.8471182 ] } },
{ "type": "Feature", "properties": { "full_id": "n417805637", "osm_id": "417805637", "osm_type": "node", "amenity": "fuel", "email": null, "cafe": null, "self_service": null, "addr:postcode": null, "wifi": null, "internet_access:fee": null, "contact:vk": null, "barrier": null, "fuel:biogas": null, "fuel:octane_91": null, "fuel:e85": null, "fuel:e10": null, "fuel:biodiesel": null, "fuel:GTL_diesel": null, "fuel:1_50": null, "fuel:1_25": null, "addr:place": null, "name:hy": null, "fuel:cng": null, "phone": null, "payment:cash": null, "fuel:octane": null, "owner": null, "fuel:HGV_diesel": null, "wheelchair": null, "addr:housenumber": null, "addr:city": null, "payment:debit_cards": null, "payment:visa_electron": null, "payment:visa_debit": null, "payment:visa": null, "payment:mastercard": null, "payment:maestro": null, "payment:credit_cards": null, "website": null, "fuel:octane_80": null, "internet_access": null, "contact:email": null, "compressed_air": null, "brand:wikipedia": null, "name:ru": null, "kiosk": null, "brand:wikidata": null, "brand:ru": null, "brand:en": null, "payment:cards": null, "fuel:octane_98": null, "fuel:lpg": "yes", "fuel:discount": null, "atm": null, "addr:street": null, "fuel:octane_100": null, "description": null, "toilets": null, "shop": null, "ref": null, "operator": null, "opening_hours": null, "name:en": null, "name": "АЗС 216 км", "fuel:octane_95": "yes", "fuel:octane_92": "yes", "fuel:diesel": null, "contact:website": null, "contact:phone": null, "brand": null }, "geometry": { "type": "Point", "coordinates": [ 37.4871432, 53.9515514 ] } },
{ "type": "Feature", "properties": { "full_id": "n777373407", "osm_id": "777373407", "osm_type": "node", "amenity": "fuel", "email": null, "cafe": null, "self_service": null, "addr:postcode": null, "wifi": null, "internet_access:fee": null, "contact:vk": null, "barrier": null, "fuel:biogas": null, "fuel:octane_91": null, "fuel:e85": null, "fuel:e10": null, "fuel:biodiesel": null, "fuel:GTL_diesel": null, "fuel:1_50": null, "fuel:1_25": null, "addr:place": null, "name:hy": null, "fuel:cng": null, "phone": null, "payment:cash": null, "fuel:octane": null, "owner": null, "fuel:HGV_diesel": null, "wheelchair": null, "addr:housenumber": null, "addr:city": null, "payment:debit_cards": null, "payment:visa_electron": null, "payment:visa_debit": null, "payment:visa": null, "payment:mastercard": null, "payment:maestro": null, "payment:credit_cards": null, "website": null, "fuel:octane_80": null, "internet_access": null, "contact:email": null, "compressed_air": null, "brand:wikipedia": null, "name:ru": null, "kiosk": null, "brand:wikidata": null, "brand:ru": null, "brand:en": null, "payment:cards": null, "fuel:octane_98": null, "fuel:lpg": null, "fuel:discount": null, "atm": null, "addr:street": null, "fuel:octane_100": null, "description": null, "toilets": null, "shop": null, "ref": null, "operator": null, "opening_hours": null, "name:en": null, "name": "Нефто", "fuel:octane_95": null, "fuel:octane_92": null, "fuel:diesel": null, "contact:website": null, "contact:phone": null, "brand": null }, "geometry": { "type": "Point", "coordinates": [ 37.954221, 54.745745 ] } },
{ "type": "Feature", "properties": { "full_id": "n1118023825", "osm_id": "1118023825", "osm_type": "node", "amenity": "fuel", "email": null, "cafe": null, "self_service": null, "addr:postcode": null, "wifi": null, "internet_access:fee": null, "contact:vk": null, "barrier": null, "fuel:biogas": null, "fuel:octane_91": null, "fuel:e85": null, "fuel:e10": null, "fuel:biodiesel": null, "fuel:GTL_diesel": null, "fuel:1_50": null, "fuel:1_25": null, "addr:place": null, "name:hy": null, "fuel:cng": null, "phone": null, "payment:cash": null, "fuel:octane": null, "owner": null, "fuel:HGV_diesel": null, "wheelchair": null, "addr:housenumber": null, "addr:city": null, "payment:debit_cards": null, "payment:visa_electron": null, "payment:visa_debit": null, "payment:visa": null, "payment:mastercard": null, "payment:maestro": null, "payment:credit_cards": null, "website": null, "fuel:octane_80": null, "internet_access": null, "contact:email": null, "compressed_air": null, "brand:wikipedia": null, "name:ru": null, "kiosk": null, "brand:wikidata": null, "brand:ru": null, "brand:en": null, "payment:cards": null, "fuel:octane_98": null, "fuel:lpg": null, "fuel:discount": null, "atm": null, "addr:street": null, "fuel:octane_100": null, "description": null, "toilets": null, "shop": null, "ref": null, "operator": null, "opening_hours": null, "name:en": null, "name": null, "fuel:octane_95": null, "fuel:octane_92": null, "fuel:diesel": null, "contact:website": null, "contact:phone": null, "brand": null }, "geometry": { "type": "Point", "coordinates": [ 36.8465586, 53.4474332 ] } },
{ "type": "Feature", "properties": { "full_id": "n1436244758", "osm_id": "1436244758", "osm_type": "node", "amenity": "fuel", "email": null, "cafe": null, "self_service": null, "addr:postcode": null, "wifi": null, "internet_access:fee": null, "contact:vk": null, "barrier": null, "fuel:biogas": null, "fuel:octane_91": null, "fuel:e85": null, "fuel:e10": null, "fuel:biodiesel": null, "fuel:GTL_diesel": null, "fuel:1_50": null, "fuel:1_25": null, "addr:place": null, "name:hy": null, "fuel:cng": null, "phone": null, "payment:cash": null, "fuel:octane": null, "owner": null, "fuel:HGV_diesel": null, "wheelchair": null, "addr:housenumber": null, "addr:city": null, "payment:debit_cards": null, "payment:visa_electron": null, "payment:visa_debit": null, "payment:visa": null, "payment:mastercard": null, "payment:maestro": null, "payment:credit_cards": null, "website": null, "fuel:octane_80": null, "internet_access": null, "contact:email": null, "compressed_air": null, "brand:wikipedia": null, "name:ru": null, "kiosk": null, "brand:wikidata": null, "brand:ru": null, "brand:en": null, "payment:cards": null, "fuel:octane_98": null, "fuel:lpg": null, "fuel:discount": null, "atm": null, "addr:street": null, "fuel:octane_100": null, "description": null, "toilets": null, "shop": null, "ref": null, "operator": null, "opening_hours": null, "name:en": null, "name": null, "fuel:octane_95": null, "fuel:octane_92": null, "fuel:diesel": null, "contact:website": null, "contact:phone": null, "brand": null }, "geometry": { "type": "Point", "coordinates": [ 38.1709806, 53.9708253 ] } },
{ "type": "Feature", "properties": { "full_id": "n4384421400", "osm_id": "4384421400", "osm_type": "node", "amenity": null, "email": null, "cafe": null, "self_service": null, "addr:postcode": null, "wifi": null, "internet_access:fee": null, "contact:vk": null, "barrier": "gate", "fuel:biogas": null, "fuel:octane_91": null, "fuel:e85": null, "fuel:e10": null, "fuel:biodiesel": null, "fuel:GTL_diesel": null, "fuel:1_50": null, "fuel:1_25": null, "addr:place": null, "name:hy": null, "fuel:cng": null, "phone": null, "payment:cash": null, "fuel:octane": null, "owner": null, "fuel:HGV_diesel": null, "wheelchair": null, "addr:housenumber": null, "addr:city": null, "payment:debit_cards": null, "payment:visa_electron": null, "payment:visa_debit": null, "payment:visa": null, "payment:mastercard": null, "payment:maestro": null, "payment:credit_cards": null, "website": null, "fuel:octane_80": null, "internet_access": null, "contact:email": null, "compressed_air": null, "brand:wikipedia": null, "name:ru": null, "kiosk": null, "brand:wikidata": null, "brand:ru": null, "brand:en": null, "payment:cards": null, "fuel:octane_98": null, "fuel:lpg": null, "fuel:discount": null, "atm": null, "addr:street": null, "fuel:octane_100": null, "description": null, "toilets": null, "shop": null, "ref": null, "operator": null, "opening_hours": null, "name:en": null, "name": null, "fuel:octane_95": null, "fuel:octane_92": null, "fuel:diesel": null, "contact:website": null, "contact:phone": null, "brand": null }, "geometry": { "type": "Point", "coordinates": [ 37.3227335, 53.9296769 ] } },
{ "type": "Feature", "properties": { "full_id": "n5801123947", "osm_id": "5801123947", "osm_type": "node", "amenity": "fuel", "email": null, "cafe": null, "self_service": null, "addr:postcode": null, "wifi": null, "internet_access:fee": null, "contact:vk": null, "barrier": null, "fuel:biogas": null, "fuel:octane_91": null, "fuel:e85": null, "fuel:e10": null, "fuel:biodiesel": null, "fuel:GTL_diesel": null, "fuel:1_50": null, "fuel:1_25": null, "addr:place": null, "name:hy": null, "fuel:cng": null, "phone": null, "payment:cash": null, "fuel:octane": null, "owner": null, "fuel:HGV_diesel": null, "wheelchair": null, "addr:housenumber": null, "addr:city": null, "payment:debit_cards": null, "payment:visa_electron": "yes", "payment:visa_debit": "yes", "payment:visa": "yes", "payment:mastercard": "yes", "payment:maestro": "yes", "payment:credit_cards": "yes", "website": null, "fuel:octane_80": null, "internet_access": null, "contact:email": null, "compressed_air": null, "brand:wikipedia": null, "name:ru": null, "kiosk": null, "brand:wikidata": null, "brand:ru": null, "brand:en": null, "payment:cards": null, "fuel:octane_98": "yes", "fuel:lpg": null, "fuel:discount": null, "atm": null, "addr:street": null, "fuel:octane_100": null, "description": null, "toilets": null, "shop": null, "ref": null, "operator": null, "opening_hours": "24/7", "name:en": null, "name": null, "fuel:octane_95": "yes", "fuel:octane_92": null, "fuel:diesel": "yes", "contact:website": null, "contact:phone": null, "brand": null }, "geometry": { "type": "Point", "coordinates": [ 37.5101416, 54.4663432 ] } }
]
}
